"Parsha","Sheet Title","Source Index","Ref","Hebrew Text","English Text","Comment"
"Shemos","חק לישראל - פרשת שמות יום ראשון","1","","<h1><b>תורה</b></h1>","",""
"Shemos","חק לישראל - פרשת שמות יום ראשון","2","","<small>יכוין בקריאת ששה פסוקים אלו שהם כנגד וֵ דמילוי יו''ד דשם ב''ן להשאיר בו הארה מתוספת נשמה משבת שעברה:</small>","",""
"Shemos","חק לישראל - פרשת שמות יום ראשון","3","Exodus 1:1-6","<div>א (<small>א</small>) וְאֵ֗לֶּה שְׁמוֹת֙ בְּנֵ֣י יִשְׂרָאֵ֔ל הַבָּאִ֖ים מִצְרָ֑יְמָה אֵ֣ת יַעֲקֹ֔ב אִ֥ישׁ וּבֵית֖וֹ בָּֽאוּ׃</div><div><small>וְאִלֵין שְׁמָהַת בְּנֵי יִשְׂרָאֵל דְעַלוּ לְמִצְרָיִם עִם יַעֲקֹב גְבַר וֶאֱנַשׁ בֵּיתֵהּ עַלוּ:</small></div><div>(<small>ב</small>) רְאוּבֵ֣ן שִׁמְע֔וֹן לֵוִ֖י וִיהוּדָֽה׃</div><div><small>רְאוּבֵן שִׁמְעוֹן לֵוִי וִיהוּדָה:</small></div><div>(<small>ג</small>) יִשָּׂשכָ֥ר זְבוּלֻ֖ן וּבִנְיָמִֽן׃</div><div><small>יִשָּׂשׂכָר זְבוּלֻן וּבִנְיָמִין:</small></div><div>(<small>ד</small>) דָּ֥ן וְנַפְתָּלִ֖י גָּ֥ד וְאָשֵֽׁר׃</div><div><small>דָן וְנַפְתָּלִי גָד וְאָשֵׁר:</small></div><div>(<small>ה</small>) וַֽיְהִ֗י כׇּל־נֶ֛פֶשׁ יֹצְאֵ֥י יֶֽרֶךְ־יַעֲקֹ֖ב שִׁבְעִ֣ים נָ֑פֶשׁ וְיוֹסֵ֖ף הָיָ֥ה בְמִצְרָֽיִם׃</div><div><small>וַהֲוָה כָּל נַפְשָׁתָא נַפְקֵי יַרְכָּא דְיַעֲקֹב שַׁבְעִין נַפְשָׁן וְיוֹסֵף <b>דַהֲוָה</b> בְּמִצְרָיִם:</small></div><div>(<small>ו</small>) וַיָּ֤מׇת יוֹסֵף֙ וְכׇל־אֶחָ֔יו וְכֹ֖ל הַדּ֥וֹר הַהֽוּא׃</div><div><small>וּמִית יוֹסֵף וְכָל אַחוֹהִי וְכֹל דָרָא הַהוּא:</small></div>","<div>1 (1) NOW these are the names of the children of Yisra᾽el who came into Miżrayim, with Ya῾aqov; every man came with his household.</div><div>(2) Re᾽uven, Shim῾on, Levi, and Yehuda;</div><div>(3) Yissakhar, Zevulun, and Binyamin;</div><div>(4) Dan, Naftali, Gad, and Asher.</div><div>(5) And all the souls that came out of the loins of Ya῾aqov were seventy souls: for Yosef was already in Miżrayim.</div><div>(6) And Yosef died, and all his brethren, and all that generation.</div>",""
"Shemos","חק לישראל - פרשת שמות יום ראשון","4","","<h1><b>נביאים</b></h1>","",""
"Shemos","חק לישראל - פרשת שמות יום ראשון","5","Isaiah 27:6-11","<div>כז (<small>ו</small>) הַבָּאִים֙ יַשְׁרֵ֣שׁ יַֽעֲקֹ֔ב יָצִ֥יץ וּפָרַ֖ח יִשְׂרָאֵ֑ל וּמָלְא֥וּ פְנֵי־תֵבֵ֖ל תְּנוּבָֽה׃ <span class=""mam-spi-pe"">{פ}</span> </div><div><small>יִתְכַּנְשׁוּן מִבֵּינֵי גַלְוַתְהוֹן וִיתוּבוּן לְאַרְעֲהוֹן תַּמָן יִתְיְלִידוּן דְבֵית יַעֲקֹב יִפְשׁוּן וְיִסְגוּן דְבֵית יִשְׂרָאֵל וְיִמְלוּן אַפֵי תֵבֵל בְּנֵי בְנִין:</small></div><div>(<small>ז</small>) הַכְּמַכַּ֥ת מַכֵּ֖הוּ הִכָּ֑הוּ אִם־כְּהֶ֥רֶג הֲרֻגָ֖יו הֹרָֽג׃</div><div><small>הַכְּמַחְתָּא דַהֲוָה מָחֵי מָחוֹהִי אִם כִּקְטוֹל קְטִילוֹהִי יִתְקְטֵיל:</small></div><div>(<small>ח</small>) בְּסַאסְּאָ֖ה בְּשַׁלְחָ֣הּ תְּרִיבֶ֑נָּה הָגָ֛ה בְּרוּח֥וֹ הַקָּשָׁ֖ה בְּי֥וֹם קָדִֽים׃</div><div><small>בְּסָאתָא דַהֲוֵיתָא כְאֵיל בָּהּ יְכִילוּן לָךְ דַהֲוֵיתָא שָׁלַח וּמֵעִיק לְהוֹן הֲגֵי עֲלֵיהוֹן בְמִלָא מַתְקֵיף עֲלֵיהוֹן בְּיוֹם לְוָט:</small></div><div>(<small>ט</small>) לָכֵ֗ן בְּזֹאת֙ יְכֻפַּ֣ר עֲוֺֽן־יַעֲקֹ֔ב וְזֶ֕ה כׇּל־פְּרִ֖י הָסִ֣ר חַטָּאת֑וֹ בְּשׂוּמ֣וֹ <b>׀</b> כׇּל־אַבְנֵ֣י מִזְבֵּ֗חַ כְּאַבְנֵי־גִר֙ מְנֻפָּצ֔וֹת לֹא־יָקֻ֥מוּ אֲשֵׁרִ֖ים וְחַמָּנִֽים׃</div><div><small>בְּכֵן בְּדָא יִשְׁתְּבֵיקוּן חוֹבַי בֵּית יַעֲקֹב וְדֵין כָּל עוֹבָדֵי אַסְטִיוּת חוֹבוֹהִי בְּשַׁוְיוּתֵהּ כָּל אַבְנֵי אֱגוֹרָא כְּאַבְנָא גִיר מְנַפְצָן לָא יִתְקַיְמוּן אֲשֵׁרַיָא וְחַנִסְנְסַיָא:</small></div><div>(<small>י</small>) כִּ֣י עִ֤יר בְּצוּרָה֙ בָּדָ֔ד נָוֶ֕ה מְשֻׁלָּ֥ח וְנֶעֱזָ֖ב כַּמִּדְבָּ֑ר שָׁ֣ם יִרְעֶ֥ה עֵ֛גֶל וְשָׁ֥ם יִרְבָּ֖ץ וְכִלָּ֥ה סְעִפֶֽיהָ׃</div><div><small>אֲרֵי קַרְתָּא דַהֲוָת כְּרִיכָא בִּלְחוֹדָא תִּתַב תְּהֵא מְטַלְטְלָא וּשְׁבִיקָא כְּמַדְבְּרָא בָּהּ יְגִיחוּן צַדִיקַיָא וְיִבְזוּן יַת נִכְסָהָא וִיסוּפוּן מַשִׁרְיָתָהָא מִלְמִפָּק:</small></div><div>(<small>יא</small>) בִּיבֹ֤שׁ קְצִירָהּ֙ תִּשָּׁבַ֔רְנָה נָשִׁ֕ים בָּא֖וֹת מְאִיר֣וֹת אוֹתָ֑הּ כִּ֣י לֹ֤א עַם־בִּינוֹת֙ ה֔וּא עַל־כֵּן֙ לֹא־יְרַחֲמֶ֣נּוּ עֹשֵׂ֔הוּ וְיֹצְר֖וֹ לֹ֥א יְחֻנֶּֽנּוּ׃ <span class=""mam-spi-pe"">{פ}</span> </div><div><small>יִתְקַצַר חֵילֵיהוֹן וְיִבְהֲתוּן בְּעוֹבְדֵיהוֹן יִתַּבְּרוּן נְשַׁיָא עָלָן לְבֵית דְחַלְתְּהוֹן וּמַלְפָן יַתְהוֹן אֲרֵי לָא עַם סוּכְלְתָן אִינוּן עַל כֵּן לָא יְרַחֵם עֲלֵיהוֹן דְעַבְדִינוּן וּדְבָרָנוּן לָא יָחוּס עֲלֵיהוֹן:</small></div>","<div>27 (6) In days to come Ya῾aqov shall take root: Yisra᾽el shall blossom and bud, and the face of the world shall be filled with fruit.</div><div>(7) Has he smitten him, as he smote those that smote him? or is he slain according to the slaughter of them that are slain by him?</div><div>(8) By measure, by exile, thou didst contend with them; he removed her by his rough blast in the day of the east wind.</div><div>(9) By this therefore shall the iniquity of Ya῾aqov be atoned; and this is all the fruit to take away his sin; when he makes all the stones of the altar as chalkstones that are beaten in sunder, the asherim and sun images shall not remain standing.</div><div>(10) Yet the fortified city shall be solitary, and the habitation forsaken, and left like a wilderness: there shall the calf feed, and there shall he lie down, and consume its branches.</div><div>(11) When its boughs are withered, they shall be broken off: the women shall come, and set them on fire: for it is a people of no understanding: therefore he that made them will not have mercy on them, and he that formed them will show them no favour.</div>",""
"Shemos","חק לישראל - פרשת שמות יום ראשון","6","","<h1><b>כתובים</b></h1>","",""
"Shemos","חק לישראל - פרשת שמות יום ראשון","7","Proverbs 11:25-30","<div>יא (<small>כה</small>) נֶֽפֶשׁ־בְּרָכָ֥ה תְדֻשָּׁ֑ן וּ֝מַרְוֶ֗ה גַּם־ה֥וּא יוֹרֶֽא׃</div><div><small>נַפְשָׁא דְבִרְכְּתָא תִדְהַן וּמַן דִמְאַלֵף אַף הוּא יֵלִיף:</small></div><div>(<small>כו</small>) מֹ֣נֵֽעַ בָּ֭ר יִקְּבֻ֣הוּ לְא֑וֹם וּ֝בְרָכָ֗ה לְרֹ֣אשׁ מַשְׁבִּֽיר׃</div><div><small>מַן דְכָלֵא עִבּוּרָא בְּאוּלְצָנָא נִשְׁבְּקוּנֵיהּ לִבְעֵל דְבָבוֹי וּבִרְכְּתָא תֶהֱוֵי לְאִנָא דִמְזַבֵּן:</small></div><div>(<small>כז</small>) שֹׁ֣חֵֽר ט֭וֹב יְבַקֵּ֣שׁ רָצ֑וֹן וְדֹרֵ֖שׁ רָעָ֣ה תְבוֹאֶֽנּוּ׃</div><div><small>דְמַקְדִים טָבְתָא בָּעֵי צִבְיָנָא וְתָבֵעַ בִּישְׁתָּא אָתְיָא עֲלוֹי:</small></div><div>(<small>כח</small>) בּוֹטֵ֣חַ בְּ֭עׇשְׁרוֹ ה֣וּא יִפּ֑וֹל וְ֝כֶעָלֶ֗ה צַדִּיקִ֥ים יִפְרָֽחוּ׃</div><div><small>דִמְסַבֵּר בְּעוּתְרֵיהּ הוּא נָפֵל וְאֵיךְ טַרְפָא צַדִיקֵי מַפְרְחִין:</small></div><div>(<small>כט</small>) עֹכֵ֣ר בֵּ֭יתוֹ יִנְחַל־ר֑וּחַ וְעֶ֥בֶד אֱ֝וִ֗יל לַֽחֲכַם־לֵֽב׃</div><div><small>עָכֵר בֵּיתֵיהּ יֵרֵית פָּחֲתָא וְסִכְלָא יֶהֱוֵי עַבְדָא לְחַכִּים לִבָּא:</small></div><div>(<small>ל</small>) פְּֽרִי־צַ֭דִּיק עֵ֣ץ חַיִּ֑ים וְלֹקֵ֖חַ נְפָשׁ֣וֹת חָכָֽם׃</div><div><small>פֵּרוֹי דְצַדִיקָא אִילָנָא דְחַיֵי וּמְקַבְּלָנוּתָא דְנַפְשֵׁי חָכְמְתָא:</small></div>","<div>11 (25) The liberal soul shall be made rich: and he who waters shall be nourished also himself.</div><div>(26) He who holds back corn, the people shall curse him: but blessing shall be upon the head of him who sells freely.</div><div>(27) He who diligently seeks good procures favour: but he who seeks mischief, it shall come to him.</div><div>(28) He who trusts in his riches shall fall: but the righteous shall flourish like foliage.</div><div>(29) He who troubles his own house shall inherit wind: and the fool shall be servant to the wise of heart.</div><div>(30) The fruit of the righteous is a tree of life; and he that wins souls is wise.</div>",""
"Shemos","חק לישראל - פרשת שמות יום ראשון","8","","<h1><b>משנה</b></h1>","",""
"Shemos","חק לישראל - פרשת שמות יום ראשון","9","Mishnah Peah 4","<div>א. הַפֵּאָה נִתֶּנֶת בִּמְחֻבָּר לַקַּרְקָע. בְּדָלִית וּבְדֶקֶל, בַּעַל הַבַּיִת מוֹרִיד וּמְחַלֵּק לָעֲנִיִּים. רַבִּי שִׁמְעוֹן אוֹמֵר, אַף בַּחֲלִיקֵי אֱגוֹזִים. אֲפִלּוּ תִשְׁעִים וְתִשְׁעָה אוֹמְרִים לְחַלֵּק וְאֶחָד אוֹמֵר לָבוֹז, לָזֶה שׁוֹמְעִין, שֶׁאָמַר כַּהֲלָכָה: 
</div><div>ב. בְּדָלִית וּבְדֶקֶל אֵינוֹ כֵן, אֲפִלּוּ תִשְׁעִים וְתִשְׁעָה אוֹמְרִים לָבוֹז וְאֶחָד אוֹמֵר לְחַלֵּק, לָזֶה שׁוֹמְעִין, שֶׁאָמַר כַּהֲלָכָה: 
</div><div>ג. נָטַל מִקְצָת פֵּאָה וּזְרָקָהּ עַל הַשְּׁאָר, אֵין לוֹ בָהּ כְּלוּם. נָפַל לוֹ עָלֶיהָ, וּפֵרֵשׂ טַלִּיתוֹ עָלֶיהָ, מַעֲבִירִין אוֹתָהּ הֵימֶנּוּ. וְכֵן בְּלֶקֶט, וְכֵן בְּעֹמֶר הַשִּׁכְחָה: 
</div><div>ד. פֵּאָה אֵין קוֹצְרִין אוֹתָהּ בְּמַגָּלוֹת, וְאֵין עוֹקְרִין אוֹתָהּ בְּקַרְדֻּמּוֹת, כְּדֵי שֶׁלֹּא יַכּוּ אִישׁ אֶת רֵעֵהוּ: 
</div><div>ה. שָׁלשׁ אַבְעָיוֹת בַּיּוֹם, בַּשַּׁחַר וּבַחֲצוֹת וּבַמִּנְחָה. רַבָּן גַּמְלִיאֵל אוֹמֵר, לֹא אָמְרוּ אֶלָּא כְּדֵי שֶׁלֹּא יִפְחֲתוּ. רַבִּי עֲקִיבָא אוֹמֵר, לֹא אָמְרוּ אֶלָּא כְּדֵי שֶׁלֹּא יוֹסִיפוּ. שֶׁל בֵּית נָמֵר הָיוּ מְלַקְּטִין עַל הַחֶבֶל, וְנוֹתְנִים פֵּאָה מִכָּל אֻמָּן וְאֻמָּן: 
</div><div>ו. עוֹבֵד כּוֹכָבִים שֶׁקָּצַר אֶת שָׂדֵהוּ וְאַחַר כָּךְ נִתְגַּיֵּר, פָּטוּר מִן הַלֶּקֶט וּמִן הַשִּׁכְחָה וּמִן הַפֵּאָה. רַבִּי יְהוּדָה מְחַיֵּב בְּשִׁכְחָה, שֶׁאֵין הַשִּׁכְחָה אֶלָּא בִשְׁעַת הָעִמּוּר: 
</div><div>ז. הִקְדִּישׁ קָמָה וּפָדָה קָמָה, חַיָּב. עֳמָרִין וּפָדָה עֳמָרִין, חַיָּב. קָמָה וּפָדָה עֳמָרִין, פְּטוּרָה, שֶׁבִּשְׁעַת חוֹבָתָהּ הָיְתָה פְטוּרָה: 
</div><div>ח. כַּיּוֹצֵא בוֹ, הַמַּקְדִּישׁ פֵּרוֹתָיו עַד שֶׁלֹּא בָאוּ לְעוֹנַת הַמַּעַשְׂרוֹת, וּפְדָאָן, חַיָּבִין. מִשֶּׁבָּאוּ לְעוֹנַת הַמַּעַשְׂרוֹת, וּפְדָאָן, חַיָּבִין. הִקְדִּישָׁן עַד שֶׁלֹּא נִגְמְרוּ וּגְמָרָן הַגִּזְבָּר, וְאַחַר כָּךְ פְּדָאָן, פְּטוּרִים, שֶׁבִּשְׁעַת חוֹבָתָן הָיוּ פְטוּרִים: 
</div><div>ט. מִי שֶׁלָּקַט אֶת הַפֵּאָה וְאָמַר הֲרֵי זוֹ לְאִישׁ פְּלוֹנִי עָנִי, רַבִּי אֱלִיעֶזֶר אוֹמֵר, זָכָה לוֹ. וַחֲכָמִים אוֹמְרִים, יִתְּנֶנָּה לֶעָנִי שֶׁנִּמְצָא רִאשׁוֹן. הַלֶּקֶט וְהַשִּׁכְחָה וְהַפֵּאָה שֶׁל עוֹבֵד כּוֹכָבִים חַיָּב בְּמַעַשְׂרוֹת, אֶלָּא אִם כֵּן הִפְקִיר: 
</div><div>י. אֵיזֶהוּ לֶקֶט, הַנּוֹשֵׁר בִּשְׁעַת הַקְּצִירָה. הָיָה קוֹצֵר, קָצַר מְלֹא יָדוֹ, תָּלַשׁ מְלֹא קֻמְצוֹ, הִכָּהוּ קוֹץ וְנָפַל מִיָּדוֹ לָאָרֶץ, הֲרֵי הוּא שֶׁל בַּעַל הַבָּיִת. תּוֹךְ הַיָּד וְתוֹךְ הַמַּגָּל, לָעֲנִיִּים. אַחַר הַיָּד וְאַחַר הַמַּגָּל, לְבַעַל הַבָּיִת. רֹאשׁ הַיָּד וְרֹאשׁ הַמַּגָּל, רַבִּי יִשְׁמָעֵאל אוֹמֵר, לָעֲנִיִּים. רַבִּי עֲקִיבָא אוֹמֵר, לְבַעַל הַבָּיִת: 
</div><div>יא. חוֹרֵי הַנְּמָלִים שֶׁבְּתוֹךְ הַקָּמָה, הֲרֵי הֵן שֶׁל בַּעַל הַבָּיִת. שֶׁלְּאַחַר הַקּוֹצְרִים, הָעֶלְיוֹנִים לָעֲנִיִּים, וְהַתַּחְתּוֹנִים שֶׁל בַּעַל הַבָּיִת. רַבִּי מֵאִיר אוֹמֵר, הַכֹּל לָעֲנִיִּים, שֶׁסְּפֵק לֶקֶט, לֶקֶט: 
</div>","<div>1. Peah is given from [the crop] while it is still connected with the soil. But in the case of hanging vine-branches and the date-palm, the owner brings down [the fruit] and distributes it among the poor. Rabbi Shimon says: the same applies to smooth nut trees. Even if ninety-nine [of the poor] say [to the owner] to distribute it and one says to leave it in the field, this latter is listened to, since he spoke in accordance with the halakhah.</div><div>2. With hanging vine-branches and date-palm trees it is not so; even if ninety-nine [of the poor] say [to the owner] to leave it in the field and one says to distribute it, this latter is listened to, since he spoke in accordance with the halakhah.</div><div>3. If [a poor man] took some of the peah [already collected] and threw it onto the remainder [not yet collected], he gets none of it. If he fell down upon it, or spread his cloak over it, they take the peah away from him. The same applies to gleanings and the forgotten sheaf.</div><div>4. [The poor] may not harvest peah with scythes or tear it out [of the ground] with spades, so that they might not strike one another [with these implements].</div><div>5. There are three times a day [the poor] make a search [in the field for peah]: morning, noon, and sunset. Rabban Gamaliel says: these [times] were only set lest they reduce them. Rabbi Akiva says: these were set lest they add to them. [The men] of Bet Namer used to have the poor harvest [the peah] with the aid of a rope, and they left peah at the end of each furrow.</div><div>6. A non-Jew who harvested his field and then converted, he is exempt from [leaving] gleanings, the forgotten sheaf and peah. Rabbi Judah makes him liable to leave the forgotten sheaf, since he becomes liable for the forgotten sheaf at the time of their binding.</div><div>7. One who dedicated standing grain [to the Temple] and then redeemed it while it was still standing grain, he is liable [to give the agricultural gifts to the poor]. [If he dedicated] sheaves and redeemed them while they were still sheaves, he is liable. [If he dedicated] standing grain and redeemed it [when it was already in] sheaves, he is exempt, since at the time when it became liable it was exempt.</div><div>8. Similarly one who dedicates his produce prior to the stage when they are subject to tithes and then redeemed them, they are liable [to be tithed]. If [he dedicated them] when they had already become subject to tithes and then redeemed them, they are liable [to be tithed]. If he dedicated them before they had ripened, and they became ripe while in the possession of the [Temple] treasurer, and he then redeemed them, they are exempt, since at the time when they would have been liable, they were exempt.</div><div>9. One who collected peah and said, “This is for so-and-so a poor man:” Rabbi Eliezer says: he has thus acquired it for him. The sages say: he must give it to the first poor man he finds. Gleanings, the forgotten sheaf and the peah of non-Jews are subject to tithes, unless he [the non-Jew] had declared them ownerless.</div><div>10. What are gleanings? That which falls down at the time of harvesting. If while he was harvesting, he harvested a handful, or plucked a fistful, and then a thorn pricked him, and what he had in his hand fell to the ground, it still belongs to the owner. [That which drops from] inside the hand or the sickle [belongs] to the poor, but [that which falls from] the back of the hand or the sickle [belongs] to the owner. [That which falls from] the top of the hand or sickle: Rabbi Ishmael says: to the poor; But Rabbi Akiva says: to the owner.</div><div>11. [Grain found in] ant holes where the stalks are still standing, behold it still belongs to the owner. After the harvesters [had passed over them], those found in the top parts [of the ant holes belong] to the poor, but [those found] on the bottom parts [belong] to the owner. Rabbi Meir says: it all belongs to the poor, for gleanings about which there is any doubt are regarded as gleanings.</div>",""
"Shemos","חק לישראל - פרשת שמות יום ראשון","10","","<h1><b>גמרא</b></h1>","",""
"Shemos","חק לישראל - פרשת שמות יום ראשון","11","Berakhot 6b:2-13","אָמַר רָבִין בַּר רַב אַדָּא אָמַר רִבִּי יִצְחָק כָּל הָרָגִיל לָבֹא לְבֵית הַכְּנֶסֶת וְלֹא בָא יוֹם אֶחָד הַקָדוֹשׁ בָּרוּךְ הוּא מַשְׁאִיל בּוֹ שֶׁנֶּאֱמַר (ישעי' נ') מִי בָכֶם יְרֵא ה' שׁוֹמֵעַ בְּקוֹל עַבְדּוֹ אֲשֶׁר הָלַךְ חֲשֵׁכִים וְאֵין נוֹגַהּ לוֹ. אִם לִדְבַר מִצְוָה הָלַךְ נוֹגַה לוֹ וְאִם לִדְבַר הָרְשׁוּת הָלַךְ אֵין נוֹגַה לוֹ. יִבְטַח בְּשֵׁם ה' מַאי טַעְמָא מִשּׁוּם דַּהֲוָה לֵיהּ לִבְטוֹחַ בְּשֵׁם ה' וְלֹא בָטַח. אָמַר רִבִּי יוֹחָנָן בְּשָׁעָה שֶׁהַקָּדוֹשׁ בָּרוּךְ הוּא בָּא בְּבֵית הַכְּנֶסֶת וְלֹא מָצָא בָּהּ עֲשָׂרָה מִיַּד הוּא כוֹעֵס שֶׁנֶּאֱמַר (שם) מַדּוּעַ בָּאתִי וְאֵין אִישׁ קָרָאתִי וְאֵין עוֹנֶה. אָמַר רִבִּי חֲלָבוֹ אָמַר רַב הוּנָא כָּל הַקּוֹבֵעַ מָקוֹם לִתְפִלָּתוֹ אֱלֹהֵי אַבְרָהָם בְּעֶזְרוֹ. וּכְשֶׁמֵת אוֹמְרִים לוֹ אֵי עָנָיו אֵי חָסִיד מִתַּלְמִידָיו שֶׁל אַבְרָהָם אָבִינוּ. וְאַבְרָהָם אָבִינוּ מְנָלַן דְּקָבַע מָקוֹם דִּכְתִיב (בראשית י''ט) וַיַּשְׁכֵּם אַבְרָהָם בַּבֹקֶר אֶל הַמָּקוֹם אֲשֶׁר עָמַד שָׁם וְאֵין עֲמִידָה אֶלָּא תְפִלָּה שֶׁנֶּאֱמַר (תהלים ק''ו) וַיַּעֲמוֹד פִּינְחָס וַיְפַלֵּל. אָמַר רִבִּי חֲלָבוֹ אָמַר רַב הוּנָא הַיּוֹצֵא מִבֵּית הַכְּנֶסֶת אַל יַפְסִיעַ פְּסִיעָה גַסָּה. אָמַר אַבַּיֵי לֹא אֲמָרָן אֶלָּא לְמֵיפַק אֲבָל לְמֵיעַל מִצְוָה לְמִרְהַט שֶׁנֶּאֱמַר (הושע י') נִרְדְּפָה לָדַעַת אֶת ה'. אָמַר רִבִּי זֵירָא מֵרֵישׁ כִּי הֲוָה חֲזֵינָא לְהוּ לְרַבָּנָן דְּקָא רָהֲטֵי לְפִרְקָא בְּשַׁבַּתָּא אֲמֵינָא קָא מְחַלְיָין רַבָּנָן שַׁבַּתָּא. כֵּיוָן דִּשְׁמַעְנָא לְהָא דְרִבִּי תַּנְחוּם אָמַר רִבִּי יְהוֹשֻׁעַ בֶּן לֵוִי לְעוֹלָם יָרוּץ אָדָם לִדְבַר הֲלָכָה וַאֲפִלּוּ בְשַׁבָּת שֶׁנֶּאֱמַר (שם י''א) אַחֲרֵי ה' יֵלְכוּ כְּאַרְיֵה יִשְׁאָג וגו' אֲנָא נַמֵּי רָהִיטְנָא אָמַר רִבִּי זֵירָא אַגְרָא דְפִרְקָא רִיהֲטָא. אָמַר אַבַּיֵי אַגְרָא דְכַלָּה דוֹחֲקָא אָמַר רָבָא אַגְרָא דִשְׁמַעְתָּא סְבָרָא:","<div>Additionally, <b>Ravin bar Rav Adda said</b> that <b>Rabbi Yitzḥak said: One who is accustomed to come to the synagogue and did not come one day, the Holy One, Blessed be He, asks about him,</b> as it were, to determine what happened to him, <b>as it is stated: “Who among you fears the Lord? Who hears the voice of His servant? Though he walks in darkness and has no light,</b> let him trust in the name of the Lord, and rely upon his God” (Isaiah 50:10). In other words, God asks, who among you fears the Lord yet did not come to hear the voice of His servant the prayer leader, who engages in the service of God? He who went out before dawn and walks in darkness before prayer.</div><div><b>If it is for a matter</b> involving <b>a mitzva that he went</b> and absented himself from prayer in the synagogue, then, despite the darkness, <b>there is light for him,</b> the aura of his mitzva will protect him. <b>But if it is for an optional matter,</b> some mundane purpose, <b>that he went</b> and absented himself from prayer in the synagogue, then, even once the day begins, <b>there is no light for him</b> (Maharsha).</div><div>The verse continues: <b>“Let him trust in the name of the Lord.”</b> The Gemara asks: <b>What is the reason</b> that God is so exacting with this person? The Gemara answers: <b>Because he should have relied on the name of the Lord,</b> and trusted that he would not incur any loss if he postponed dealing with his mundane matters until after prayer in the synagogue, <b>and he did not rely</b> on God.</div><div>On this same topic, <b>Rabbi Yoḥanan said: When the Holy One, Blessed be He, enters a synagogue and does not find ten</b> people there, <b>He immediately becomes angry, as it is stated: “Why, when I came, was there no one? When I called, there was no one to answer…</b>Behold, with My rebuke I dry up the sea, I make the rivers a wilderness” (Isaiah 50:2).</div><div>Concerning another aspect of the constancy of prayer, <b>Rabbi Ḥelbo said that Rav Huna said: One who sets a fixed place for his prayer, the God of Abraham assists him.</b> Since prayer parallels the Temple service, it is a sign of respect to set a fixed place for this sacred rite (Rabbi Yoshiyahu Pinto). The God of Abraham assists him because this pious custom evokes Abraham’s conduct.</div><div><b>When he dies,</b> those who eulogize one who set a fixed place for his prayer <b>say about him: “Where is the humble</b> one, <b>where is the pious</b> one, <b>of the disciples of our father Abraham?”</b> Presumably, one who sets a fixed place for prayer is a disciple of Abraham in every respect, including humility and piety (Rabbi Yoshiyahu Pinto).</div><div>The Gemara asks: <b>From where do we</b> derive <b>that Abraham our father set a fixed place</b> for his prayer? The Gemara answers: <b>As it is written: “And Abraham rose in the morning to the place where he had stood</b> before God” (Genesis 19:27), <b>and</b> the verb <b>“standing” means nothing other than prayer, as it is stated: “And Pinehas stood and prayed”</b> (Psalms 106:30).</div><div><b>Rabbi Ḥelbo said</b> that <b>Rav Huna said: One who leaves the synagogue should not take large strides</b> because it creates the impression that he is eager to leave. <b>Abaye</b> explained Rav Huna’s statement and <b>said:</b> This <i>halakha</i> <b>was only said</b> with regard <b>to leaving</b> the synagogue, where large strides seem particularly disrespectful. <b>However,</b> with regard <b>to entering</b> a synagogue, <b>it is a mitzva to run</b> and one is permitted to rush and take large strides (Rabbi Yoshiyahu Pinto). <b>As it is said:</b> “And let us know, <b>eagerly strive to know the Lord”</b> (Hosea 6:3). One who eagerly enters a synagogue displays his enthusiasm to follow the path of God.</div><div><b>Rabbi Zeira said: Initially, when I saw the Sages running to the</b> Rabbi’s <b>lecture on Shabbat, I said: These Sages are desecrating Shabbat.</b> One is prohibited from running on Shabbat in deference to the sanctity of the day. <b>Once I heard that which Rabbi Tanḥum said</b> that <b>Rabbi Yehoshua ben Levi</b> said: <b>One should always run for a matter of <i>halakha</i>, even on Shabbat, as it is stated: “They shall walk after the Lord, who will roar like a lion”</b> (Hosea 11:10). In other words, one should rush as though he were chased by a lion (<i>Birkat Hashem</i>), <b>I too run.</b></div><div><b>Rabbi Zeira said: The reward for</b> attending <b>the lecture is</b> for <b>running.</b> Since most individuals attending the lecture did not fully understand the material taught, the primary reward for attendance was given for their intention to hear the Torah being taught, as evidenced by their rush to arrive.</div><div>Similarly, <b>Abaye said: The reward for</b> attending <b>the <i>kalla</i> is</b> for <b>the crowding.</b> Due to the large crowd, study was difficult, so the primary reward was given for their effort to hear and understand some part of the lecture.</div><div>Similarly, <b>Rava said: The reward for</b> learning the halakhic <b>traditions</b> of the <i>amora’im</i> <b>is</b> for <b>the logical</b> analysis, as the primary reward for studying Talmud was not given for knowing the halakhic conclusions, but for the logical reasoning that led to those conclusions.</div>",""
"Shemos","חק לישראל - פרשת שמות יום ראשון","12","","<h1><b>זוהר</b></h1>","",""
"Shemos","חק לישראל - פרשת שמות יום ראשון","13","Zohar, Shemot 5","תְּלָתָא אִינוּן דְּדַחְיָין שְׁכִינְתָּא מֵעַלְמָא וְגַרְמִין דְּדִיּוּרֵיהּ דְּקֻדְשָׁא בְּרִיךְ הוּא לָא הֲוֵי בְעַלְמָא וּבְנֵי נָשָׁא צַוְוחִין וְלָא אִשְׁתָּמַע קָלֵיהוֹן. וְאִלֵּין אִינוּן. מָאן (ד''ג ע''ב) דְּשָׁכִיב בַּנִּדָּה בְגִין דְּלֵית מְסָאֲבוּ תַּקִיף בְּעַלְמָא בַר מְסָאֲבוּ דְנִדָּה. מְסָאֲבוּ דְנִדָּה קַשְׁיָא מִכָּל מְסָאֲבוּ דְעַלְמָא אִסְתְּאַב אִיהוּ וְכָל דְּמִתְקָרָבִין בַּהֲדֵיהּ יִסְתַּאֲבוּן עִמֵּיהּ. בְּכָל אֲתַר דְּאַזְלִין אִתְדַּחְיָיא שְׁכִינְתָּא מִן קַמָיְיהוּ. וְלָא עוֹד אֶלָּא דְגָרִים מָרְעִין בִּישִׁין עַל גַּרְמֵיהּ וְעַל הַהוּא זַרְעָא דְּיוֹלִיד דְּכֵיוַן דְּיִקְרַב בַר נַשׁ לְגַבֵּי נִדָּה הַהוּא מְסָאֲבוּ דָלִיג עֲלוֹי וְיִשְׁתְּאַר בְּכָל שַׁיְיפִין דִּילֵיה. זַרְעָא דְיוֹלִיד בְּהַהִיא שַׁעְתָּא (ס''א מְסָאֲבוּ) מַשְׁכִין עֲלוֹי רוּחַ מִסְאֲבוּ וְכָל יוֹמוֹי יְהֵא בִמְסָאֲבוּ דְהָא בִּנְיָנָא וִיסוֹדָא דִילֵיהּ אִיהוּ בִמְסָאֲבוּ רַב וְתַקִּיף מִכָּל מִסְאֲבוּ דְעַלְמָא דְמִיַּד דְּקָרַב בַּר נַשׁ לְגַבֵּי נִדָּה הַהוּא מְסָאֲבוּ דָלִיג עֲלוֹי דִּכְתִיב (ויקרא ט''ו) וּתְהִי נִדָּתָה עָלָיו. מָאן דְּשָׁכִיב בְּבַת אֵל נֵכָר דְּאָעִיל בְּרִית קֹדֶשׁ וְאָת קַיָּימָא בִרְשׁוּ אַחֲרָא דִכְתִיב (מלאכי ב') וּבָעַל בַּת אֵל נֵכָר. דְּתָנֵינָן לֵית קִנְאָה קָמֵי קֻדְשָׁא בְרִיךְ הוּא בַר קִנְאָה דִבְרִית קַדִּישָׁא דְאִיהוּ קִיּוּמָא דִשְׁמָא קַדִּישָׁא וְרָזָא דִמְהֵימְנוּתָא. מַה כְּתִיב (במדבר כ''ה) וַיָּחֶל הָעָם לִזְנוֹת אֶל בְּנוֹת מוֹאָב מִיַּד וַיִּחַר אַף יְיָ בְּיִשְׂרָאֵל. רֵישֵׁי עַמָּא דְיַדְעֵי וְלֹא מִחוּ בִידַיְיהוּ אִתְעֲנְשׁוּ בְקַדְמֵיתָא דִכְתִיב קַח אֶת כָּל רָאשֵׁי הָעָם וְהוֹקַּע אוֹתָם לַיָי נֶגֶד הַשָּׁמֶשׁ. רִבִּי אַבָּא אָמַר מָאי נֶגֶד הַשָּׁמֶשׁ נֶגֶד הַבְּרִית דְּאִקְרֵי שֶׁמֶשׁ. וַעֲלֵיהּ אִתְּמַר (תהלים פ''ד) כִּי שֶׁמֶשׁ וּמָגֵן יְיָ אֱלֹהִים. שֶׁמֶשׁ וּמָגֵן (רכ''ד ב') דָּא בְרִית קַדִּישָׁא. מַה שֶׁמֶשׁ זָרַח וְאַנְהִיר עַל עַלְמָא. אוּף הָכִי בְרִית קַדִּישָׁא זָרַח וְאַנְהִיר גּוּפָא דְבַר נַשׁ. מָגֵן מַה מָגֵן אִיהוּ לְאַגְּנָא עֲלֵיהּ דְּבַר נַשׁ. אוּף הֲכִי בְרִית קַדִּישָׁא מָגֵן עֲלֵיהּ דְּבַר נַשׁ. וּמָאן דְּנָטִיר לֵיהּ לֵית נִזְקָא בְעָלְמָא דְּיָכִיל לְמִקְרַב בַּהֲדֵיהּ וְדָא הוּא נֶגֶד הַשֶּׁמֶשׁ רֵישֵׁי עַמָּא יִתְפְּסוּן בְּכָל דָּרָא וְדָרָא בְחוֹבָא דָא אִי יַדְעִין וְלָא מְקַנְּאִין לֵיהּ בְּגִין דְּחוֹבָה דָא עֲלַיְיהוּ לְקַנְּאָה לֵיהּ לְקוּדְשָׁא בְרִיךְ הוּא בְהָאי בְּרִית מָאן דְּאָעִיל קְדוּשָׁא דָא בִרְשׁוּתָא אַחֲרָא עֲלֵיהּ כְתִיב (שמות כ') לֹא יִהְיֶה לְךָ אֱלֹהִים אֲחֵרִים עַל פָּנָי. לֹא תִשְׁתַּחֲוֶה לָהֶם וְלֹא תָעָבְדֵם כִּי אָנֹכִי יְיָ אֱלֹהֶיךָ אֵל קַנָּא וְכֹלָא קִנְאָה חָדָא. וְעַל דָּא אִתְדַּחְיָיא שְׁכִינְתָּא מִקָּמֵיהּ. מָאן דִּמְשַׁקֵּר בִּבְרִית קַדִּישָׁא דְחָתִים בְּבִשְׂרֵיהּ דְּבַר נַשׁ כְּאִלּוּ מְשַׁקֵּר בִּשְׁמָא דְקוּדְשָׁא בְּרִיךְ הוּא מָאן דִּמְשַׁקֵּר חוֹתָמָא דְמַלְכָּא מְשַׁקֵּר בֵּיהּ בְּמַלְכָּא לֵית לֵיהּ חוּלָקָא בֶאֱלָהָא דְיִשְׂרָאֵל אִי לָא בְחֵילָא דְּתִיּוּבְתָא תָדִיר (ס''א יַתִּיר):","",""
"Shemos","חק לישראל - פרשת שמות יום ראשון","14","","שְׁלֹשָׁה הֵם הַדּוֹחִים אֶת הַשְּׁכִינָה מִן הָעוֹלָם, וְגוֹרְמִים שֶׁדִּירָתוֹ שֶׁל הַקָּדוֹשׁ בָּרוּךְ הוּא לֹא יִהְיֶה בָּעוֹלָם. וּבְנֵי אָדָם זוֹעֲקִים בִּתְפִלָּה וְלֹא נִשְׁמַע קוֹלָם. וְאֵלּוּ הֵם, מִי שֶׁשּׁוֹכֵב עִם נִדָּה, שֶׁאֵין טוּמְאָה חֲזָקָה בָּעוֹלָם זוּלָת טוּמְאַת הַנִּדָּה. טוּמְאַת הַנִּדָּה קָשָׁה מִכָּל טוּמְאוֹת הָעוֹלָם, הוּא, הַשּׁוֹכֵב, נִטְמָא, וְכָל הַקְּרֵבִים אֵלָיו נִטְמָאִים עִמּוֹ. בְּכָל מָקוֹם שֶׁהוֹלְכִים נִדְחֵית הַשְּׁכִינָה מִפְּנֵיהֶם. וְלֹא עוֹד אֶלָּא שֶׁגּוֹרֵם מַחֲלוֹת רָעוֹת עַל עַצְמוֹ וְעַל הַזֶּרַע שֶׁיּוֹלִיד, כִּי כֵּיוָן שֶׁהָאָדָם קָרֵב אֶל הַנִּדָּה, טוּמְאָה הַהִיא קוֹפֶצֶת עָלָיו, וְנִשְׁאֶרֶת קְבוּעָה בְּכָל הָאֵבָרִים שֶׁלּוֹ, הַזֶּרַע שֶׁמּוֹלִיד בַּשָּׁעָה הַהִיא מוֹשֵׁךְ רוּחַ הַטּוּמְאָה, וְכָל יָמָיו יִהְיֶה בְּטוּמְאָה, מִשּׁוּם שֶׁהַבִּנְיָן וְהַיְסוֹד שֶׁלּוֹ, שֶׁל הַנּוֹלָד, גָּדוֹל וְחָזָק מִכָּל טוּמְאוֹת הָעוֹלָם. וּמִיָּד שֶׁהָאָדָם קָרֵב אֶל הַנִּדָּה טוּמְאָה הַהִיא קוֹפֶצֶת עָלָיו, שֶׁכָּתוּב, וּתְהִי נִדָּתָהּ עָלָיו. מִי שֶׁשּׁוֹכֵב עִם בַּת אֵל נֵכָר, דְּהַיְנוּ גּוֹיָה, שֶׁמַּכְנִיס בְּרִית קֹדֶשׁ וְאוֹת הַבְּרִית בִּרְשׁוּת אַחֶרֶת, שֶׁכָּתוּב, וּבָעַל בַּת אֵל נֵכָר, וְלָמַדְנוּ שֶׁאֵין קִנְאָה לִפְנֵי הַקָּדוֹשׁ בָּרוּךְ הוּא זוּלָת קִנְאַת הַבְּרִית, שֶׁהוּא בְּרִית שֶׁל הַשֵּׁם הַקָּדוֹשׁ וְסוֹד הָאֱמוּנָה. מַה כָּתוּב, וַיָּחֶל הָעָם לִזְנוֹת אֶל בְּנוֹת מוֹאָב, מִיָּד, וַיִּחַר אַף ה' בְּיִשְׂרָאֵל. רָאשֵׁי הָעָם, שֶׁיּוֹדְעִים זֶה וְאֵינָם מוֹחִים בָּהֶם, נֶעֱנְשׁוּ תְּחִלָּה, שֶׁכָּתוּב, קַח אֶת כָּל רָאשֵׁי הָעָם וְהוֹקַע אוֹתָם לַה' נֶגֶד הַשָּׁמֶשׁ. רַבִּי אַבָּא אָמַר, מַהוּ, נֶגֶד הַשָּׁמֶשׁ, הַיְנוּ נֶגֶד הַבְּרִית שֶׁנִּקְרָא שֶׁמֶשׁ, וְעָלָיו נֶאֱמַר כִּי שֶׁמֶשׁ וּמָגֵן ה' אֱלֹקִים, שֶׁמֶשׁ וּמָגֵן, זֶהוּ בְּרִית הַקָּדוֹשׁ, מַה הַשֶּׁמֶשׁ זוֹרֵחַ וּמֵאִיר עַל הָעוֹלָם אַף בְּרִית הַקָּדוֹשׁ זוֹרֵחַ וּמֵאִיר גּוּפוֹ שֶׁל אָדָם. וְנִקְרָא מָגֵן מַה הַמָּגֵן הוּא לְהָגֵן עַל הָאָדָם, אַף בְּרִית הַקָּדוֹשׁ מֵגִין עַל הָאָדָם. וּמִי שֶׁשּׁוֹמֵר אוֹתוֹ אֵין לוֹ נֵזֶק בָּעוֹלָם שֶׁיּוּכָל לִקְרָב אֵלָיו. וְזֶהוּ נֶגֶד הַשָּׁמֶשׁ. רָאשֵׁי הָעָם נִתְפָּסִים בְּכָל דּוֹר וָדוֹר בִּשְׁבִיל חֵטְא הַזֶּה, אִם יוֹדְעִים וְאֵינָם מְקַנְּאִים אוֹתָם. מִשּׁוּם שֶׁחוֹב זֶה מוּטָל עֲלֵיהֶם לְקַנְּאוֹת, בִּשְׁבִיל הַקָּדוֹשׁ בָּרוּךְ הוּא בַּבְּרִית הַזֶּה, אֶת כָּל מִי שֶׁמֵּבִיא קְדֻשָּׁה זוֹ בִּרְשׁוּת אַחֵר. עָלָיו כָּתוּב, לֹא יִהְיֶה לְךְ אֱלֹהִים אֲחֵרִים עַל פָּנַי לֹא תִשְׁתַּחֲוֶה לָהֶם וְלֹא תָעָבְדֵם כִּי אָנֹכִי ה' אֱלֹקֶיךְ אֵל קַנָּא. וְהַכֹּל קִנְאָה אַחַת, וְעַל כֵּן נִדְחֲתָה הַשְּׁכִינָה מִפָּנָיו. מִי שֶׁמְּשַׁקֵּר בַּבְּרִית הַקָּדוֹשׁ הֶחָתוּם בִּבְשָׂרוֹ שֶׁל אָדָם, הוּא כְּאִלּוּ מְשַׁקֵּר בַּשֵּׁם הַקָּדוֹשׁ, כִּי מִי שֶׁמְּשַׁקֵּר בְּחוֹתָם הַמֶּלֶךְ שֶׁהוּא בְּרִית הַקָּדוֹשׁ מְשַׁקֵּר בַּמֶּלֶךְ עַצְמוֹ, וְעַל כֵּן אֵין לוֹ חֵלֶק בֵּאלֹקֵי יִשְׂרָאֵל, אִם לֹא בְּכֹחַ תְּשׁוּבָה תְּמִידִית.","",""
"Shemos","חק לישראל - פרשת שמות יום ראשון","15","","<h1><b>הלכה פסוקה</b></h1>","",""
"Shemos","חק לישראל - פרשת שמות יום ראשון","16","Mishneh Torah, Repentance 3:4-5","<div><b>א. </b>צָרִיךְ כָּל אָדָם שֶׁיִּרְאֶה אֶת עַצְמוֹ כָּל הַשָּׁנָה כֻלָּהּ כְּאִלּוּ חֶצְיוֹ זַכַּאי וְחֶצְיוֹ חַיָּיב וְכֵן כָּל הָעוֹלָם חֶצְיוֹ זַכַּאי וְחָצְיוֹ חַיָּיב. חָטָא חֵטְא אֶחָד הֲרֵי הִכְרִיעַ אֶת עַצְמוֹ וְאֶת כָּל הָעוֹלָם כֻּלּוֹ לְכַף חוֹבָה וְגָרַם לוֹ וְלָהֶם הַשְׁחָתָה. עָשָׂה מִצְוָה אַחַת הֲרֵי הִכְרִיעַ אֶת עַצְמוֹ וְאֶת כָּל הָעוֹלָם כֻּלּוֹ לְכַף זְכוּת וְגָרַם לוֹ וְלָהֶם תְּשׁוּעָה וְהַצָלָה שֶׁנֶּאֱמַר (משלי י') וְצַדִּיק יְסוֹד עוֹלָם. זֶה שֶׁצָדַק עַצְמוֹ הִכְרִיעַ אֶת כָּל הָעוֹלָם לִזְכוּת וְהִצִילוֹ:</div><div><b>ב. </b>וּמִפְּנֵי עִנְיַן זֶה נַהֲגוּ כָּל בֵּית יִשְׂרָאֵל לְהַרְבּוֹת בִּצְדָקָה וּבְמַעֲשִׂים טוֹבִים וְלַעֲסוֹק בְּמִצְוֹת מֵרֹאשׁ הַשָּׁנָה וְעַד יוֹם הַכִּפּוּרִים יוֹתֵר מִכָּל יְמוֹת הַשָּׁנָה. וְנָהֲגוּ כּוּלָם לָקוּם בַּלַּיְלָה בַּעֲשֶׂרֶת יָמִים אֵלּוּ וּלְהִתְפַּלֵּל בְּבָתֵּי כְנֵסִיּוֹת בְּדִבְרֵי תַחֲנוּנִים וּבְכִיבוּשִׁין עַד שֶׁיֵּאוֹר הַיּוֹם:</div><div><b>ג. </b>בְּשָׁעָה שֶׁשּׁוֹקְלִין עֲוֹנוֹת אָדָם עִם זָכִיּוֹתָיו אֵין מְחַשְּׁבִין עָלָיו עָוֹן שֶׁחָטָא בוֹ תְּחִלָּה וְלֹא שֵׁנִי אֶלָּא מִשְּׁלִישִׁי וְאֵילָךְ אִם נִמְצְאוּ עֲוֹנוֹתָיו מִשְּׁלִישִׁי וְאֵילָךְ מְרֻבִּין עַל זָכִיּוֹתָיו אוֹתָן שְׁתֵּי עֲוֹנוֹת מִצְטָרְפִין וְדָנִין אוֹתוֹ עַל הַכֹּל וְאִם נִמְצְאוּ זָכִיּוֹתָיו כְּנֶגֶד עֲוֹנוֹתָיו אֲשֶׁר מֵעָוֹן שְׁלִישִׁי וְאֵילָךְ מַעֲבִירִים כָּל עֲוֹנוֹתָיו רִאשׁוֹן רִאשׁוֹן. לְפִי שֶׁהַשְּׁלִישִׁי נֶחֱשַׁב רִאשׁוֹן שֶׁכְּבָר נִמְחֲלוּ הַשְּׁנַיִם וְכֵן הָרְבִיעִי הֲרֵי הוּא רִאשׁוֹן שֶׁכְּבָר נִמְחַל הַשְּׁלִישִׁי וְכֵן עַד סוֹפָן:</div>","<div>Notwithstanding that the blowing of the ram's horn trumpet on Rosh ha-Shanah is a Scriptural statute, its blast is symbolic, as if saying: ""Ye that sleep, bestir yourselves from your sleep, and ye slumbering, emerge from your slumber, examine your conduct, turn in repentance, and remember your Creator! They that forget the truth because of the vanities of the times, who err all of their years by pursuing vanity and idleness, which are of neither benefit nor of salvation, care for your souls, improve your ways and your tendencies, let each one of you abandon his evil path and his thought which is not pure! It is, therefore, necessary for every man to behold himself throughout the whole year in a light of being evenly balanced between innocence and guilt, and look upon the entire world as if evenly balanced between innocence and guilt; thus, if he commit one sin, he will overbalance himself and the whole world to the side of guilt, and be a cause of its destruction; but if he perform one duty, behold, he will overbalance himself and the whole world to the side of virtue, and bring about his own and their salvation and escape, even as it is said: ""But the righteous is an everlasting foundation"" (Prov. 10. 25), it is he, by whose righteousness he overbalanced the whole world to virtue and saved it. And, because of this matter, it became the custom of the whole house of Israel to excel in alms-giving, in good conduct and in the performance of duties during the intervening days of Rosh ha-Shanah and Yom ha-Kippurim above what they do during the whole year. It also became a universal custom to rise early during those ten days, to deliver in the synagogues prayers of supplication and ardor till the dawn of the day.<sup class=""footnote-marker"">5</sup><i class=""footnote"">Kiddushin, 39b–40a. C.</i></div><div>When the vices and virtues of man are weighed neither the first nor the second time is taken into consideration, but from the third time onward; if his vices from the third time onward exceed his virtues, then those two transgressions, too are added, and he is tried on all; but if his virtues balance his vices from the third transgression onward, all of his transgressions are wiped off one by one, as the third transgression is counted as the first for the two long since had been forgiven, so is the fourth considered thereafter first, as the third long since had been forgiven, and this way till end of the transgressions. That is saying concerning an individual, of whom it is said: ""Lo, all these things does God work, twice, yea thrice, with a man"" (Job. 33. 29): but concerning a congregation, the first, second and third transgression is held suspended over them, even as it is said: ""Thus saith the Lord: For three transgressions of Israel, yea, for four, I will not reverse it"" (Amos. 2. 6) and when the reckoning comes up, the reckoning is made even in this manner, i. e. from the fourth transgression and onward. The intermediary category, if there be among the half of their transgressions such sins as never having put on phylacteries, each one is judged according to his transgressions, but has a share in the World to Come. Even so are the wicked whose vices are more than their virtues judged according to their transgressions but have a share in the World to Come; for all Israel have a share in the World to Come, even as it is said: ""Thy people also shall be all righteous; they shall inherit the land for ever"" (Is. 60. 21). So, too, do the righteous of among the nations of the world have a share in the World to Come.<sup class=""footnote-marker"">7</sup><i class=""footnote"">Yoma, 86b; Rosh ha-Shanah, 16a; Sanhedrin, 102b. C.</i></div>",""
"Shemos","חק לישראל - פרשת שמות יום ראשון","17","","<h1><b>מוסר</b></h1>","",""
"Shemos","חק לישראל - פרשת שמות יום ראשון","18","","<div><strong><span style=""color: #999999;"">ספר דברים שבקדושה סי' ד'</span></strong></div><div>א. יְמֵי הַשּׁוֹבָבִים וְעוֹז הֲדָרָם נֶאֶמְנוּ מְאֹד וּמַרְבִּית הָעָם נִגָּשִׁים אֶל ה' לָשׁוּב מֵחַטַּאת נְעוּרִים אֲשֶׁר פָּגְמוּ בְּאוֹת בְּרִית קדֶשׁ וְצָרִיךְ לְהִזָּהֵר מֵהַנְּדָרִים כִּי הַנוֹדֵר וְאֵינוֹ מְקַיֵּים בָּא לִידֵי קֶרִי וְזֶה שֶׁאָמְרוּ רַבּוֹתֵינוּ זִכְרוֹנָם לִבְרָכָה הַנּוֹדֵר וְאֵינוֹ מְקַיֵּים בָּנָי''ו מֵתִים וּבִכְלַל שֶׁיִקְרָאֵ''נּוּ אָסוֹן וְגַם רָמוּז בַּכָּתוּב (קהלת ה') אַל תִּתֵּן אֶת פִּיךָ לַחֲטִיא אֶת בְּשָׂרֶךָ לָמָּה יִקְצוֹף הָאֱלֹהִים עַל קוֹלֶךָ שֶׁפָּתַחְתָּ בְּנֶדֶר וְחִבֵּל אֶת מַעֲשֵׂה יָדֶי''ךָ וְעוֹד אָמְרוּ רַבּוֹתֵינוּ זִכְרוֹנָם לִבְרָכָה אֲפִלּוּ מָמוֹן שֶׁבְּיָדְךָ אֲנִי מְאַבְּדוֹ וְיֵשׁ אוֹמְרִים כָּל מִי שֶׁהוּא נוֹדֵר וּמַשְׁהֶא נִדְרוֹ גּוֹרֵם מִיתָה לְעַצְמוֹ שֶׁנֶּאֱמַר (דברים כ''ג) כִּי דָרוֹשׁ יִדְרְשֶׁנּוּ ה' אֱלֹהֶיךָ מֵעִמָּךְ מִמָּךְ נִפְרָעִים וְלֹא מִמָּמוֹנָךְ: ב. יַעֲקֹב נָדַר וְלֹא שִׁלֵּם בָּא עָלָיו צָרָה שֶׁשָׁלַח דּוֹרוֹנוֹת לְעֶשָׂו גַּם בָּא עָלָיו צָרָה שֶׁנִּתְפַּס עִם הַמַּלְאָךְ: ג. הָעוֹבֵר נִדְרוֹ בְּמֵזִיד וְלֹא עָשָׂה תְשׁוּבָה צָרִיךְ לְהִתְגַּלְגֵּל בְּאִשָׁה נַדְרָנִית: ד. הַפּוֹגֵם בִּשְׁבוּעָה בְּשָׁעָה שֶׁיּוֹצֵא מִפִּיו עוֹנְשׁוֹ גָדוֹל שֶׁהוּא עַצְמוֹ שֶׁקֶר וְאֵין תַּקָּנָה אֶלָּא בִתְשׁוּבָה וִיסוּרִין: ה. הַנּוֹדֵר אוֹ נִשְׁבַּע וְאֵינוֹ מְקיֵּים גּוֹרֵם שֶׁהַמַּלְאָךְ הַמְּמוּנֶה עַל מַאֲמַר פִּיו עַל אוֹתָהּ מִצְוָה שֶׁחַיָּיב לַעֲשׂוֹתָה נִשְׁאַר גָּרוּע עַד אֲשֶׁר יַשְׁלִים חִיּוּבוֹ בְּפוֹעַל וְעַד שֶׁלֹּא יָצָא יְדֵי חוֹבָתוֹ הַמַּלְאָךְ שֶׁרָאוּי לִהְיוֹת טוֹב הוּא שָׁב אֶצְלוֹ כְמַזִּיקִין שֶׁלֹּא הוּשְׁלְמוּ יְצִירָתָן לַטּוֹב:</div>","",""
"Shemos","חק לישראל - פרשת שמות יום שני","1","","<h1><b>תורה</b></h1>","",""
"Shemos","חק לישראל - פרשת שמות יום שני","2","","<small>יכוין בקריאת ארבע פסוקים אלו שהם כנגד דֲ דמילוי יו''ד דשם ב''ן להשאיר בו הארה מתוספת הרוח משבת שעברה:</small>","",""
"Shemos","חק לישראל - פרשת שמות יום שני","3","Exodus 1:7-10","<div>א (<small>ז</small>) וּבְנֵ֣י יִשְׂרָאֵ֗ל פָּר֧וּ וַֽיִּשְׁרְצ֛וּ וַיִּרְבּ֥וּ וַיַּֽעַצְמ֖וּ בִּמְאֹ֣ד מְאֹ֑ד וַתִּמָּלֵ֥א הָאָ֖רֶץ אֹתָֽם׃ <span class=""mam-spi-pe"">{פ}</span> </div><div><small>וּבְנֵי יִשְׂרָאֵל נְפִישׁוּ וְאִתְיַלָדוּ וּסְגִיאוּ וּתְקִיפוּ לַחֲדָא לַחֲדָא וְאִתְמְלִיאַת אַרְעָא מִנְהוֹן:</small></div><div>(<small>ח</small>) וַיָּ֥קׇם מֶֽלֶךְ־חָדָ֖שׁ עַל־מִצְרָ֑יִם אֲשֶׁ֥ר לֹֽא־יָדַ֖ע אֶת־יוֹסֵֽף׃</div><div><small>וְקָם מַלְכָּא חַדְתָּא עַל מִצְרָיִם דְלָא <b>מְקַיֵם גְזֵרַת</b> יוֹסֵף:</small></div><div>(<small>ט</small>) וַיֹּ֖אמֶר אֶל־עַמּ֑וֹ הִנֵּ֗ה עַ֚ם בְּנֵ֣י יִשְׂרָאֵ֔ל רַ֥ב וְעָצ֖וּם מִמֶּֽנּוּ׃</div><div><small>וַאֲמַר לְעַמֵהּ הָא עַמָא בְּנֵי יִשְׂרָאֵל סָגָן וְתַקִיפִין מִנָנָא:</small></div><div>(<small>י</small>) הָ֥בָה נִֽתְחַכְּמָ֖ה ל֑וֹ פֶּן־יִרְבֶּ֗ה וְהָיָ֞ה כִּֽי־תִקְרֶ֤אנָה מִלְחָמָה֙ וְנוֹסַ֤ף גַּם־הוּא֙ עַל־שֹׂ֣נְאֵ֔ינוּ וְנִלְחַם־בָּ֖נוּ וְעָלָ֥ה מִן־הָאָֽרֶץ׃</div><div><small>הָבוּ נִתְחַכַּם <b>לְהוֹן</b> דִלְמָא יִסְג<b>וּן</b> וִיהֵי אֲרֵי יְעַרְעִנָנָא קְרָב וְיִתּוֹסְפ<b>וּן</b> אַף <b>אִנוּן</b> עַל סַנְאָנָא וִיגִיחוּן בָּנָא <b>קְרָב וְיִסְקוּן</b> מִן אַרְעָא:</small></div>","<div>1 (7) And the children of Yisra᾽el were fruitful, and increased abundantly, and multiplied, and grew exceedingly mighty; and the land was filled with them.</div><div>(8) Now there arose a new king over Miżrayim, who knew not Yosef.</div><div>(9) And he said to his people, Behold, the people of the children of Yisra᾽el are more and mightier than we:</div><div>(10) come, let us deal wisely with them; lest they multiply, and it come to pass, that, when any war should chance, they also join our enemies, and fight against us, and so go up out of the land.</div>",""
"Shemos","חק לישראל - פרשת שמות יום שני","4","","<h1><b>נביאים</b></h1>","",""
"Shemos","חק לישראל - פרשת שמות יום שני","5","Isaiah 27:12-28:2","<div>כז (<small>יב</small>) וְהָיָה֙ בַּיּ֣וֹם הַה֔וּא יַחְבֹּ֧ט יְהֹוָ֛ה מִשִּׁבֹּ֥לֶת הַנָּהָ֖ר עַד־נַ֣חַל מִצְרָ֑יִם וְאַתֶּ֧ם תְּלֻקְּט֛וּ לְאַחַ֥ד אֶחָ֖ד בְּנֵ֥י יִשְׂרָאֵֽל׃ <span class=""mam-spi-pe"">{פ}</span> </div><div><small>וִיהֵי בְּעִדָנָא הַהִיא יִתְרְמוּן קְטִילִין קֳדָם יְיָ מִכֵּיף נַהֲרָא פְּרָת עַד נַחֲלָא דְמִצְרָיִם וְאַתּוּן תִּתְקָרְבוּן חַד לִסְטַר חַד בְּנֵי יִשְׂרָאֵל:</small></div><div>(<small>יג</small>) וְהָיָ֣ה <b>׀</b> בַּיּ֣וֹם הַה֗וּא יִתָּקַע֮ בְּשׁוֹפָ֣ר גָּדוֹל֒ וּבָ֗אוּ הָאֹֽבְדִים֙ בְּאֶ֣רֶץ אַשּׁ֔וּר וְהַנִּדָּחִ֖ים בְּאֶ֣רֶץ מִצְרָ֑יִם וְהִשְׁתַּחֲו֧וּ לַֽיהֹוָ֛ה בְּהַ֥ר הַקֹּ֖דֶשׁ בִּירוּשָׁלָֽ͏ִם׃ <span class=""mam-spi-pe"">{פ}</span> </div><div><small>וִיהֵי בְּעִדָנָא הַהִיא יִתְקַע בְּשׁוֹפָרָא רַבָּא וְיֵיתוּן דִי גְלוֹ לְאַרְעָא דְאַתּוּר וּדְאִטַלְטָלוּ לְאַרְעָא דְמִצְרַיִם וְיִסְגְדוּן קֳדָם יְיָ בְּטוּרָא דְקוּדְשָׁא בִּירוּשְׁלֵם:</small></div><div>כח (<small>א</small>) ה֗וֹי עֲטֶ֤רֶת גֵּאוּת֙ שִׁכֹּרֵ֣י אֶפְרַ֔יִם וְצִ֥יץ נֹבֵ֖ל צְבִ֣י תִפְאַרְתּ֑וֹ אֲשֶׁ֛ר עַל־רֹ֥אשׁ גֵּֽיא־שְׁמָנִ֖ים הֲל֥וּמֵי יָֽיִן׃</div><div><small>וַי דִי יָהֵיב כִּתְרָא לְגֵיוְתָנָא טִפְשָׁא רַבָּא דְיִשְׂרָאֵל וְיָהֵב מִצְנַפְתָּא לְרַשִׁיעַיָא דְבֵית מַקְדְשָׁא תּוּשְׁבַּחְתֵּהּ דִי עַל רֵישׁ חֵילָא שְׁמֵינָא כְּתִישֵׁי חֲמָר:</small></div><div>(<small>ב</small>) הִנֵּ֨ה חָזָ֤ק וְאַמִּץ֙ לַֽאדֹנָ֔י כְּזֶ֥רֶם בָּרָ֖ד שַׂ֣עַר קָ֑טֶב כְּ֠זֶ֠רֶם מַ֣יִם כַּבִּירִ֥ים שֹׁטְפִ֛ים הִנִּ֥יחַ לָאָ֖רֶץ בְּיָֽד׃</div><div><small>הָא מָחָן תַּקִיפָן וַחֲסִינָן אַתְיָן מִן קֳדָם יְיָ כְּזַרְמִית בָּרָד כְּעַלְעוּל רוּחַ כְּזַרְמִית מַיָין תַּקִיפִין שָׁטְפִין כֵּן יֵתוּן עֲלֵיהוֹן עַמְמַיָא וְיִגְלוּנוּן מֵאַרְעֲהוֹן לְאַרְעָא אוֹחֲרִי בְּחוֹבַיָא דִי בִידֵהוֹן:</small></div>","<div>27 (12) And it shall come to pass in that day, that the Lord shall beat out his harvest from the strongly flowing river as far as the wadi of Miżrayim, and you shall be gathered up one by one, O children of Yisra᾽el.</div><div>(13) And it shall come to pass on that day, that a great shofar shall be blown, and they shall come who were lost in the land of Ashshur, and the outcasts in the land of Miżrayim, and shall worship the Lord in the holy mountain at Yerushalayim.</div><div>28 (1) Woe to the crown of pride of the drunkards Efrayim, and to the fading flower of his glorious beauty which is at the head of the rich valley of those who are overcome with wine!</div><div>(2) Behold, the Lord has one who is mighty and strong, as a tempest of hail and a destroying storm, as a flood of mighty waters overflowing; he will cast down to the earth with might.</div>",""
"Shemos","חק לישראל - פרשת שמות יום שני","6","","<h1><b>כתובים</b></h1>","",""
"Shemos","חק לישראל - פרשת שמות יום שני","7","Proverbs 11:31-12:3","<div>יא (<small>לא</small>) הֵ֣ן צַ֭דִּיק בָּאָ֣רֶץ יְשֻׁלָּ֑ם אַ֝֗ף כִּֽי־רָשָׁ֥ע וְחוֹטֵֽא׃</div><div><small>הֵן צַדִיקָא בְּאַרְעָא מִתְחַסָן וְרַשִׁיעֵי וְחַטָאֵי סָיְפִין מִן אַרְעָא:
</small></div><div>יב (<small>א</small>) אֹהֵ֣ב מ֭וּסָר אֹ֣הֵֽב דָּ֑עַת וְשׂוֹנֵ֖א תוֹכַ֣חַת בָּֽעַר׃</div><div><small>מַן דְרָחֵים מַרְדוּתָא רָחֵם יְדִיעֲתָא וְסָנֵי מַכְסָנוּתָא בּוּרָא הוּא:</small></div><div>(<small>ב</small>) ט֗וֹב יָפִ֣יק רָ֭צוֹן מֵיְהֹוָ֑ה וְאִ֖ישׁ מְזִמּ֣וֹת יַרְשִֽׁיעַ׃</div><div><small>טָב מַן דְקַבֵּל רְעוּתֵיהּ דֶאֱלָהָא וְגַבְרָא רַשִׁיעָא רְעִיעָא תַרְעִיתֵיהּ:</small></div><div>(<small>ג</small>) לֹא־יִכּ֣וֹן אָדָ֣ם בְּרֶ֑שַׁע וְשֹׁ֥רֶשׁ צַ֝דִּיקִ֗ים בַּל־יִמּֽוֹט׃</div><div><small>לָא נִתְקַן בַּר נָשָׁא בְּרִשְׁעָא וְעִקָרְהוֹן דְצַדִיקֵי לָא נְזוּעַ:</small></div>","<div>11 (31) Behold, the just man shall be recompensed on earth: how much more the wicked and the sinner!</div><div>12 (1) Whoever loves knowledge loves discipline: but he who hates reproof is stupid.</div><div>(2) A good man obtains favour of the Lord: but a man of wicked devices will he condemn.</div><div>(3) A man shall not be established by wickedness: but the root of the righteous shall not be moved.</div>",""
"Shemos","חק לישראל - פרשת שמות יום שני","8","","<h1><b>משנה</b></h1>","",""
"Shemos","חק לישראל - פרשת שמות יום שני","9","Mishnah Shabbat 13","<div>א. רַבִּי אֱלִיעֶזֶר אוֹמֵר, הָאוֹרֵג שְׁלשָׁה חוּטִין בַּתְּחִלָּה וְאַחַת עַל הָאָרִיג, חַיָּב. וַחֲכָמִים אוֹמְרִים, בֵּין בַּתְּחִלָּה בֵּין בַּסּוֹף, שִׁעוּרוֹ שְׁנֵי חוּטִין: 
</div><div>ב. הָעוֹשֶׂה שְׁנֵי בָתֵּי נִירִין בַּנִּירִין, בַּקֵּרוֹס, בַּנָּפָה, בַּכְּבָרָה וּבַסַּל, חַיָּב. וְהַתּוֹפֵר שְׁתֵּי תְפִירוֹת, וְהַקּוֹרֵעַ עַל מְנָת לִתְפֹּר שְׁתֵּי תְפִירוֹת: 
</div><div>ג. הַקּוֹרֵעַ בַּחֲמָתוֹ וְעַל מֵתוֹ, וְכָל הַמְקַלְקְלִין, פְּטוּרִין. וְהַמְקַלְקֵל עַל מְנָת לְתַקֵּן, שִׁעוּרוֹ כַמְתַקֵּן: 
</div><div>ד. שִׁעוּר הַמְלַבֵּן וְהַמְנַפֵּץ וְהַצּוֹבֵעַ וְהַטּוֹוֶה, כִּמְלֹא רֹחַב הַסִּיט כָּפוּל. וְהָאוֹרֵג שְׁנֵי חוּטִין, שִׁעוּרוֹ כִּמְלֹא הַסִּיט: 
</div><div>ה. רַבִּי יְהוּדָה אוֹמֵר, הַצָּד צִפּוֹר לַמִּגְדָּל וּצְבִי לַבַּיִת, חַיָּב. וַחֲכָמִים אוֹמְרִים, צִפּוֹר לַמִּגְדָּל, וּצְבִי לַבַּיִת וְלֶחָצֵר וְלַבֵּיבָרִין. רַבָּן שִׁמְעוֹן בֶּן גַּמְלִיאֵל אוֹמֵר, לֹא כָל הַבֵּיבָרִין שָׁוִין. זֶה הַכְּלָל, מְחֻסַּר צִידָה, פָּטוּר, וְשֶׁאֵינוֹ מְחֻסַּר צִידָה, חַיָּב: 
</div><div>ו. צְבִי שֶׁנִּכְנַס לַבַּיִת וְנָעַל אֶחָד בְּפָנָיו, חַיָּב. נָעֲלוּ שְׁנַיִם, פְּטוּרִין. לֹא יָכֹל אֶחָד לִנְעֹל וְנָעֲלוּ שְׁנַיִם, חַיָּבִין. וְרַבִּי שִׁמְעוֹן פּוֹטֵר: 
</div><div>ז. יָשַׁב הָאֶחָד עַל הַפֶּתַח וְלֹא מִלְּאָהוּ, יָשַׁב הַשֵּׁנִי וּמִלְּאָהוּ, הַשֵּׁנִי חַיָּב. יָשַׁב הָרִאשׁוֹן עַל הַפֶּתַח וּמִלְּאָהוּ, וּבָא הַשֵּׁנִי וְיָשַׁב בְּצִדּוֹ, אַף עַל פִּי שֶׁעָמַד הָרִאשׁוֹן וְהָלַךְ לוֹ, הָרִאשׁוֹן חַיָּב וְהַשֵּׁנִי פָּטוּר. הָא לְמַה זֶּה דוֹמֶה, לְנוֹעֵל אֶת בֵּיתוֹ לְשָׁמְרוֹ וְנִמְצָא צְבִי שָׁמוּר בְּתוֹכוֹ: 
</div>","<div>1. <b>Rabbi Eliezer says: One who weaves</b> on Shabbat is <b>liable</b> to bring a sin-offering if he wove <b>three threads at the beginning</b> of something new, <b>or</b> if he adds <b>one</b> thread <b>to a</b> preexisting <b>woven fabric. And the Rabbis say: Both at the beginning and at the end, its measure</b> for liability is <b>two threads. </b></div><div>2. One who makes two meshes, i.e., ties the threads of the warp, attaching them <b>to</b> either <b>the <i>nirin</i></b> or <b>the <i>keiros</i>,</b> which will be explained in the Gemara, <b>in a winnow, sieve, or basket, is liable</b> for making meshes. <b>And one who sews</b> is liable if he sews <b>two stitches. And one who tears</b> is liable if he tears enough fabric <b>in order to sew two stitches</b> to repair it. </div><div>3. <b>One who rends</b> his garment <b>in his anger or</b> in anguish <b>over his dead</b> relative <b>is exempt. And anyone</b> else <b>who performs</b> labors <b>destructively</b> on Shabbat <b>is exempt. And one who</b> performs a labor <b>destructively in order to repair</b> is liable, and <b>his measure</b> for liability is equivalent to the measure for <b>one who</b> performs that labor <b>constructively. </b></div><div>4. The measure that determines liability <b>for one who whitens,</b> or <b>one who combs,</b> or <b>one who dyes,</b> or <b>one who spins</b> wool is <b>the full width of a double <i>sit</i>,</b> which is the distance between the forefinger and the middle finger. And for <b>one who weaves two threads, the measure</b> that determines liability <b>is one <i>sit</i>.</b></div><div>5. <b>Rabbi Yehuda says: One who traps a bird into a closet</b> or cage, <b>and</b> one who traps <b>a deer into a house is liable. The Rabbis say:</b> One is liable for trapping <b>a bird into a closet</b> <b>and</b> for trapping <b>a deer into a garden, or into a courtyard, or into an enclosure [<i>bivar</i>], he is liable. Rabban Shimon ben Gamliel says: Not all enclosures are identical. This is the principle:</b> If the <b>trapping</b> of the animal <b>is inadequate</b> and it is still necessary to pursue and apprehend it, one is <b>not liable.</b> However, if one trapped a deer into an enclosure <b>in which the trapping is not inadequate,</b> he is <b>liable.</b></div><div>6. If <b>a deer entered a house</b> on its own <b>and one locked</b> the door <b>before it, he is liable</b> for trapping. If <b>two</b> people <b>locked</b> the door, <b>they are exempt,</b> because neither performed a complete labor. If <b>one</b> person <b>is incapable of locking</b> the door <b>and two</b> people <b>locked it, they are liable</b> because that is the typical manner of performing that labor. <b>And Rabbi Shimon deems them exempt</b> as he holds that two people who perform a single labor are never liable by Torah law.</div><div>7. If <b>one person sat in the entrance</b> of a courtyard in which there is a deer, <b>but did not fill</b> the entire doorway, and <b>a second</b> person <b>sat and filled it, the second</b> person <b>is liable</b> because he completed the labor of trapping. However, if <b>the first person sat in the doorway and filled it, and a second person came and sat next to him, the first person is liable and the second is exempt even if the first person stood and went</b> away, leaving the second one to secure the deer. The mishna explains: <b>To what is this</b> second person’s action <b>similar? To one who locks his house to secure it, and it turns out a deer</b> that was trapped before Shabbat <b>is</b> also <b>secured inside it.</b> In that case, he is exempt even though he enhances security on the deer, because he did not trap the animal.</div>",""
"Shemos","חק לישראל - פרשת שמות יום שני","10","","<h1><b>גמרא</b></h1>","",""
"Shemos","חק לישראל - פרשת שמות יום שני","11","Shabbat 105b:3-9","הַקּוֹרֵע בַּחֲמָתוֹ וְכוּלִי. וּרְמִינְהִי הַקּוֹרֵעַ בַּחֲמָתוֹ וּבְאֶבְלוֹ וְעַל מֵתוֹ חַיָּב וְאַף עַל פִּי שֶׁמְּחַלֵּל אֶת הַשַּׁבָּת יָצָא יְדֵי קְרִיעָה. לֹא קַשְׁיָא הָא בְּמֵת דִּידֵיהּ הָא בְּמֵת דְּעַלְמָא. וְהָא מֵתוֹ קָתָּנֵי. לְעוֹלָם בְּמֵת דִּידֵיהּ וּבְהַנַךְ דְּלָאו בְּנֵי אֲבְלוּת נִינְהוּ וְאִי חָכָם הוּא חִיּוּבֵי מְחַיָּיב דְּתַנְיָא חָכָם שֶׁמֵּת הַכֹּל קְרוֹבָיו. הַכֹּל קְרוֹבָיו סַלְקָא דַּעְתָךְ. אֶלָּא אִימָא הַכֹּל כִּקְרוֹבָיו הַכֹּל קוֹרְעִין עָלָיו הַכֹּל חוֹלְצִין עָלָיו הַכֹּל מַבְרִין עָלָיו בָּרְחָבָה. לֹא צְרִיכָא דְלָאו חָכָם הוּא. וְאִי אָדָם כָּשֵׁר הוּא חִיוּבֵי מְחַיָּיב דְּתַנְיָא מִפְּנֵי מַה מֵתִים בָּנָיו וּבְנוֹתָיו שֶׁל אָדָם כְּשֶׁהֵן קְטַנִּים כְּדֵי שֶׁיִּבְכֶּה וְיִתְאַבֵּל עַל אָדָם כָּשֵׁר כְּדֵי שֶׁיִּבְכֶּה עֵרְבוֹנָא שַׁקְלֵי מִינֵיהּ אֶלָּא מִפְּנֵי שֶׁלֹּא בָּכָה וְהִתְאַבַּל עַל אָדָם כָּשֵׁר שֶׁכָּל הַבּוֹכֶה עַל אָדָם כָּשֵׁר מוֹחֲלִין לוֹ עַל כָּל עֲוֹנוֹתָיו בִּשְׁבִיל כָּבוֹד שֶׁעָשָׂה. לֹא צְרִיכָא דְלָאו אָדָם כָּשֵׁר הוּא. וְאִי דְקָאֵי בִּשְׁעַת יְצִיאַת נְשָׁמָה חִיּוּבֵי מְחַיָּיב דְּתַנְיָא רִבִּי שִׁמְעוֹן בֶּן אֶלְעָזָר אוֹמֵר הָעוֹמֵד עַל הַמֵּת בִּשְׁעַת יְצִיאַת נְשָׁמָה חַיָּב לִקְרוֹעַ הָא לְמַה זֶה דוֹמֶה לְסֵפֶר תּוֹרָה שֶׁנִּשְׂרַף. לֹא צְרִיכָא דְּלֹא קָאֵי בִּשְׁעַת יְצִיאַת נְשָׁמָה: הַקּוֹרֵעַ בַּחֲמָתוֹ וכו' וּכְהָאי גַוְונָא מִי שָׁרֵי וְהָתַּנְיָא רִבִּי שִׁמְעוֹן בֶּן אֶלְעָזָר אוֹמֵר מִשּׁוּם חִילְפָא בַּר אַגְרָא שֶׁאָמַר מִשּׁוּם רִבִּי יוֹחָנָן בֶּן נוּרִי הַקּוֹרֵעַ בְּגָדָיו בַּחֲמָתוֹ וְהַמְשַׁבֵּר כֵּלָיו בַּחֲמָתוֹ וְהַמְפַזֵּר מָעוֹתָיו בַּחֲמָתוֹ יְהֵא בְעֵינֶיךָ כְּעוֹבֵד עֲבוֹדָה זָרָה שֶׁכָּךְ אוּמְנָתוֹ שֶׁל יֵצֶר הָרָע הַיּוֹם אוֹמֵר לוֹ עֲשֵׂה כָךְ וּלְמָחָר אוֹמֵר לוֹ עֲשֵׂה כָךְ עַד שֶׁאוֹמֵר לוֹ עֲבוֹד עֲבוֹדָה זָרָה וְהוֹלֵךְ וְעוֹבֵד. אָמַר רִבִּי אָבִין מָאי קְרָא (תהלים פ''א) לֹא יִהְיֶה בְךָ אֵל זָר וְלֹא תִשְׁתַּחֲוֶה לְאֵל נֵכָר אֵיזֶהוּ אֵל זָר שֶׁיֵּשׁ בְּגוּפוֹ שֶׁל אָדָם הֱוֵי אוֹמֵר זֶה יֵצֶר הָרָע. לֹא צְרִיכָא דְקָא עָבִיד לְמִרְמָא אֵימְתָא אַאִינְשֵׁי בֵיתֵיהּ. כִּי הָא דְרַב יְהוּדָה שָׁלִיף מַּצְבַיְיתָא. רַב אַחָא בַּר יַעֲקֹב תָּבַר מָאנֵי תְבִירֵי. רַב שֵׁשַׁת רָמֵי לָהּ. לִאַמְתֵיהּ מוּנִינֵי אֲרֵישָׁהּ. רִבִּי אַבָּא תָּבַר נֶכְתְּמָא:","<div><strong>GEMARA:</strong> We learned in the mishna: One who rends his garment in anger or in anguish over his dead relative is exempt. The <b>Gemara raises a contradiction</b> to this based on a <i>baraita</i>: <b>One who rends</b> his garment <b>in his anger</b> or <b>in his mourning</b> or in his anguish <b>over his dead</b> relative <b>is liable</b> for performing a prohibited labor on Shabbat. <b>And even though he desecrates Shabbat</b> by tearing his garment, <b>he</b> nevertheless <b>fulfilled</b> his obligation of <b>rending</b> his garment in mourning. Apparently, one is liable for rending his garment in anguish over the dead. The Gemara answers: This is <b>not difficult,</b> as <b>this</b> mishna, which states one is liable for rending his garment, is referring <b>to his own dead</b> relative for whom he is obligated to tear his garment. <b>And that</b> mishna, which states one is exempt for rending his garment, is referring <b>to any</b> unrelated <b>dead person.</b></div><div>The Gemara asks: <b>Didn’t we learn</b> in the mishna: <b>Over his dead</b> relative? The Gemara answers: <b>Actually,</b> the mishna, which says that he is exempt, is referring <b>to his own dead; however,</b> it is referring <b>to those</b> relatives <b>who are not subject to</b> the obligation of <b>mourning</b> by Torah law. The Gemara asks: <b>And</b> even so, <b>if</b> the dead person <b>is a</b> Torah <b>scholar, one is obligated</b> to rend one’s garment in anguish over his death, <b>as it was taught</b> in a <i>baraita</i>: When <b>a</b> Torah <b>scholar dies, everyone is his relative.</b> The Gemara asks: <b>Does it enter your mind that everyone is his relative? Rather, say: Everyone is</b> considered to be <b>like his relative,</b> in the sense that <b>everyone rends his</b> garment in anguish <b>over him,</b> and <b>everyone bares</b> his shoulder <b>over him</b> in mourning, and <b>everyone eats the mourner’s meal over him in the public square</b> as mourners do. The death of a Torah scholar is a personal loss for every Jew. The Gemara answers: <b>It was only necessary</b> for the mishna to teach this <i>halakha</i> in a case <b>where</b> the dead person <b>is not a</b> Torah <b>scholar.</b></div><div>The Gemara asks: <b>And if he was an upright person,</b> aren’t all those present at his death <b>obligated</b> to rend their garments over his death? <b>As it was taught</b> in a <i>baraita</i>: <b>Why do a person’s sons and daughters die when they are young?</b> They die <b>so that he will cry and mourn over</b> the death of <b>an upright worthy person.</b> The Gemara asks: They die <b>so that he will cry? Is security taken from him</b> in advance to ensure that he fulfills his obligation? <b>Rather,</b> emend the statement and say: It is <b>because he did not cry or mourn over an upright person</b> who died, <b>as anyone who cries over an upright person</b> who died, <b>they forgive him</b> for <b>all his transgressions because of the honor he accorded</b> to the deceased. Nevertheless, it is difficult, as one is required to rend his clothing over the death of an upright person. The Gemara answers: <b>It was only necessary</b> for the mishna to teach this <i>halakha</i> in a case <b>where</b> the deceased was <b>not an upright person.</b></div><div>The Gemara asks: <b>And if one is standing</b> close to the deceased <b>when the soul leaves</b> the body, <b>he is obligated</b> to rend his garment, <b>as it was taught</b> in a <i>baraita</i>: <b>Rabbi Shimon ben Elazar says: One who is standing over the deceased at the time of the departure of the soul is obligated to rend</b> his garment. <b>To what is this similar?</b> It is similar <b>to a Torah scroll that was burned.</b> The Gemara answers: <b>It was only necessary</b> for the mishna to teach this <i>halakha</i> in a case <b>where he is not standing</b> there <b>at the time of the departure of the soul.</b></div><div>The Gemara asks further: This works out <b>well</b> in terms of resolving the contradiction with regard to <b>his dead</b> relative. <b>However,</b> the contradiction between the ruling in the mishna that one who rends his garment in <b>his anger</b> is not liable, and the ruling in the <i>baraita</i> that one who rends his garment in <b>his anger</b> is liable, <b>is</b> still <b>difficult.</b> The mishna exempts one who rends garments in anger, while the <i>baraita</i> deems him liable. The Gemara answers: The contradiction between <b>his anger</b> in the mishna and <b>his anger</b> in the <i>baraita</i> is <b>also not difficult,</b> as <b>this</b> ruling in the <i>baraita</i> that deems him liable is in accordance with the opinion of <b>Rabbi Yehuda,</b> and <b>that</b> ruling in the mishna that exempts him is in accordance with the opinion of <b>Rabbi Shimon.</b> The Gemara elaborates: <b>This</b> ruling in the <i>baraita</i> follows <b>Rabbi Yehuda,</b> who <b>said</b> that one who performs <b>a</b> prohibited <b>labor</b> on Shabbat <b>that is not needed for its own sake is liable for</b> performing <b>it.</b> Therefore, one who rends his garment in anger is liable. <b>That</b> ruling in the mishna which exempts him is in accordance with the opinion of <b>Rabbi Shimon,</b> who <b>said</b> that one who performs <b>a labor that is not needed for its own sake is exempt for</b> performing <b>it.</b></div><div>The Gemara asks: <b>Say that you heard</b> that Rabbi Yehuda rules that one is liable for performing a labor not needed for its own sake <b>in</b> the case of <b>a constructive</b> act; <b>did you hear him</b> deem one liable <b>in</b> the case of <b>a destructive</b> act? <b>Rabbi Avin said: This</b> case, where one rends his garment in anger, <b>is also constructive,</b> because in doing so <b>he assuages his anger.</b> Rending his garment calms him; therefore, it can be said that he derives benefit from the act of rending, and it is consequently a constructive act. The Gemara asks: <b>And is it</b> at all <b>permitted</b> to tear <b>in that manner? Wasn’t it taught</b> in a <i>baraita</i> that <b>Rabbi Shimon ben Elazar says in the name of Ḥilfa bar Agra, who said in the name of Rabbi Yoḥanan ben Nuri: One who rends his garments in his anger, or who breaks his vessels in his anger, or who scatters his money in his anger, should be like an idol worshipper in your eyes, as that is the craft of the evil inclination. Today it tells him do this, and tomorrow it tells him do that, until</b> eventually, when he no longer controls himself, <b>it tells him worship idols and he goes and worships</b> idols. <b>Rabbi Avin said: What verse</b> alludes to <b>this? “There shall not be a strange god within you, and you shall not bow to a foreign god”</b> (Psalms 81:10). <b>What is the strange god that is within a person’s body? Say that it is the evil inclination.</b> One may not rend his garments in anger, because in doing so he is deriving pleasure from satisfying the evil inclination.</div><div>The Gemara answers: <b>It is only necessary</b> to discuss this in a case <b>where one does</b> so <b>to instill fear in the members of his household.</b> In order to show them that he is very angry, he tears and breaks objects even though he is not that angry. In that case he maintains control of himself and is not in danger of succumbing to the evil inclination. It is <b>like</b> the incident where <b>Rav Yehuda</b> sought to display his anger and he <b>pulled threads off</b> his garment. <b>Rav Aḥa bar Ya’akov smashed broken vessels, Rav Sheshet threw small fish on his maidservant’s head,</b> and <b>Rabbi Abba broke the lid of a jug.</b> All of these Sages caused minimal damage in creating the impression that they were angry.</div>",""
"Shemos","חק לישראל - פרשת שמות יום שני","12","","<h1><b>זוהר</b></h1>","",""
"Shemos","חק לישראל - פרשת שמות יום שני","13","Zohar, Shemot 6","רִבִּי יוֹסֵי פָתַח וְאָמַר (שמואל א' י''ב) וַיִּשְׁכְּחוּ אֶת יְיָ אֱלֹהֵיהֶם וְגוֹמֵר. מָאי וַיִּשְׁכְּחוּ דְדָחוּ מִנַּיְיהוּ בְרִית קַיָּימָא קַדִּישָׁא דַהֲווֹ גַזְרִין וְלָא פַרְעִין עַד דְּאָתַת דְּבוֹרָה וּנְדִיבַת בְּהָאי לְכָל יִשְׂרָאֵל כְּמָה דִכְתִיב (שופטים ה') בִּפְרוֹעַ פְּרָעוֹת בְּיִשְׂרָאֵל בְּהִתְנַדֵּב עָם בָּרְכוּ יְיָ. מָאן דְקָטִיל בְּנוֹי הַהוּא עוֹבָרָא דְמִתְעַבְּרָא אִתְּתֵיהּ וְגָרִים לְקַטָּלָא לֵיה בִּמְעָהָא דְסָתִיר בִּנְיָינָא דְקֻדְּשָׁא בְרִיךְ הוּא וְאוּמָנוּתָא דִילֵיהּ. אִית מָאן דְּקָטִיל בַּר נַשׁ וְהָאי (בראשית רי''ט כ') קָטִיל בְּנוֹי. תְּלָתָא בִּישִׁין עָבִיד דְּכָל עַלְמָא לָא יָכִיל לְמִסְבַּל וְעַל דָּא עַלְמָא מִתְמוֹגְגָא זְעֵיר זְעֵיר וְלָא יְדִיעַ וְקֻדְשָׁא בְרִיךְ הוּא אִסְתְּלִיק מֵעַלְמָא וְחַרְבָּא וְכַפְנָא וּמוֹתָנָא אַתְיָין עַל עַלְמָא. וְאִלֵּין אִינוּן קָטִיל בְּנוֹי סָתִיר בִּנְיָינָא דְמַלְכָּא. דָּחֵי שְׁכִינְתָּא דַאְזלָא וּמְשַׁטְטָא בְעַלְמָא וְלָא אַשְׁכָּחַת נַיְיחָא וְעַל (דָּא) אִלֵּין רוּחָא (ס''א רוּחִין) דְּקוּדְשָׁא (עָבִיד) בַּכְיָה. וְעַלְמָא אִתְדָּן בְּכָל הֲנֵי דִינִין. וָוי לְהַהוּא בַּר נַשׁ וָוי לֵיהּ טָב לֵיהּ דְּלָא יִתְבְּרֵי בְעַלְמָא זַכָּאִין אִינוּן יִשְׂרָאֵל דְּאַף עַל גַּב דַהֲווֹ בְגָלוּתָא דְמִצְרַיִם אִסְתְּמָרוּ מִכָּל הֲנֵי תְלָתָא מִנִּדָּה וּמִבַּת אֵל נֵכָר וּמִקְּטוֹל זַרְעָא וְאִשְׁתַּדְּלוּ בְּפַרְהֶסְיָא בְּפִרְיָה וְרִבְיָה. דְּאַף עַל גַּב דִּגְזֵרָה אִתְגְזָר כָּל הַבֵּן הַיִּלּוֹד הַיְאוֹרָה תַּשְׁלִיכוּהוּ לָא אִשְׁתְּכַח בֵּינֵיהוֹן מָאן דְּקָטִיל עוֹבָרָא בִמְעָהָא דְאִתְּתָא כָּל שֶׁכֵּן לְבָתַר. וּבִזְכוּתָא דָא נַפְקוּ יִשְׂרָאֵל מִן גָּלוּתָא. מִנִּדָּה דְתָנֵי רִבִּי חִיָּיא מָאי (ד''ד ע''א) דִכְתִיב (שמות ל''ח) וַיַּעַשׂ אֶת הַכִּיּוֹר נְחֹשֶׁת וְאֵת כַּנּוֹ נְחֹשֶׁת בְּמַרְאוֹת הַצוֹבְאוֹת מִפְּנֵי מַה זָכוּ נַשִּׁין לְהָאי בְּגִין דְּאִסְתְּמָרוּ גַּרְמַיְיהוּ בְגָלוּתָא דְמִצְרַיִם דִּלְבָתַר דְּאִתְדַּכְיָין הֲווּ אַתְיָין מִתְקַשְּׁטָן וּמִסְתַּכְּלָן בַּמַּרְאָה בִּבְעָלֵיהוֹן וּמְעוֹרְרָן לוֹן בִּפְרִיָה וְרִבְיָה. מִבַּת אֵל נֵכָר דִּכְתִיב (שם י''ב) יָצְאוּ כָּל צִבְאוֹת יְיָ וְגוֹמֵר. וּכְתִיב (תהלים קכ''ב) שִׁבְטֵי יָהּ עֵדוּת לְיִשְׂרָאֵל עֵדוּת לְיִשְׂרָאֵל וַדָּאי. וְאֵלֶּה שְׁמוֹת בְּנֵי יִשְׂרָאֵל. שִׁבְטֵי בְנֵי יִשְׂרָאֵל. דַּבֵּר אֶל בְּנֵי יִשְׂרָאֵל. וְאִי תֵימָא וְהָא כְתִיב וְהוּא בֶּן אִישׁ מִצְרִי הָא וַדָּאי חָד הֲוָה וּפִרְסְמוֹ קְרָא דִכְתִיב (ויקרא כ''ד) וְהוּא בֶּן אִישׁ מִצְרִי וְשֵׁם אִמּוֹ שְׁלוֹמִית בַּת דִּבְרִי לְמַטֵּה דָן. פִּרְיָה וְרִבְיָה דִכְתִיב וּבְנֵי יִשְׂרָאֵל פָּרוּ וַיִּשְׁרְצוּ וַיִּרְבּוּ וְגוֹמֵר. וּמִכָּל הֲנֵי אִסְתְּמָרוּ יִשְׂרָאֵל. בְּנֵי יִשְׂרָאֵל (ז' א') עָאלוּ בְּנֵי יִשְׂרָאֵל נַפְקוּ הֲדָא הוּא דִכְתִיב וְאֵלֶּה שְׁמוֹת בְּנֵי יִשְׂרָאֵל וְגוֹמֵר:","",""
"Shemos","חק לישראל - פרשת שמות יום שני","14","","רַבִּי יוֹסֵי פָּתַח וְאָמַר, וַיִּשְׁכְּחוּ אֶת ה' אֱלֹקֵיהֶם וְגוֹ' וַיַּעֲזְבוּ אֶת ה'. וְשׁוֹאֵל, מַהוּ וַיִּשְׁכְּחוּ וַיַּעֲזְבוּ. וּמֵשִׁיב, שֶׁדָּחוּ מֵעַצְמָם אוֹת בְּרִית קֹדֶשׁ, שֶׁהָיוּ מָלִים וְלֹא פּוֹרְעִים, עַד שֶׁבָּאָה דְּבוֹרָה, וְהִתְנַדְּבָה בָּזֶה, לְכָל יִשְׂרָאֵל. כְּמוֹ שֶׁכָּתוּב, בִּפְרֹעַ פְּרָעוֹת בְּיִשְׂרָאֵל בְּהִתְנַדֵּב וְגוֹ'. מִי שֶׁהוֹרֵג אֶת בָּנָיו, דְּהַיְנוּ לְאוֹתוֹ עֻבָּר שֶׁאִשְׁתּוֹ נִתְעַבְּרָה בּוֹ, וְגוֹרֵם לַהֲרֹג אוֹתוֹ בְּמֵעֶיהָ שֶׁסּוֹתֵר בִּנְיָנוֹ שֶׁל הַקָּדוֹשׁ בָּרוּךְ הוּא וְאוּמָנוּתוֹ. יֵשׁ מִי שֶׁהוֹרֵג אָדָם, וְזֶה הוֹרֵג בָּנָיו. שָׁלֹשׁ רָעוֹת עָשָׂה שֶׁהָעוֹלָם כֻּלּוֹ אֵינוֹ יָכוֹל לִסְבֹּל, וְעַל כֵּן הָעוֹלָם מִתְמוֹטֵט מְעָט מְעָט, וְלֹא יָדוּעַ לָמָּה, וְהַקָּדוֹשׁ בָּרוּךְ הוּא מִסְתַּלֵּק מִן הָעוֹלָם, וְחֶרֶב וְרָעָב וּמָוֶת בָּאִים עַל הָעוֹלָם. וְאֵלּוּ הֵם, הוֹרֵג בָּנָיו, סוֹתֵר בִּנְיָן הַמֶּלֶךְ, וְדוֹחֶה אֶת הַשְּׁכִינָה, שֶׁהוֹלֶכֶת וּמְשׁוֹטֶטֶת בָּעוֹלָם וְאֵינָהּ מוֹצֵאת מְנוּחָה. וְעַל אֵלּוּ, רוּחַ הַקֹּדֶשׁ בּוֹכָה. וְהָעוֹלָם נִדּוֹן בְּכָל אֵלּוּ הַדִּינִים. אוֹי לְאוֹתוֹ הָאָדָם, אוֹי לוֹ, מוּטָב לוֹ שֶׁלֹּא הָיָה נִבְרָא בָּעוֹלָם. אַשְׁרֵיהֶם יִשְׂרָאֵל, שֶׁאַף עַל פִּי שֶׁהָיוּ בְּגָלוּת מִצְרַיִם, נִשְׁמְרוּ מִכָּל שָׁלֹשׁ אֵלּוּ, מִנִּדָּה וּמִבַּת אֵל נֵכָר, וּמִלַּהֲרוֹג אֶת הַבָּנִים. וְהִשְׁתַּדְּלוּ לְעוֹרֵר הַפִּרְיָה וְרִבְיָה, וְאַף עַל פִּי שֶׁנִּגְזְרָה גְּזֵרָה, כָּל הַבֵּן הַיִּלוֹד הַיְאוֹרָה תַּשְׁלִיכוּהוּ, לֹא נִמְצָא בֵּינֵיהֶם אִישׁ שֶׁיַּהֲרֹג עֻבָּר בִּמְעֵי אִשָּׁה, וּמִכָּל שֶׁכֵּן לְאַחַר שֶׁנּוֹלָד, וּבִזְכוּת זֶה יָצְאוּ יִשְׂרָאֵל מִן הַגָּלוּת. נִשְׁמְרוּ בְּמִצְרַיִם מִנִּדָּה. כִּי רַבִּי חִיָּא לָמַד, מַהוּ שֶׁכָּתוּב, וַיַּעַשׂ וְגוֹ' בַּמַּרְאוֹת הַצוֹבְאוֹת, מִפְּנֵי מַה זָּכוּ הַנָּשִׁים לְכָךְ, הוּא מִשּׁוּם שֶׁשָּׁמְרוּ אֶת עַצְמָן בְּגָלוּת מִצְרַיִם, שֶׁלְּאַחַר שֶׁנִּטָהֲרוּ מִנִּדָּתָן הָיוּ בָּאוֹת וּמִתְקַשְּׁטוֹת וּמִסְתַּכְּלוֹת בַּמַּרְאָה בְּבַעֲלֵיהֶן וּמְעוֹרְרוֹת אוֹתָם בְּפִרְיָה וְרִבְיָה. נִשְׁמְרוּ בְּמִצְרַיִם מִבַּת אֵל נֵכָר שֶׁכָּתוּב, יָצְאוּ כָּל צִבְאוֹת ה'. וְכָתוּב, שִׁבְטֵי יָהּ עֵדוּת לְיִשְׂרָאֵל, וַדַּאי, וְכָתוּב, אֵלֶּה שְׁמוֹת בְּנֵי יִשְׂרָאֵל. שִׁבְטֵי בְּנֵי יִשְׂרָאֵל. דַּבֵּר אֶל בְּנֵי יִשְׂרָאֵל. וְאִם תֹּאמַר, הֲרֵי כָּתוּב, וְהוּא בֶּן אִישׁ מִצְרִי. וּמֵשִׁיב, הִנֵּה וַדַּאי אֶחָד הָיָה וּפִרְסְמוֹ הַכָּתוּב, שֶׁכָּתוּב, וְהוּא בֶּן אִישׁ מִצְרִי וְגוֹ'. נִשְׁמְרוּ בְּמִצְרַיִם לְקַיֵּם פִּרְיָה וְרִבְיָה, שֶׁכָּתוּב וּבְנֵי יִשְׂרָאֵל פָּרוּ וַיִּשְׁרְצוּ וְגוֹ'. הֲרֵי שֶׁמִּכָּל אֵלּוּ, מִנִּדָּה, מִבַּת אֵל נֵכָר, וּמִלַּהֲרֹג הַבָּנִים, נִשְׁמְרוּ יִשְׂרָאֵל בְּמִצְרַיִם, וְעַל כֵּן בָּאוּ בְּנֵי יִשְׂרָאֵל לְמִצְרַיִם וְיָצְאוּ בְּנֵי יִשְׂרָאֵל לַחֵירוּת, ז''שׁ וְאֵלֶּה שְׁמוֹת בְּנֵי יִשְׂרָאֵל הַבָּאִים וְגוֹ'. כִּי בָּאוּ מַשְׁמָע, שֶׁלֹּא לְהִשְׁתַּקֵּעַ, אֶלָּא שֶׁיֵּצְאוּ מִשָּׁם, וְהַיְנוּ בִּזְכוּת שְׁמִירַת שָׁלֹשׁ דְּבָרִים הַנִּזְכָּרִים לְעֵיל.","",""
"Shemos","חק לישראל - פרשת שמות יום שני","15","","<h1><b>הלכה פסוקה</b></h1>","",""
"Shemos","חק לישראל - פרשת שמות יום שני","16","Mishneh Torah, Repentance 3:5-6","<div><b>א. </b>הַבֵּינוֹנִים אִם הָיָה בִּכְלַל מֵחֶצָה עֲוֹנוֹת שֶׁלָּהֶן שֶׁלֹּא הִנִיחַ תְּפִלִּין מֵעוֹלָם דָּנִין אוֹתוֹ כְּפִי חֶטְאוֹ וְיֵשׁ לוֹ חֵלֶק לָעוֹלָם הַבָּא וְכֵן כָּל הָרְשָׁעִים שֶׁעֲוֹנוֹתֵיהֶן מְרֻבִּים דָּנִין אוֹתָן כְּפִי חֲטָאֵיהֶם וְיֵשׁ לָהֶם חֵלֶק לָעוֹלָם הַבָּא שֶׁכָּל יִשְׂרָאֵל יֵשׁ לָהֶם חֵלֶק לָעוֹלָם הַבָּא אַף עַל פִּי שֶׁחָטְאוּ שֶׁנֶּאֱמַר וְעַמֵּךְ כֻּלָּם צַדִּיקִים לְעוֹלָם יִירְשׁוּ אָרֶץ אֶרֶץ זוּ מָשָׁל כְּלוֹמַר אֶרֶץ הַחַיִּים וְהוּא הָעוֹלָם הַבָּא. וְכֵן חֲסִידֵי אוּמוֹת הָעוֹלָם יֵשׁ לָהֶם חֵלֶק לָעוֹלָם הַבָּא:</div><div><b>ב. </b>וְאֵלּוּ הֵם שֶׁאֵין לָהֶם חֵלֶק לָעוֹלָם הַבָּא אֶלָּא נִכְרָתִין וְאוֹבְדִים וְנִדּוֹנִין עַל גּוֹדֶל רִשְׁעָם וְחַטָּאתָם לְעוֹלָם וּלְעוֹלְמֵי עוֹלָמִים. הָאַפִּיקוֹרוֹסִין וְהַכּוֹפְרִים בַּתּוֹרָה וְהַכּוֹפְרִים בִּתְחִיַּית הַמֵּתִים וּבְבִיאַת הַגּוֹאֵל וְהַמּוּמְרִין וּמַחֲטִיאֵי הָרַבִּים וְהַפּוֹרְשִׁין מִדַּרְכֵי צִבּוּר וְהָעוֹשֶׂה עֲבֵירוֹת בְּיָד רָמָה בְּפַרְהֶסְיָא כִּיהוֹיָקִים וְהַמּוֹסְרִים וּמַטִּילֵי אֵימָה עַל הַצִבּוּר שֶׁלֹּא לְשֵׁם שָׁמַיִם וְשׁוֹפְכֵי דָמִים וּבַעֲלֵי לָשׁוֹן הָרָע וְהַמּוֹשֵׁךְ עָרְלָתוֹ:</div>","<div>When the vices and virtues of man are weighed neither the first nor the second time is taken into consideration, but from the third time onward; if his vices from the third time onward exceed his virtues, then those two transgressions, too are added, and he is tried on all; but if his virtues balance his vices from the third transgression onward, all of his transgressions are wiped off one by one, as the third transgression is counted as the first for the two long since had been forgiven, so is the fourth considered thereafter first, as the third long since had been forgiven, and this way till end of the transgressions. That is saying concerning an individual, of whom it is said: ""Lo, all these things does God work, twice, yea thrice, with a man"" (Job. 33. 29): but concerning a congregation, the first, second and third transgression is held suspended over them, even as it is said: ""Thus saith the Lord: For three transgressions of Israel, yea, for four, I will not reverse it"" (Amos. 2. 6) and when the reckoning comes up, the reckoning is made even in this manner, i. e. from the fourth transgression and onward. The intermediary category, if there be among the half of their transgressions such sins as never having put on phylacteries, each one is judged according to his transgressions, but has a share in the World to Come. Even so are the wicked whose vices are more than their virtues judged according to their transgressions but have a share in the World to Come; for all Israel have a share in the World to Come, even as it is said: ""Thy people also shall be all righteous; they shall inherit the land for ever"" (Is. 60. 21). So, too, do the righteous of among the nations of the world have a share in the World to Come.<sup class=""footnote-marker"">7</sup><i class=""footnote"">Yoma, 86b; Rosh ha-Shanah, 16a; Sanhedrin, 102b. C.</i></div><div>And, the following are they that have no share in the World to Come but suffer excision and loss of identity, and are damned for ever and ever for their exceeding wickedness and sinfulness: atheists, infidels, traducers of the Torah, dissenters of resurrection and the coming of a Redeemer, apostates, enticers of many to sin, seceders from the congregation, a public perpetrator of sins emulating Jehoiakim,<sup class=""footnote-marker"">8</sup><i class=""footnote"">See II. Kings, 23.36–24.6 G.</i> informers, leaders who cast fear upon the congregation not for the sake of God, shedders of blood by defaming people in public, evil-tongued people, he who abolishes circumcision.<sup class=""footnote-marker"">9</sup><i class=""footnote"">Rosh ha-Shanah, 17a. G.</i></div>",""
"Shemos","חק לישראל - פרשת שמות יום שני","17","","<h1><b>מוסר</b></h1>","",""
"Shemos","חק לישראל - פרשת שמות יום שני","18","","<div><strong><span style=""color: #999999;"">ספר דברים שבקדושה סי' ה' ו'</span></strong></div><div>א. יִזָהֵר מְאֹד לְטַהֵר רַעְיוֹנָיו שֶׁלֹּא יְהַרְהֵר בַּיּוֹם וְיָבֹא לִידֵי קֶרִי בַּלַּיְלָה. אָמַר רִבִּי יוֹסֵי כְּשֶׁרוֹאֶה הָאָדָם הִרְהוּרִים רָעִים בָּאִים עַל לִבּוֹ יִתְעַסֵּק בַּתּוֹרָה וְיַעַבְרוּ מִמֶּנּוּ: ב. לֹא תִטַּע לְךָ אֲשֵׁרָה שֶׁלֹּא יוֹלִיד בֵּן מַמְזֵר אוֹ רָשָׁע כִּי אֲפִלּוּ מֵאִשְׁתּוֹ יִהְיֶה זֶה עַל יְדֵי הַהִרְהוּר בִּשְׁעַת הַזִוּוּג. וְהֵן הֵן פָּרִיצֵי הַדּוֹר. וְגַם יִזָּהֵר מֵהַמַּחֲלוֹקֶת שֶׁיָּבֹא לִפְגוֹם בַּיְּסוֹד שֶׁהוּא שָׁלוֹם: ג. כִּי יִהְיֶה רִיב וגו' אֵין שָׁלוֹם יוֹצֵא מִתּוֹךְ מְרִיבָה וְכֵן הוּא אוֹמֵר וַיְהִי רִיב בֵּין רוֹעֵי מִקְנֵה אַבְרָם וגו' מִי גָרַם לְלוֹט לִפְרוֹשׁ מִן הַצַדִּיק הֱוֵי אוֹמֵר זוּ מְרִיבָה: ד. בֹּא וּרְאֵה כַּמָּה גוֹרֵם הַמַּחֲלוֹקֶת שֶׁכָּל הָעוֹזֵר בְּמַחֲלוֹקֶת הַקָּדוֹשׁ בָּרוּךְ הוּא מְאַבֵּד זִכְרוֹ שֶׁבְּמַחֲלוֹקֶת קרַח תִּינוֹקוֹת בְּנֵי יוֹמָן נִבְלָעוּ: ה. מַחֲלוֹקֶת רָאשֵׁי תֵּיבוֹת מַכָּה חֲרוֹן לָקוּי קְלָלָה תּוֹעֵבָה: ו. אָמַר רִבִּי יְהוֹשֻׁעַ בֶּן לֵוִי אָמַר הַקָדוֹשׁ בָּרוּךְ הוּא לְיִשְׂרָאֵל אַתֶּם גְּרַמְתֶּם לְהַחֲרִיב בֵּיתִי וּלְהַגְלוֹת בָּנַי שַׁאֲלוּ לְשָׁלוֹם וַאֲנִי מוֹחֵל לָכֶם שֶׁנֶּאֱמַר (תהילים קכ''ג) שַׁאֲלוּ שְׁלוֹם יְרוּשָׁלַםִ: ז. לֹא נֶחֱרַב הַבַּיִת אֶלָּא בִּשְׁבִיל שִׂנְאַת חִנָּם וּכְשֶּׁיִּהְיוּ יִשְׂרָאֵל בְּשָׁלוֹם זֶה עִם זֶה הוּא תִּקּוּן הַיְסוֹד מִדַּת הַשָּׁלוֹם וְיָבֹא הַגּוֹאֵל בִּמְהֵרָה בְיָמֵינוּ אָמֵן:</div>","",""
"Shemos","חק לישראל - פרשת שמות יום שלישי","1","","<h1><b>תורה</b></h1>","",""
"Shemos","חק לישראל - פרשת שמות יום שלישי","2","","<small>יכוין בקריאת חמשה פסוקים אלו שהם כנגד הֶ דמילוי הה ראשונה דשם ב''ן להשאיר בו הארה מתוספת נפש משבת שעברה:</small>","",""
"Shemos","חק לישראל - פרשת שמות יום שלישי","3","Exodus 1:11-15","<div>א (<small>יא</small>) וַיָּשִׂ֤ימוּ עָלָיו֙ שָׂרֵ֣י מִסִּ֔ים לְמַ֥עַן עַנֹּת֖וֹ בְּסִבְלֹתָ֑ם וַיִּ֜בֶן עָרֵ֤י מִסְכְּנוֹת֙ לְפַרְעֹ֔ה אֶת־פִּתֹ֖ם וְאֶת־רַעַמְסֵֽס׃</div><div><small>וּמַנִיאוּ <b>עֲלֵיהוֹן</b> שִׁלְטוֹנִין <b>מַבְאִישִׁין</b> בְּדִיל לְעַנוֹאֵ<b>הוֹן בְּפָלְחָנְהוֹן</b> וּבְנוֹ קִרְוֵי בֵית אוֹצָרָא לְפַרְעֹה יָת פִּיתוֹם וְיָת רַעַמְסֵס:</small></div><div>(<small>יב</small>) וְכַאֲשֶׁר֙ יְעַנּ֣וּ אֹת֔וֹ כֵּ֥ן יִרְבֶּ֖ה וְכֵ֣ן יִפְרֹ֑ץ וַיָּקֻ֕צוּ מִפְּנֵ֖י בְּנֵ֥י יִשְׂרָאֵֽל׃</div><div><small>וּכְמָא דִמְעַנַן <b>לְהוֹן</b> כֵּן סָגָן וְכֵן <b>תַּקְפִין</b> וַעֲקַת לְמִצְרָאֵי מִן קֳדָם בְּנֵי יִשְׂרָאֵל:</small></div><div>(<small>יג</small>) וַיַּעֲבִ֧דוּ מִצְרַ֛יִם אֶת־בְּנֵ֥י יִשְׂרָאֵ֖ל בְּפָֽרֶךְ׃</div><div><small>וְאַפְלָחוּ מִצְרָאֵי יָת בְּנֵי יִשְׂרָאֵל בְּקַשְׁיוּ:</small></div><div>(<small>יד</small>) וַיְמָרְר֨וּ אֶת־חַיֵּיהֶ֜ם בַּעֲבֹדָ֣ה קָשָׁ֗ה בְּחֹ֙מֶר֙ וּבִלְבֵנִ֔ים וּבְכׇל־עֲבֹדָ֖ה בַּשָּׂדֶ֑ה אֵ֚ת כׇּל־עֲבֹ֣דָתָ֔ם אֲשֶׁר־עָבְד֥וּ בָהֶ֖ם בְּפָֽרֶךְ׃</div><div><small>וְאַמְרָרוּ יָת חַיֵיהוֹן בְּפָלְחָנָא קָשְׁיָא בְּטִינָא וּבְלִבְנִין וּבְכָל פָּלְחָנָא בְּחַקְלָא יָת כָּל פָּלְחָנְהוֹן דְאַפְלָחוּ בְהוֹן בְּקַשְׁיוּ:</small></div><div>(<small>טו</small>) וַיֹּ֙אמֶר֙ מֶ֣לֶךְ מִצְרַ֔יִם לַֽמְיַלְּדֹ֖ת הָֽעִבְרִיֹּ֑ת אֲשֶׁ֨ר שֵׁ֤ם הָֽאַחַת֙ שִׁפְרָ֔ה וְשֵׁ֥ם הַשֵּׁנִ֖ית פּוּעָֽה׃</div><div><small>וַאֲמַר מַלְכָּא דְמִצְרַיִם לְחַיָתָא יְהוּדַיָתָא דְשׁוּם חָדָא שִׁפְרָה וְשּׁוּם תִּנְיֵתָא פּוּעָה:</small></div>","<div>1 (11) Therefore they did set over them taskmasters to afflict them with their burdens. And they built for Par῾o treasure cities, namely Pitom and Ra῾amses.</div><div>(12) But the more they afflicted them, the more they multiplied and grew. And they were mortified on account of the children of Yisra᾽el.</div><div>(13) And Miżrayim made the children of Yisra᾽el serve with rigour:</div><div>(14) and they made their lives bitter with hard bondage, in mortar, and in brick, and in all manner of bondage in the field: all their bondage, wherein they made them serve, was with rigour.</div><div>(15) And the king of Miżrayim spoke to the Hebrew midwives, of whom the name of the one was Shifra, and the name of the other Pu῾a:</div>",""
"Shemos","חק לישראל - פרשת שמות יום שלישי","4","","<h1><b>נביאים</b></h1>","",""
"Shemos","חק לישראל - פרשת שמות יום שלישי","5","Isaiah 28:3-7","<div>כח (<small>ג</small>) בְּרַגְלַ֖יִם תֵּרָמַ֑סְנָה עֲטֶ֥רֶת גֵּא֖וּת שִׁכּוֹרֵ֥י אֶפְרָֽיִם׃</div><div><small>בְּרִגְלִין יִתְּדָשׁ כִּתְרָא דְגֵיוְתָנָא טִפְּשָׁא רַבָּא דְיִשְׂרָאֵל:</small></div><div>(<small>ד</small>) וְֽהָ֨יְתָ֜ה צִיצַ֤ת נֹבֵל֙ צְבִ֣י תִפְאַרְתּ֔וֹ אֲשֶׁ֥ר עַל־רֹ֖אשׁ גֵּ֣יא שְׁמָנִ֑ים כְּבִכּוּרָהּ֙ בְּטֶ֣רֶם קַ֔יִץ אֲשֶׁ֨ר יִרְאֶ֤ה הָרֹאֶה֙ אוֹתָ֔הּ בְּעוֹדָ֥הּ בְּכַפּ֖וֹ יִבְלָעֶֽנָּה׃ <span class=""mam-spi-samekh"">{ס}</span>        </div><div><small>וִיהֵי דְיָהִיב מִצְנַפְתָּא לְרַשִׁיעַיָא דְבֵית מַקְדְשָׁא תּוּשְׁבַּחְתֵּהּ דִי עַל רֵישׁ חֵילָא שְׁמֵינָא כְּבִכּוּרָא עַד לָא קַיְטָא דְאִם יֶחֱזֵי דְחָזֵי יָתָהּ כְּאִלוּ הִיא בִּידֵהּ יְבַלְעִינָהּ:</small></div><div>(<small>ה</small>) בַּיּ֣וֹם הַה֗וּא יִֽהְיֶה֙ יְהֹוָ֣ה צְבָא֔וֹת לַעֲטֶ֣רֶת צְבִ֔י וְלִצְפִירַ֖ת תִּפְאָרָ֑ה לִשְׁאָ֖ר עַמּֽוֹ׃</div><div><small>בְּעִדָנָא הַהִיא יְהֵי מְשִׁיחָא דַייָ צְבָאוֹת לִכְלִילָא דְחֶדְוָא וּלְכֶתֶר דְתוּשְׁבָּחָא לִשְׁאָרָא דְעַמֵהּ:</small></div><div>(<small>ו</small>) וּלְר֖וּחַ מִשְׁפָּ֑ט לַיּוֹשֵׁב֙ עַל־הַמִּשְׁפָּ֔ט וְלִ֨גְבוּרָ֔ה מְשִׁיבֵ֥י מִלְחָמָ֖ה שָֽׁעְרָה׃ <span class=""mam-spi-samekh"">{ס}</span>        </div><div><small>לְמֵימָר קְשׁוֹט דְדִין לִדְיָתְבִין בְּבֵית דִינָא לְמִדָן דִין דִקְשׁוֹט וּלְמִתַּן נִצְחָנָא לִדְנָפְקִין בִּקְרָבָא לַאֲתָבוּתְהוֹן בִּשְׁלָם לְבָתֵּיהוֹן:</small></div><div>(<small>ז</small>) וְגַם־אֵ֙לֶּה֙ בַּיַּ֣יִן שָׁג֔וּ וּבַשֵּׁכָ֖ר תָּע֑וּ כֹּהֵ֣ן וְנָבִיא֩ שָׁג֨וּ בַשֵּׁכָ֜ר נִבְלְע֣וּ מִן־הַיַּ֗יִן תָּעוּ֙ מִן־הַשֵּׁכָ֔ר שָׁגוּ֙ בָּרֹאֶ֔ה פָּק֖וּ פְּלִילִיָּֽה׃</div><div><small>וְאַף אִלֵין בְּחַמְרָא רְווֹ וּבְעַתִּיקָא אִסְתַּלְעֲמוּ כַהֲנָא וְסָפַּר רְווֹ מִן עַתִּיק אִסְתַּלְעֲמוּ מִן חֲמַר טְעוֹ מִן עַתִּיק אִתְפְּנִיאוּ בָּתַר מֵיכַל בְּסִיס טְעוֹ דַיָנְהָא:</small></div>","<div>28 (3) The crown of pride of the drunkards of Efrayim shall be trodden under feet:</div><div>(4) and the fading flower of the glorious beauty, which is at the head of the rich valley, shall be as the first ripe fig before the summer; which when one sees, while it is yet in his hand he swallows it up.</div><div>(5) In that day shall the Lord of hosts be for a crown of glory, and for a diadem of beauty, to the residue of his people,</div><div>(6) and for a spirit of judgment to him that sits in judgment, and for strength to them that turn back the battle to the gate.</div><div>(7) But they also reel through wine, and stagger through strong drink; the priest and the prophet reel through strong drink, they are confused by wine, they stagger through strong drink; they err in vision, they stumble in judgment.</div>",""
"Shemos","חק לישראל - פרשת שמות יום שלישי","6","","<h1><b>כתובים</b></h1>","",""
"Shemos","חק לישראל - פרשת שמות יום שלישי","7","Proverbs 12:4-8","<div>יב (<small>ד</small>) אֵֽשֶׁת־חַ֭יִל עֲטֶ֣רֶת בַּעְלָ֑הּ וּכְרָקָ֖ב בְּעַצְמוֹתָ֣יו מְבִישָֽׁה׃</div><div><small>אִתְּתָא כְשַׁרְתָּא כְּלִילָא לְבַעֲלָהּ וְאִנְתְּתָא בִּישְׁתָּא הֵיךְ מַלְטִיתָא בְּקַיְסָא הֵיכְנָא מֵיבְדָא גַרְמוֹי דְגַבְרָהּ:</small></div><div>(<small>ה</small>) מַחְשְׁב֣וֹת צַדִּיקִ֣ים מִשְׁפָּ֑ט תַּחְבֻּל֖וֹת רְשָׁעִ֣ים מִרְמָֽה׃</div><div><small>מַחְשְׁבָתְהוֹן דְצַדִיקֵי דִינָא מַדְבְּרָנוּתָא דְרַשִׁיעֵי רַמָיוּתָא:</small></div><div>(<small>ו</small>) דִּבְרֵ֣י רְשָׁעִ֣ים אֱרׇב־דָּ֑ם וּפִ֥י יְ֝שָׁרִ֗ים יַצִּילֵֽם׃</div><div><small>מִלֵי דְרַשִׁיעֵי כָּמְנִין לִדְמָא וּפוּמְהוֹן דִתְרִיצֵי מַפְצֵי לְהוֹן:</small></div><div>(<small>ז</small>) הָפ֣וֹךְ רְשָׁעִ֣ים וְאֵינָ֑ם וּבֵ֖ית צַדִּיקִ֣ים יַעֲמֹֽד׃</div><div><small>נִתְהַפְּכוּן רַשִׁיעֵי וְלָא נִשְׁתַּכְּחוּן וּבֵיתְהוֹן דְצַדִיקֵי יְקוּם:</small></div><div>(<small>ח</small>) לְֽפִי־שִׂ֭כְלוֹ יְהֻלַּל־אִ֑ישׁ וְנַעֲוֵה־לֵ֝֗ב יִהְיֶ֥ה לָבֽוּז׃</div><div><small>גַבְרָא מִשְׁתַּבַּח בְּפוּמָא דְסוּכְלְתָנוּתֵיהּ וַחֲסִיר רַעֲיְנָא יֶהֱוֵי לִשְׁטוּתָא:</small></div>","<div>12 (4) A virtuous woman is a crown to her husband: but she that acts shamefully is as rottenness in his bones.</div><div>(5) The thoughts of the righteous are right: but the counsels of the wicked are deceit.</div><div>(6) The words of the wicked are to lie in wait for blood: but the mouth of the upright shall deliver them.</div><div>(7) The wicked are overthrown, and are no more: but the house of the righteous shall stand.</div><div>(8) A man shall be commended according to his intelligence: but he that is of perverse mind shall be despised.</div>",""
"Shemos","חק לישראל - פרשת שמות יום שלישי","8","","<h1><b>משנה</b></h1>","",""
"Shemos","חק לישראל - פרשת שמות יום שלישי","9","Mishnah Yevamot 13","<div>א. בֵּית שַׁמַּאי אוֹמְרִים, אֵין מְמָאֲנִין אֶלָּא אֲרוּסוֹת. וּבֵית הִלֵּל אוֹמְרִים, אֲרוּסוֹת וּנְשׂוּאוֹת. בֵּית שַׁמַּאי אוֹמְרִים, בַּבַּעַל וְלֹא בַיָּבָם. וּבֵית הִלֵּל אוֹמְרִים, בַּבַּעַל וּבַיָּבָם. בֵּית שַׁמַּאי אוֹמְרִים, בְּפָנָיו. וּבֵית הִלֵּל אוֹמְרִים, בְּפָנָיו וְשֶׁלֹּא בְפָנָיו. בֵּית שַׁמַּאי אוֹמְרִים, בְּבֵית דִּין. וּבֵית הִלֵּל אוֹמְרִים, בְּבֵית דִּין וְשֶׁלֹּא בְבֵית דִּין. אָמְרוּ לָהֶן בֵּית הִלֵּל לְבֵית שַׁמַּאי, מְמָאֶנֶת וְהִיא קְטַנָּה, אֲפִלּוּ אַרְבָּעָה וַחֲמִשָּׁה פְעָמִים. אָמְרוּ לָהֶן בֵּית שַׁמַּאי, אֵין בְּנוֹת יִשְׂרָאֵל הֶפְקֵר, אֶלָּא מְמָאֶנֶת וּמַמְתֶּנֶת עַד שֶׁתַּגְדִּיל, וּתְמָאֵן וְתִנָּשֵׂא: 
</div><div>ב. אֵיזוֹ הִיא קְטַנָּה שֶׁצְּרִיכָה לְמָאֵן, כֹּל שֶׁהִשִּׂיאוּהָ אִמָּהּ וְאַחֶיהָ לְדַעְתָּהּ. הִשִּׂיאוּהָ שֶׁלֹּא לְדַעְתָּהּ, אֵינָהּ צְרִיכָה לְמָאֵן. רַבִּי חֲנִינָא בֶּן אַנְטִיגְנוֹס אוֹמֵר, כָּל תִּינוֹקֶת שֶׁאֵינָהּ יְכוֹלָה לִשְׁמֹר קִדּוּשֶׁיהָ, אֵינָהּ צְרִיכָה לְמָאֵן. רַבִּי אֱלִיעֶזֶר אוֹמֵר, אֵין מַעֲשֵׂה קְטַנָּה כְלוּם, אֶלָּא כִמְפֻתָּה. בַּת יִשְׂרָאֵל לְכֹהֵן, לֹא תֹאכַל בַּתְּרוּמָה. בַּת כֹּהֵן לְיִשְׂרָאֵל, תֹּאכַל בַּתְּרוּמָה: 
</div><div>ג. רַבִּי אֱלִיעֶזֶר בֶּן יַעֲקֹב אוֹמֵר, כָּל עַכָּבָה שֶׁהִיא מִן הָאִישׁ, כְּאִלּוּ הִיא אִשְׁתּוֹ. וְכָל עַכָּבָה שֶׁאֵינָהּ מִן הָאִישׁ, כְּאִלּוּ אֵינָהּ אִשְׁתּוֹ: 
</div><div>ד. הַמְמָאֶנֶת בָּאִישׁ, הוּא מֻתָּר בִּקְרוֹבוֹתֶיהָ, וְהִיא מֻתֶּרֶת בִּקְרוֹבָיו, וְלֹא פְסָלָהּ מִן הַכְּהֻנָּה. נָתַן לָהּ גֵּט, הוּא אָסוּר בִּקְרוֹבוֹתֶיהָ, וְהִיא אֲסוּרָה בִקְרוֹבָיו, וּפְסָלָהּ מִן הַכְּהֻנָּה. נָתַן לָהּ גֵּט וְהֶחֱזִירָהּ, מֵאֲנָה בוֹ וְנִשֵּׂאת לְאַחֵר וְנִתְאַרְמְלָה אוֹ נִתְגָּרְשָׁה, מֻתֶּרֶת לַחֲזֹר לוֹ. מֵאֲנָה בוֹ וְהֶחֱזִירָהּ, נָתַן לָהּ גֵּט וְנִשֵּׂאת לְאַחֵר וְנִתְאַרְמְלָה אוֹ נִתְגָּרְשָׁה, אֲסוּרָה לַחֲזֹר לוֹ. זֶה הַכְּלָל, גֵּט אַחַר מֵאוּן, אֲסוּרָה לַחֲזֹר לוֹ. מֵאוּן אַחַר גֵּט, מֻתֶּרֶת לַחֲזֹר לוֹ: 
</div><div>ה. הַמְמָאֶנֶת בָּאִישׁ וְנִשֵּׂאת לְאַחֵר וְגֵרְשָׁהּ, לְאַחֵר וּמֵאֲנָה בוֹ, לְאַחֵר וְגֵרְשָׁהּ, לְאַחֵר וּמֵאֲנָה בוֹ, כֹּל שֶׁיָּצָאת הֵימֶנּוּ בְגֵט, אֲסוּרָה לַחֲזֹר לוֹ. בְּמֵאוּן, מֻתֶּרֶת לַחֲזֹר לוֹ: 
</div><div>ו. הַמְגָרֵשׁ אֶת הָאִשָּׁה וְהֶחֱזִירָהּ, מֻתֶּרֶת לַיָּבָם. וְרַבִּי אֱלִיעֶזֶר אוֹסֵר. וְכֵן הַמְגָרֵשׁ אֶת הַיְתוֹמָה וְהֶחֱזִירָהּ, מֻתֶּרֶת לַיָּבָם. וְרַבִּי אֱלִיעֶזֶר אוֹסֵר. קְטַנָּה שֶׁהִשִּׂיאָהּ אָבִיהָ וְנִתְגָּרְשָׁה, כִּיתוֹמָה בְחַיֵּי הָאָב. הֶחֱזִירָהּ, דִּבְרֵי הַכֹּל, אֲסוּרָה לַיָּבָם: 
</div><div>ז. שְׁנֵי אַחִין נְשׂוּאִין לִשְׁתֵּי אֲחָיוֹת יְתוֹמוֹת קְטַנּוֹת, וּמֵת בַּעְלָהּ שֶׁל אַחַת מֵהֶן, תֵּצֵא מִשּׁוּם אֲחוֹת אִשָּׁה. וְכֵן שְׁתֵּי חֵרְשׁוֹת גְדוֹלָה וּקְטַנָּה, מֵת בַּעְלָהּ שֶׁל קְטַנָּה, תֵּצֵא הַקְּטַנָּה מִשּׁוּם אֲחוֹת אִשָּׁה. מֵת בַּעְלָהּ שֶׁל גְּדוֹלָה, רַבִּי אֱלִיעֶזֶר אוֹמֵר, מְלַמְּדִין אֶת הַקְּטַנָּה שֶׁתְּמָאֵן בּוֹ. רַבָּן גַּמְלִיאֵל אוֹמֵר, אִם מֵאֲנָה, מֵאֲנָה. וְאִם לָאו, תַּמְתִּין עַד שֶׁתַּגְדִּיל, וְתֵצֵא הַלָּזוּ מִשּׁוּם אֲחוֹת אִשָּׁה. רַבִּי יְהוֹשֻׁעַ אוֹמֵר, אִי לוֹ עַל אִשְׁתּוֹ, וְאִי לוֹ עַל אֵשֶׁת אָחִיו. מוֹצִיא אֶת אִשְׁתּוֹ בְגֵט, וְאֵשֶׁת אָחִיו בַּחֲלִיצָה: 
</div><div>ח. מִי שֶׁהָיָה נָשׂוּי לִשְׁתֵּי יְתוֹמוֹת קְטַנּוֹת, וּמֵת, בִּיאָתָהּ אוֹ חֲלִיצָתָהּ שֶׁל אַחַת מֵהֶן פּוֹטֶרֶת צָרָתָהּ. וְכֵן שְׁתֵּי חֵרְשׁוֹת. קְטַנָּה וְחֵרֶשֶׁת, אֵין בִּיאַת אַחַת מֵהֶן פּוֹטֶרֶת צָרָתָהּ. פִּקַּחַת וְחֵרֶשֶׁת, בִּיאַת הַפִּקַּחַת פּוֹטֶרֶת אֶת הַחֵרֶשֶׁת, וְאֵין בִּיאַת הַחֵרֶשֶׁת פּוֹטֶרֶת אֶת הַפִּקַּחַת. גְּדוֹלָה וּקְטַנָּה, בִּיאַת הַגְּדוֹלָה פוֹטֶרֶת אֶת הַקְּטַנָּה, וְאֵין בִּיאַת הַקְּטַנָּה פוֹטֶרֶת אֶת הַגְּדוֹלָה: 
</div><div>ט. מִי שֶׁהָיָה נָשׂוּי לִשְׁתֵּי יְתוֹמוֹת קְטַנּוֹת, וּמֵת, בָּא יָבָם עַל הָרִאשׁוֹנָה, וְחָזַר וּבָא עַל הַשְּׁנִיָּה, אוֹ שֶׁבָּא אָחִיו עַל הַשְּׁנִיָּה, לֹא פָסַל אֶת הָרִאשׁוֹנָה. וְכֵן שְׁתֵּי חֵרְשׁוֹת. קְטַנָּה וְחֵרֶשֶׁת, בָּא יָבָם עַל הַקְּטַנָּה, וְחָזַר וּבָא עַל הַחֵרֶשֶׁת, אוֹ שֶׁבָּא אָחִיו עַל הַחֵרֶשֶׁת, לֹא פָסַל אֶת הַקְּטַנָּה. בָּא יָבָם עַל הַחֵרֶשֶׁת, וְחָזַר וּבָא עַל הַקְּטַנָּה, אוֹ שֶׁבָּא אָחִיו עַל הַקְּטַנָּה, פָּסַל אֶת הַחֵרֶשֶׁת: 
</div><div>י. פִּקַּחַת וְחֵרֶשֶׁת, בָּא יָבָם עַל הַפִּקַּחַת, וְחָזַר וּבָא עַל הַחֵרֶשֶׁת, אוֹ שֶׁבָּא אָחִיו עַל הַחֵרֶשֶׁת, לֹא פָסַל אֶת הַפִּקַּחַת. בָּא יָבָם עַל הַחֵרֶשֶׁת וְחָזַר וּבָא עַל הַפִּקַּחַת, אוֹ שֶׁבָּא אָחִיו עַל הַפִּקַּחַת, פָּסַל אֶת הַחֵרֶשֶׁת: 
</div><div>יא. גְּדוֹלָה וּקְטַנָּה, בָּא יָבָם עַל הַגְּדוֹלָה, וְחָזַר וּבָא עַל הַקְּטַנָּה, אוֹ שֶׁבָּא אָחִיו עַל הַקְּטַנָּה, לֹא פָסַל אֶת הַגְּדוֹלָה. בָּא יָבָם עַל הַקְּטַנָּה, וְחָזַר וּבָא עַל הַגְּדוֹלָה, אוֹ שֶׁבָּא אָחִיו עַל הַגְּדוֹלָה, פָּסַל אֶת הַקְּטַנָּה. רַבִּי אֶלְעָזָר אוֹמֵר, מְלַמְּדִין הַקְּטַנָּה שֶׁתְּמָאֵן בּוֹ: 
</div><div>יב. יָבָם קָטָן שֶׁבָּא עַל יְבָמָה קְטַנָּה, יִגְדְּלוּ זֶה עִם זֶה. בָּא עַל יְבָמָה גְדוֹלָה, תְּגַדְּלֶנּוּ. הַיְבָמָה שֶׁאָמְרָה בְּתוֹךְ שְׁלֹשִׁים יוֹם, לֹא נִבְעָלְתִּי, כּוֹפִין אוֹתוֹ שֶׁיַּחֲלֹץ לָהּ. לְאַחַר שְׁלֹשִׁים יוֹם, מְבַקְשִׁים הֵימֶנּוּ שְׁיַּחֲלֹץ לָהּ. וּבִזְמַן שֶׁהוּא מוֹדֶה, אֲפִלּוּ לְאַחַר שְׁנֵים עָשָׂר חֹדֶשׁ כּוֹפִין אוֹתוֹ שֶׁיַּחֲלֹץ לָהּ: 
</div><div>יג. הַנּוֹדֶרֶת הֲנָאָה מִיְבָמָהּ בְּחַיֵּי בַעְלָהּ, כּוֹפִין אוֹתוֹ שֶׁיַּחֲלֹץ לָהּ. לְאַחַר מִיתַת בַּעְלָהּ, מְבַקְשִׁין הֵימֶנּוּ שֶׁיַּחֲלֹץ לָהּ. וְאִם נִתְכַּוְּנָה לְכָךְ, אֲפִלּוּ בְחַיֵּי בַעְלָהּ, מְבַקְשִׁין הֵימֶנּוּ שֶׁיַּחֲלֹץ לָהּ: 
</div>","<div>1. The Sages decreed that in the case of a minor girl whose father died, her mother or brothers may marry her off. However, such a marriage does not have the same legal status as the marriage of an adult. Therefore, if the minor regrets having married, she is allowed to make a declaration of refusal to her husband, thereby annulling the marital bond. The Sages disagreed with regard to the details of this <i>halakha</i>: <b>Beit Shammai say: Only betrothed girls may refuse.</b> A girl may refuse, upon reaching adulthood, to remain married to the man to whom her mother or brothers married her as a minor after the death of her father. <b>But Beit Hillel say</b> that both <b>betrothed and fully married</b> girls may refuse. <b>Beit Shammai say:</b> Refusal may be directed only <b>at</b> her <b>husband and not at</b> her <b><i>yavam</i>.</b> In such a situation, she must perform <i>ḥalitza</i> in order to dissolve the levirate bond. <b>But Beit Hillel say:</b> It may be directed <b>at</b> her <b>husband or</b> her <b><i>yavam</i>.</b> <b>Beit Shammai say:</b> The refusal must take place specifically <b>in the presence of</b> the husband. <b>But Beit Hillel say:</b> It may take place <b>either in his presence or in his absence. Beit Shammai say:</b> The refusal must take place specifically <b>in court. But Beit Hillel say:</b> It may take place <b>either in court, or not in court.</b> <b>Beit Hillel said to Beit Shammai: She may refuse as long as she is a minor, even four or five times</b> if her relatives married her off again to another man after each refusal. <b>Beit Shammai said to them: The daughters of Israel are not to be treated with disregard</b> and should not be passed from one man to another. <b>Rather, she refuses</b> once. <b>And</b> then <b>she must wait until she reaches majority, and refuse, and marry.</b></div><div>2. <b>Who is a minor girl who needs to perform refusal</b> in order to annul her marriage? <b>Any</b> minor <b>whose mother or brother married her off with her consent. If they married her off without her consent, she need not refuse</b> her husband at all and may leave her husband without a declaration of refusal. <b>Rabbi Ḥanina ben Antigonus says: Any girl who</b> is so young that she <b>cannot keep her betrothal,</b> i.e., the money or document of betrothal, <b>safe does not need to refuse,</b> as the Sages instituted marriage only for a girl old enough to understand what she is doing. <b>Rabbi Elazar says: The act of a minor girl is nothing,</b> so that if a minor girl’s mother or brothers marry her off, the marriage is essentially invalid. <b>Rather,</b> her status is <b>as though she were</b> a <b>seduced</b> unmarried woman. Therefore, a minor <b>daughter of a non-priest married to a priest may not eat <i>teruma</i>,</b> and <b>the</b> minor <b>daughter of a priest married to an Israelite may eat <i>teruma</i>.</b></div><div>3. <b>Rabbi Eliezer ben Ya’akov says</b> otherwise: If there is <b>any obstruction</b> in the matter <b>due to the man, it is as if she were his wife.</b> If there is <b>any obstruction in the matter that is not due to the man, it is as if she were not his wife.</b> This statement will be explained in the Gemara.</div><div>4. If a minor girl <b>refuses a man, he is permitted to</b> marry <b>her close relatives,</b> such as her mother or her sister, <b>and she is permitted to</b> marry <b>his close relatives,</b> such as his father or brother, <b>and he has not disqualified her from</b> marrying into <b>the priesthood,</b> as she is not considered divorced. However, if <b>he gave her a bill of divorce,</b> then even though the marriage was valid according to rabbinic law and not Torah law, <b>he is prohibited from</b> marrying <b>her close relatives, and she is prohibited from</b> marrying <b>his close relatives, and he has disqualified her from</b> marrying into <b>the priesthood.</b> <b>If he gave her a bill of divorce but</b> afterward <b>remarried her, and</b> she subsequently <b>refused him and married another</b> man, <b>and then she was widowed or divorced</b> from her second husband, <b>she is permitted to return to him.</b> Since she left him the last time by means of refusal, the refusal cancels the bill of divorce that he gave her previously, and her status is that of a minor girl who refused her husband, who is not forbidden to her first husband after a second marriage. However, if the order was different, and <b>if she refused him and he</b> subsequently <b>remarried her, and</b> this time <b>he gave her a bill of divorce and she married another</b> man, <b>and she was widowed or divorced, she is forbidden to return to him,</b> like any divorced woman who married another man. <b>This is the principle</b> concerning a minor girl who refused her husband and then married several times: <b>If the bill of divorce followed the refusal</b> and she remarried, <b>she is forbidden to return to him. If the refusal followed the bill of divorce, she is permitted to return to him.</b> Since the refusal followed the bill of divorce it is clear that she was a minor and neither the marriage nor the divorce were valid by Torah law. However, when the ultimate separation is by means of a bill of divorce, there is no indication that she was a minor at the time and there is potential for confusion with an adult divorcée.</div><div>5. If a minor girl <b>refuses</b> one <b>man and marries another, and he divorces her,</b> and then she marries <b>another</b> man <b>and refuses him, and</b> then she marries <b>another</b> man <b>and he divorces her, this is the principle</b> for this case: With regard to <b>anyone she leaves by means of a bill of divorce, it is prohibited for her to return to him.</b> With regard to anyone she leaves <b>by means of refusal, she is permitted to return to him.</b></div><div>6. With regard to <b>one who divorces a woman and remarries her</b> and then dies childless, his wife <b>is permitted to</b> enter into levirate marriage with her <b><i>yavam</i>,</b> <b>but Rabbi Elazar prohibits</b> this. <b>Likewise,</b> with regard to <b>one who divorces an orphaned</b> minor <b>girl</b> whose mother and brothers married her off <b>and remarries her</b> and subsequently dies, <b>she is permitted to the <i>yavam</i></b> in levirate marriage, <b>and Rabbi Elazar prohibits</b> it. <b>A minor girl whose father married her off,</b> in which case the marriage is valid by Torah law, <b>and who was</b> subsequently <b>divorced</b> while she was still a minor <b>is like an orphan during the lifetime of</b> her <b>father,</b> as he no longer has the right to marry her off, and she cannot become fully married because she is a minor. <b>And if</b> the husband <b>remarries her</b> while she is still a minor and then dies childless, <b>everyone agrees</b> that <b>she is forbidden to the <i>yavam</i></b> and may not enter into levirate marriage.</div><div>7. If <b>two brothers are married to two minor sisters, and the husband of one of them dies</b> childless, <b>this</b> widowed girl <b>shall be exempt</b> from levirate marriage <b>due to</b> her status as a forbidden relative, <b>as</b> one is prohibited from marrying the <b>sister</b> of <b>his wife. The same</b> <i>halakha</i> applies to <b>two deaf-mute women,</b> whose status is like that of two minors in this matter, as their marriages are valid by rabbinic law. And if two brothers were married to two sisters, one of them <b>an adult and</b> the other <b>a minor,</b> and <b>the husband of the minor dies, the minor shall leave due to</b> her status as the <b>sister</b> of <b>a wife,</b> as in the first case in the mishna. But <b>if the husband of the adult dies,</b> it generates a Torah obligation of levirate marriage, which is not abrogated by the rabbinic prohibition proscribing the <i>yevama</i> as his wife’s sister. This prohibition is by rabbinic law, because marriage to a minor is rabbinic in origin. What does one do under such circumstances? <b>Rabbi Eliezer says: We instruct the minor,</b> i.e., his wife, <b>to refuse him,</b> so that her marriage is dissolved and he may then enter into levirate marriage with her adult sister, the widow of his childless brother. <b>Rabban Gamliel says: If</b> the minor <b>refuses</b> of her own accord, <b>her refusal is valid. And if not, she should wait until she reaches majority,</b> whereupon her marriage is valid by Torah law, <b>and that</b> widowed adult sister <b>shall be exempt</b> from levirate marriage <b>due to</b> her status as the <b>sister</b> of <b>a wife.</b> <b>Rabbi Yehoshua says:</b> When the brother married to the adult sister dies, leaving the brother married to the minor, <b>woe [<i>ee</i>] to him for his wife, woe to him for his brother’s wife.</b> Under these circumstances, he loses both women: <b>He must release his own wife with a bill of divorce</b> and <b>his brother’s wife by</b> performing <b><i>ḥalitza</i>.</b> He cannot stay married to his wife because she is the sister of his <i>yevama</i>, and he cannot enter into levirate marriage with the <i>yevama</i> even after divorcing his wife, because the <i>yevama</i> is his wife’s sister. The principle that one is completely absolved from levirate marriage when the potential <i>yevama</i> is a forbidden relative does not apply because Torah law does not recognize his marriage to his minor wife. That marriage’s rabbinic sanction does not suffice to render the <i>yevama</i>, his wife’s sister, a forbidden relative who is not a candidate for levirate marriage.</div><div>8. If <b>a man was married to two orphaned minors and died, consummation</b> of levirate marriage <b>or <i>ḥalitza</i> with one of them exempts her rival wife</b> from either levirate marriage or <i>ḥalitza</i>, rendering her free to remarry. <b>Likewise,</b> if <b>two deaf-mutes</b> were married to one man who died, consummation of levirate marriage or <i>ḥalitza</i> with one of them exempts her rival wife. In both of these cases, both women are married by rabbinic law and consequently become <i>yevamot</i> by rabbinic law. Since their statuses are equal, one can exempt the other. If one wife is a <b>minor and</b> the other is <b>a deaf-mute, consummation</b> of levirate marriage or <i>ḥalitza</i> <b>with one of them does not exempt her rival wife.</b> Although both women are married by rabbinic law, their statuses are not the same and one cannot exempt the other. If one of them <b>was</b> halakhically <b>competent and</b> one was <b>a deaf-mute, consummation</b> of levirate marriage <b>with the</b> halakhically <b>competent</b> wife <b>exempts the deaf-mute,</b> as the halakhically competent women’s marriage and levirate marriage are by Torah law. <b>But consummation</b> of levirate marriage <b>with the deaf-mute does not exempt the</b> halakhically <b>competent</b> wife. Likewise, if one was <b>an adult woman and one a minor girl, consummation</b> of levirate marriage <b>with the adult exempts the minor but consummation</b> of levirate marriage <b>with the minor does not exempt the adult.</b></div><div>9. If <b>a man was married to two minor orphans and he died, and a <i>yavam</i> engaged in intercourse with the first</b> of them to consummate the levirate marriage, <b>and then engaged in intercourse with the second, or if his brother</b> who is also their <i>yavam</i> <b>engaged in intercourse with the second,</b> the <i>yavam</i> or his brother <b>did not disqualify the first</b> girl from staying married to him, as her levirate marriage was consummated. <b>Likewise,</b> if the two wives were <b>two female deaf-mutes,</b> the first wife may remain married to the <i>yavam</i>. Intercourse with the second wife, though prohibited, has no effect: If the marriage was of uncertain status, then either the levirate marriage was concluded when he engaged in intercourse with the first, or neither wife was really married to the first husband, and they are therefore not rival wives. If the initial marriage was partial, then since both wives have the same standing, the levirate marriage with the first wife fully realizes whatever degree of levirate marriage is available. If one wife was <b>a minor and</b> the other <b>a deaf-mute,</b> and <b>the <i>yavam</i> engaged in intercourse with the minor and then engaged in intercourse with the deaf-mute, or if his brother engaged in intercourse with the deaf-mute,</b> then the <i>yavam</i> or his brother <b>disqualified the minor</b> from staying married due to the Sages’ decree, lest it be confused with a situation where the intercourse with the deaf-mute was first. If <b>the <i>yavam</i> engaged in intercourse with the deaf-mute and then engaged in intercourse with the minor, or if his brother engaged in intercourse with the minor,</b> then the <i>yavam</i> or his brother <b>disqualified the deaf-mute</b> from staying married. The marriage to the deaf-mute creates a partial acquisition that does not exempt the second wife from levirate marriage, as she, as a minor, has a different standing. Accordingly, intercourse with the second wife also creates a partial acquisition and thereby both women are prohibited to the <i>yavam</i>, as it is prohibited to consummate levirate marriage with more than one wife.</div><div>10. If one widow was halakhically <b>competent and</b> one widow was <b>a deaf-mute,</b> and <b>the <i>yavam</i> engaged in intercourse with the</b> halakhically <b>competent woman and then engaged in intercourse with the deaf-mute, or</b> if <b>his brother</b> then <b>engaged in intercourse with the deaf-mute,</b> the <i>yavam</i> or his brother <b>did not disqualify the</b> halakhically <b>competent woman</b> from staying married. Since the <i>yavam</i> consummated the levirate marriage with her first, the levirate bond was entirely dissolved and the intercourse with the deaf-mute, though forbidden, had no effect. If <b>the <i>yavam</i> engaged in intercourse with the deaf-mute and then engaged in intercourse with the</b> halakhically <b>competent woman, or if his brother engaged in intercourse with the</b> halakhically <b>competent woman,</b> the <i>yavam</i> or his brother <b>disqualified the deaf-mute</b> from staying married. Consummation of the levirate marriage with the deaf-mute creates only a partial acquisition that does not fully dissolve the levirate bond.</div><div>11. If the deceased brother had two wives, <b>an adult and a minor,</b> and <b>the <i>yavam</i> engaged in sexual intercourse with the adult, then engaged in intercourse with the minor, or if his brother engaged in intercourse with the minor,</b> the <i>yavam</i> or his brother <b>did not disqualify the adult</b> from staying married, as the consummation of the levirate marriage with the adult completely dissolves the levirate bond. If <b>the <i>yavam</i> engaged in intercourse with the minor, and then engaged in intercourse with the adult, or if his brother engaged in intercourse with the adult,</b> the <i>yavam</i> or his brother <b>disqualified the minor</b> from staying married. <b>Rabbi Elazar says:</b> The court <b>instructs the minor to refuse him</b> thereby annulling her marriage retroactively, and then the minor is permitted to marry any man.</div><div>12. If <b>a minor <i>yavam</i> engaged in sexual intercourse with a minor <i>yevama</i>, they should grow up together,</b> living as a married couple. He may not divorce her, as he is a minor. <b>If he engaged in sexual intercourse with an adult <i>yevama</i>, she should raise him,</b> i.e., they must stay married, as there is no way for him to divorce her until he reaches majority. When a <b><i>yevama</i> said within thirty days</b> of her marriage: <b>I have not engaged in sexual intercourse</b> with him, the court <b>forces him to perform <i>ḥalitza</i> with her.</b> If she said this <b>after thirty days</b> but he claimed that he had engaged in sexual intercourse, the court <b>asks him to perform <i>ḥalitza</i> with her,</b> as there are grounds to believe him. <b>And when he admits</b> that he did not engage in intercourse with her, <b>even after twelve months,</b> the court <b>forces him to perform <i>ḥalitza</i> with her.</b></div><div>13. If a woman <b>vows during her husband’s lifetime</b> to derive no <b>benefit from her <i>yavam</i>,</b> the court <b>forces him to perform <i>ḥalitza</i> with her</b> as it is forbidden for her to engage in sexual intercourse with him to consummate the levirate marriage. If she vowed <b>after the death of her husband</b> to derive no benefit from her <i>yavam</i>, the court <b>asks him to perform <i>ḥalitza</i> with her. And if she intended to do so,</b> i.e., she had an ulterior motive of avoiding levirate marriage when she vowed, <b>even</b> if she made the vow <b>during her husband’s lifetime,</b> the court merely <b>asks him to perform <i>ḥalitza</i> with her.</b></div>",""
"Shemos","חק לישראל - פרשת שמות יום שלישי","10","","<h1><b>גמרא</b></h1>","",""
"Shemos","חק לישראל - פרשת שמות יום שלישי","11","Yevamot 105b:4-12","רִבִּי חִיָּיא וְרִבִּי שִׁמְעוֹן בַּר רִבִּי הֲווּ יַתְבֵי פָּתַח חַד מִנַּיְיהוּ וְאָמַר הַמִּתְפַּלֵּל צָרִיךְ שֶׁיִּתֵּן עֵינָיו לְמָטָּה שֶׁנֶּאֱמַר (מ''א ט) וְהָיוּ עֵינַי וְלִבִּי שָׁם כָּל הַיָּמִים. וְחַד אָמַר עֵינָיו לְמַעְלָה שֶׁנֶּאֱמַר (איכה ג) נִשָּׂא לְבָבֵנוּ אֶל כַּפָּיִם. אַדְהָכִי אֲתָא רִבִּי יִשְׁמָעֵאל בַּר רִבִּי יוֹסֵי לְגַבַּיְיהוּ אָמַר לְהוּ בְּמָאי עַסְקִיתוּ אָמְרוּ לֵיהּ בַּתְּפִלָּה אָמַר לְהוּ כָּךְ אָמַר אַבָּא הַמִּתְפַּלֵּל צָרִיךְ שֶׁיִּתֵּן עֵינָיו לְמַטָּה וְלִבּוֹ לְמַעְלָה כְּדֵי שִׁיִּתְקַיְימוּ שְׁנֵי מִקְרָאוֹת הַלָּלוּ. אַדְהָכִי אֲתָא רִבִּי לִמְתִיבְתָּא. אִינְהוּ דַהֲווּ קְלִילֵי יְתִיבוּ בְּדוּכְתַּיְיהוּ. רִבִּי יִשְׁמָעֵאל בַּר רִבִּי יוֹסֵי אֲגַב יוֹקְּרֵיהּ הֲוָה מַפְסַע וְאָזִיל. אָמַר לֵיהּ אַבְדָּן מִי הוּא זֶה שֶׁמַּפְסִיעַ עַל רָאשֵׁי עַם קדֶשׁ. אָמַר לֵיהּ אֲנִי יִשְׁמָעֵאל בַּר רִבִּי יוֹסֵי שֶׁבָּאתִי לִלְמוֹד תּוֹרָה מֵרִבִּי. אָמַר לֵיהּ וְכִי אַתָּה הָגוּן לִלְמוֹד תּוֹרָה מֵרִבִּי אָמַר לֵיהּ וְכִי משֶה הָיָה הָגוּן לִלְמוֹד תּוֹרָה מִפִּי הַגְּבוּרָה. אָמַר לֵיהּ וְכִי משֶה אַתָּה. אָמַר לֵיהּ וְכִי רַבָּךְ אֱלֹהִים הוּא. אָמַר רַב יוֹסֵף שַׁקְלֵיהּ רִבִּי לִמְטַרְפְּסֵיהּ דְּקָאָמַר לֵיהּ רַבָּךְ וְלֹא רַבִּי. אַדְהֲכִי אָתַאי יְבָמָה לְקָמֵיהּ דְּרִבִּי אָמַר לֵיהּ רִבִּי לְאַבְדָּן פּוּק בָּדְקָה לְבָתַר דְּנָפִיק אָמַר לֵיהּ רִבִּי יִשְׁמָעֵאל כָּךְ אָמַר אַבָּא אִישׁ כָּתוּב בְּפָרָשָׁה אֲבָל אִשָּׁה בֵין גְּדוֹלָה בֵּין קְטַנָּה. אָמַר לֵיהּ תוּ לֹא צְרִיכַת כְּבַר הוֹרָה זָקֵן. קָא מַפְסַע אַבְדָּן וְאָתֵי אָמַר לוֹ רִבִּי יִשְׁמָעֵאל בְּרִבִּי יוֹסֵי מִי שֶׁצָרִיךְ לוֹ עַם קדֶשׁ יִפְסַע עַל רָאשֵׁי עַם קדֶשׁ מִי שֶׁאֵין צָרִיךְ לוֹ עַם קדֶשׁ הֵיאַךְ יִפְסַע עַל רָאשֵׁי עַם קדֶשׁ. אָמַר לֵיהּ רִבִּי לְאַבְדָּן קוּם בְּדוּכְתִּיךְ. תָּאנָא בְּאוֹתָהּ שָׁעָה נִצְטַרַע אַבְדָּן וְטָבְעוּ שְׁנֵי בָנָיו וּמִיאֲנוּ שְׁתֵּי כַלּוֹתָיו. אָמַר רַב נַחְמָן בַּר יִצְחָק בְּרִיךְ רַחְמָנָא דְּכַסְּפֵיהּ לְאַבְדָּן בְּהָאי עַלְמָא. אָמַר רִבִּי אָמֵי מִדְּבָרָיו שֶׁל בְּרִבִּי נִלְמוֹד קְטַנָּה חוֹלֶצֶת בִּפְעוּטוֹת. רָבָא אָמַר עַד שֶׁתַּגִּיעַ לְעוֹנַת נְדָרִים וְהִלְכְתָא עַד שֶׁתָּבִיא שְׁתֵּי שַׂעֲרוֹת:","<div>The Gemara asks: <b>Who are these Rabbis</b> who disagree with Rabbi Meir? The Gemara answers: <b>It is Rabbi Yosei,</b> as it seems from this incident: <b>As, Rabbi Ḥiyya and Rabbi Shimon bar Rabbi</b> Yehuda HaNasi <b>were sitting</b> outside the house of study, immersed in Torah learning. <b>One of them began and said: One who prays must direct his gaze downward</b> while praying, <b>as it is stated</b> by God with regard to the Holy Temple: <b>“And My eyes and My heart shall be there perpetually”</b> (I Kings 9:3), meaning: The Divine Presence rests in the Eretz Yisrael, and one must direct his gaze to the sacred land when praying.</div><div><b>And one of them said</b> he must direct <b>his eyes upward, because it is stated: “Let us lift our hearts with our hands</b> toward God in Heaven” (Lamentations 3:41). <b>In the meantime, Rabbi Yishmael, son of Rabbi Yosei, came beside them. He said to them: What are you dealing with? They said</b> to him: <b>With prayer,</b> as we are debating the proper posture for prayer. <b>He said to them: My father,</b> Rabbi Yosei, <b>said as follows: One who prays must direct his eyes downward and his heart upward, in order to fulfill both of these verses.</b></div><div><b>In the meantime,</b> while they were talking, <b>Rabbi</b> Yehuda HaNasi <b>came to the house of study</b> and everyone quickly went to sit in their assigned places. <b>Those who were light-footed</b> hurried and <b>sat in their places. Rabbi Yishmael, son of Rabbi Yosei, due to his being very heavy, was stepping and walking</b> slowly, as everyone was already sitting in his place on the ground, requiring him to pass over their heads in order to get to his place.</div><div><b>Abdon,</b> the shortened form of the name of Rabbi Yehuda HaNasi’s student and attendant, Abba Yudan, <b>said to him: Who is that individual stepping over the heads of a sacred people,</b> for it appeared to him as an act of disrespect to those sitting that Rabbi Yishmael stepped over their heads. <b>He said to him: I am Yishmael, son of Rabbi Yosei, who came to learn Torah from Rabbi</b> Yehuda HaNasi. Abdon <b>said to him: But are you fit to learn Torah from Rabbi</b> Yehuda HaNasi, for it seems that you are showing disrespect to others in order to accomplish it?</div><div>He <b>said to him: Was Moses fit to learn Torah from the mouth of the Almighty?</b> Rather, it is not necessary that the student be as dignified as his teacher. He <b>said to him: And are you Moses?</b> Rabbi Yishmael <b>said to him: And is your teacher God? Rav Yosef said</b> about this part of the story: Here <b>Rabbi</b> Yehuda HaNasi <b>received his retribution</b> [<b><i>mittarpesei</i></b>] for remaining silent during this discussion and not reprimanding his student for humiliating Rabbi Yishmael. And what is his retribution? <b>When</b> Rabbi Yishmael spoke to Abdon, <b>he said your teacher, and not my teacher,</b> implying that he did not accept Rabbi Yehuda HaNasi’s authority upon himself.</div><div><b>In the meantime, a <i>yevama</i> came before Rabbi,</b> and she was a minor close to the age of maturity who had performed <i>ḥalitza</i>, but it was not clear whether she had already reached the age of maturity necessary to validate her <i>ḥalitza</i>. <b>Rabbi</b> Yehuda HaNasi <b>said to Abdon: Go and check</b> to see if she has already reached maturity. <b>After</b> Abdon <b>left, Rabbi Yishmael said to</b> Rabbi Yehuda HaNasi<b>: My father,</b> Rabbi Yosei, <b>said as follows: “Man” is written in the</b> Torah <b>portion</b> of <i>ḥalitza</i>, <b>but</b> the <b>woman may be either an adult woman or a female minor.</b></div><div><b>Rabbi</b> Yehuda HaNasi <b>said to</b> Abdon<b>: Come</b> back. <b>You do not need</b> to check, as <b>the Elder,</b> Rabbi Yosei, <b>has already ruled</b> that a minor can perform <i>ḥalitza</i>, and therefore no further examination is required. <b>Abdon was stepping and coming</b> over the heads of the others in order to return to his place. <b>Rabbi Yishmael, son of Rabbi Yosei, said to him: One upon whom a holy people depends may step over the heads of a holy people. But one upon whom a holy people does not depend,</b> as there is no longer a need for Abdon to examination the woman, <b>how can he step over the heads of a holy people?</b></div><div><b>Rabbi</b> Yehuda HaNasi <b>said to Abdon: Stand in your place</b> and do not go any further. <b>It was taught: At that moment Abdon was afflicted with leprosy</b> as a punishment for insulting Rabbi Yishmael, son of Rabbi Yosei, and <b>two of his sons</b> who were recently married <b>drowned, and his two daughters-in-law,</b> who were minors married to those sons, <b>made declarations of refusal</b> and annulled their marriages. <b>Rav Naḥman bar Yitzḥak said: Blessed is the Merciful One, Who shames Abdon in this world,</b> for this prevents him from being punished further in the World-to-Come, as all his iniquities have been forgiven through this suffering.</div><div><b>Rabbi Ami said: From the words of the great man,</b> Rabbi Yosei, <b>let us learn: A female minor performs <i>ḥalitza</i></b> even <b>as a young child,</b> at age six or seven. <b>Rava said:</b> She may not perform <i>ḥalitza</i> <b>until she reaches the age of vows</b> as an eleven-year-old, when she has enough intellectual capacity to understand the meaning of a vow. However, the Gemara concludes: <b>And the <i>halakha</i> is:</b> She may not perform <i>ḥalitza</i> <b>until she has two</b> pubic <b>hairs.</b></div>",""
"Shemos","חק לישראל - פרשת שמות יום שלישי","12","","<h1><b>זוהר</b></h1>","",""
"Shemos","חק לישראל - פרשת שמות יום שלישי","13","Zohar, Shemot 17","וַיֵּלֶךְ אִישׁ מִבֵּית לֵוִי (י''ט א' בראשית קפ''ד א') דָּא גַבְרִיאֵל כְּמָה דְאַתְּ אָמֵר (דניאל ט') וְהָאִישׁ גַּבְרִיאֵל אֲשֶׁר רָאִיתִי בְחָזוֹן וְגוֹמֵר. מִבֵּית לֵוִי דָּא כְנֶסֶת יִשְׂרָאֵל דְּאַתְיָא מִסִטְרָא דִשְׂמָאלָא. וַיִּקַּח אֶת בַּת לֵוִי דָּא נִשְׁמְתָא (די''א ע''ב) דְּתָנֵינָן בְּשַׁעְתָּא דְאִתְיְילִיד גּוּפָא דְצַדִּיק בְּהָאי עַלְמָא קֻדְשָׁא בְרִיךְ הוּא קָרֵי לֵיה לְגַבְרִיאֵל וְנָטִיל הַהִיא נִשְׁמְתָא דְצַדִּיק דִי בְגִנְתָא וְנַחֲתָא לֵיה לְהָאי גוּפָא דְצַדִּיקָא דְאִתְיְילִיד בְּהָאי עַלְמָא וְאִיהוּ אתְפְּקַד עֲלָה וְנָטִיר לָהּ. וְאִי תֵימָא הַהוּא מַלְאָכָא דְאִתְמָנָא עַל רוּחֵיהוֹן דְּצַדִּיקַיָּיא לַיְלָה שְׁמֵיהּ וְאַתְּ אַמְרַת דְּאִיהּוּ גַבְרִיאֵל. הָכִי הוּא וַדָּאי בְּגִין דְּאָתֵי מִסִטְרָא דִשְׂמָאלָא. וְכָל מָאן דְּאָתֵי מִסִטְרָא דִשְׂמָאלָא הֲכִי אִקְרֵי וַיֵּלֶךְ אִישׁ דָּא עַמְרָם. וַיִּקַּח אֶת בַּת לֵוִי דָּא יוֹכֶבֶד. וּבַת קוֹל נַחֲתַת וְאַמְרַת לֵיהּ לְאִזְדַּוְוגָא בָּהּ דְּהָא קָרִיב זִמְנָא דְפוּרְקְנָא דְיִשְׂרָאֵל עַל יְדָא דִבְּרָא דְאִתְיְילִיד מִנַיְיהוּ. וְקֻדְשָׁא בְרִיךְ הוּא סִיֵּיעַ בֵּיה דְּתָנֵינָן שְׁכִינְתָּא שַׁרְיָיא עַל עַרִסַיְיהוּ וּרְעוּתָא דִלְהוֹן בִּדְבֵקוּתָא חֲדָא הֲוָה בָה בִּשְׁכִינְתָּא וְעַל דָּא לָא אִתְעֲדֵי שְׁכִינְתָּא מֵהַהוּא בְרָא דְאוֹלִידוּ לְקַיְימָא דִכְתִיב (ויקרא כ') וְהִתְקַדִּשְׁתֶּם וִהְיִיתֶם קְדוֹשִׁים. בַּר נַשׁ דִּמְקַדֵּשׁ גַּרְמֵיה מִלְּרַע קֻדְשָׁא בְרִיךְ הוּא מְקַדֵּשׁ לֵיה דִּלְעֵילָא כְמָה דִרְעוּתָא דִלְהוֹן הֲוָה בִדְבֵקוּתָא דִשְׁכִינְתָּא הֲכִי אִתְדַּבְקָא שְׁכִינְתָּא בְהַהוּא עוֹבָדָא מַמָּשׁ דְּעַבְדוּ. אָמַר רִבִּי יִצְחָק זַכָּאִין אִינוּן צַדִּיקַיָּיא דִרְעוּתָא דִּלְהוֹן בִּדְבֵקוּתָא דְקֻדְשָׁא בְרִיךְ הוּא תָּדִיר וּכְמָה דְאִינוּן מִתְדַּבְּקִין בֵּיה תָּדִיר הֲכִי נַמֵי אִיהוּ אִתְדַּבַּק בְהוּ וְלָא שָׁבִיק לוֹן לְעַלְמִין וָוָי לְרַשִּׁיעַיָּיא דִרְעוּתָא דִלְהוֹן וּדְבֵקוּתָא דִלְהוֹן מִתְרַחֲקָא מִנֵּיהּ. וְלֹא דַי לְהוּ דְמִתְרַחֲקָן מִנֵּיהּ אֶלָּא דְמִתְדַּבְּקָן בְּסִטְרָא אַחֲרָא. תָּא חֲזֵי עַמְרָם דְּאִתְדַּבַּק בֵּיהּ דְּקֻדְשָׁא בְרִיךְ הוּא נָפַק מִנֵּיהּ משֶׁה דְקֻדְשָׁא בְרִיךְ הוּא לָא אַעְדֵי מִנֵּיהּ לְעַלְמִין וּשְׁכִינְתָּא אִתְדַּבְּקַת בַּהֲדֵיהּ (בראשית כ''א כ') תָּדִיר זַכָּאָה חוּלַקֵיהּ:","",""
"Shemos","חק לישראל - פרשת שמות יום שלישי","14","","וַיֵּלֱךְ אִישׁ מִבֵּית לֵוִי וְכוּ': זֶהוּ גַּבְרִיאֵל, כְּמוֹ שֶׁנֶּאֱמַר, וְהָאִישׁ גַּבְרִיאֵל וְגוֹ'. מִבֵּית לֵוִי, זוֹ הִיא כְּנֶסֶת יִשְׂרָאֵל, הַבָּאָה מִצַד הַשְּׂמֹאל, כִּי גַּבְרִיאֵל, וַיִּקַח אֶת בַּת לֵוִי, זוֹ הִיא הַנְּשָׁמָה. שֶׁלָּמַדְנוּ בְּשָׁעָה שֶׁנּוֹלָד גּוּפוֹ שֶׁל צַדִּיק בָּעוֹלָם הַזֶּה, קוֹרֵא הַקָּדוֹשׁ בָּרוּךְ הוּא לְגַבְרִיאֵל, שֶׁהוּא לוֹקֵחַ נְשָׁמָה הַהִיא אֲשֶׁר בַּגָּן, שֶׁהוּא הַמַּלְכוּת, וּמוֹרִידָהּ לְגוּפוֹ שֶׁל הַצַדִּיק שֶׁנּוֹלָד בָּעוֹלָם הַזֶּה. וְהוּא, גַּבְרִיאֵל, נִפְקָד עָלֶיהָ וְשׁוֹמְרָהּ. וְאִי תֵּימָא הַהוּא וְכוּ': וְאִם תֹּאמַר, הֲלֹא אוֹתוֹ הַמַּלְאָךְ הַמְּמוּנֶה עַל רוּחוֹת הַצַדִּיקִים, שְׁמוֹ לַיְלָה, וְאַתָּה אוֹמֵר שֶׁהוּא גַּבְרִיאֵל, הִנֵּה כֵּן הוּא וַדַּאי שֶׁשְּׁמוֹ לַיְלָה, מִשּׁוּם שֶׁבָּא מִצַד שְׂמֹאל וְכָל הַבָּא מִצַד שְׂמֹאל נִקְרָא כֵּן. וַיֵּלֶךְ אִישׁ: זֶה עַמְרָם. וַיִּקַח אֶת בַּת לֵוִי זוֹ הִיא יוֹכֶבֶד. וּבַת קוֹל יָרְדָה וְאָמְרָה לוֹ לְעַמְרָם, שֶׁיִּזְדַוֵּג בָּהּ, כִּי הַזְּמָן קָרוֹב לִגְאֻלַּת יִשְׂרָאֵל עַל יְדֵי הַבֵּן שֶׁיּוֹלִיד מֵהֶם. וְהַקָּדוֹשׁ בָּרוּךְ הוּא עֲזָרוֹ, שֶׁלָּמַדְנוּ, הַשְּׁכִינָה שָׁרְתָה עַל מִטָּתָם, וְהַכַּוָּנָה שֶׁלָּהֶם בִּדְבֵקוּתָם יַחַד הָיְתָה בַּשְּׁכִינָה, וְעַל כֵּן לֹא הֻסְרָה הַשְּׁכִינָה מֵאוֹתוֹ הַבֵּן שֶׁהוֹלִידוּ לְקַיֵּם מַה שֶּׁכָּתוּב, וְהִתְקַדִּשְׁתֶם וִהְיִיתֶם קְדוֹשִׁים, שֶׁהָאָדָם הַמְּקַדֵּשׁ עַצְמוֹ מִלְּמַטָּה, הַקָּדוֹשׁ בָּרוּךְ הוּא מְקַדֵּשׁ אוֹתוֹ מִלְּמַעְלָה. כְּמוֹ שֶׁכַּוָּנָתָם הָיְתָה בִּדְבֵקוּת הַשְּׁכִינָה, כֵּן הִתְדַבְּקָה הַשְּׁכִינָה בְּאוֹתוֹ הַמַּעֲשֶׂה מַמָּשׁ שֶׁעָשׂוּ. אָמַר רַבִּי יִצְחָק: אַשְׁרֵיהֶם הַצַדִּיקִים, שֶׁרְצוֹנָם הוּא בִּדְבֵקוּת הַקָּדוֹשׁ בָּרוּךְ הוּא תָּמִיד, וּכְמוֹ שֶׁהֵם דְּבֵקִים בּוֹ תָּמִיד, כֵּן הוּא דָּבוּק בָּהֶם, וְאֵינוֹ עוֹזֵב אוֹתָם לְעוֹלָם. אוֹי לָרְשָׁעִים, שֶׁרְצוֹנָם וּדְבֵקוּתָם מִתְרַחֲקִים מִמֶּנּוּ, מֵהַקָּדוֹשׁ בָּרוּךְ הוּא, וְלֹא דַּי לָהֶם שֶׁמִּתְרַחֲקִים מִמֶּנּוּ, אֶלָּא עוֹד מִתְדַבְּקִים בְּצַד הָאַחֵר, בֹּא וּרְאֵה, עַמְרָם שֶׁנִּתְדַבֵּק בַּקָּדוֹשׁ בָּרוּךְ הוּא, יָצָא מִמֶּנּוּ מֹשֶה שֶׁהַקָּדוֹשׁ בָּרוּךְ הוּא לֹא סָר מִמֶּנּוּ לְעוֹלָם, וְהַשְּׁכִינָה נִתְדַבְּקָה בּוֹ תָּמִיד, אַשְׁרֵי חֶלְקוֹ.","",""
"Shemos","חק לישראל - פרשת שמות יום שלישי","15","","<h1><b>הלכה פסוקה</b></h1>","",""
"Shemos","חק לישראל - פרשת שמות יום שלישי","16","Mishneh Torah, Repentance 3:7-8","<div><b>א. </b>חֲמִשָּׁה הֵן מִיִּשְׂרָאֵל הַנִקְרָאִין יוֹצְאִין. הָאוֹמֵר שֶׁאֵין שֵׁם אֱלוֹהַ וְאֵין לָעוֹלָם מַנְהִיג. וְהָאוֹמֵר שֶׁיֵּשׁ שֵׁם מַנְהִיג אֲבָל הֵם שְׁנַיִם אוֹ יוֹתֵר. וְהָאוֹמֵר שֶׁיֵּשׁ שֵׁם רִבּוֹן אֶחָד אֲבָל שֶׁהוּא כּוֹכָב אוֹ בַעַל תְּמוּנָה. וְכֵן הָאוֹמֵר שֶׁאֵינוֹ לְבַדּוֹ הָרִאשׁוֹן וְצוּר לַכֹּל. וְכֵן הָעוֹבֵד כּוֹכָב זוּלָתוֹ כְּדֵי לִהְיוֹת מֵלִיץ בֵּינוֹ וּבֵין רִבּוֹן הָעוֹלָמִים כָּל אֶחָד מֵחֲמִשָּׁה אֵלּוּ הוּא יוֹצֵא:</div><div><b>ב. </b>שְׁלשָׁה הֵן מִיִּשְׂרָאֵל הַנִקְרָאִין אַפִּיקוֹרוֹסִין הָאוֹמֵר שֶׁאֵין שֵׁם נְבוּאָה כְּלָל וְאֵין שֵׁם מַדַע שֶׁמַּגִּיעַ מֵהַבּוֹרֵא לְלֵב בְּנֵי הָאָדָם וְהַמַּכְחִישׁ נְבוּאָתוֹ שֶׁל מֹשֶׁה רַבֵּנוּ וְהָאוֹמֵר שֶׁאֵין הַבּוֹרֵא יוֹדֵעַ מַעֲשֵׂה בְנֵי הָאָדָם כָּל אֶחָד מִשְּׁלשָׁה אֵלּוּ הֵן אַפִּיקוֹרוֹסִין:</div><div><b>ג. </b>שְׁלשָׁה הֵן מִיִּשְׂרָאֵל הַכּוֹפְרִים בַּתּוֹרָה הָאוֹמֵר שֶׁאֵין הַתּוֹרָה מֵעִם ה' אֲפִלּוּ פָּסוּק אֶחָד אֲפִלּוּ תֵּיבָה אֶחָת אִם אָמַר מֹשֶׁה אֲמָרוֹ מִפִּי עַצְמוֹ הֲרֵי זֶה כּוֹפֵר בַּתּוֹרָה. וְכֵן הַכּוֹפֵר בְּפֵירוּשָׁהּ וְהוּא תּוֹרָה שֶׁבְּעַל פֶּה. וְהַמַּכְחִישׁ מַגִּידֶיהָ כְּגוֹן צָדוֹק וּבַיְתוּס וְהָאוֹמֵר שֶׁהַבּוֹרֵא הֶחֱלִיף מִצְוָה זוּ בְּמִצְוָה אַחֶרֶת וּכְבָר בָּטְלָה תּוֹרָה זוּ אַף עַל פִּי שֶׁהִיא הָיְתָה מֵעִם ה' כָּל אֶחָד מִשְּׁלשָׁה אֵלּוּ כּוֹפֵר בַּתּוֹרָה:</div>","<div>There are five categories of atheists;<sup class=""footnote-marker"">10</sup><i class=""footnote"">Minim. G.</i> (1) he who says that there is no God and no Omnipotence; (2) he who says that there is an Omnipotence but that there are two or more such; (3) he who says that there is One Lord; but that He is corporeal and has a form; (4) Likewise one who says that He alone is not the First Cause and Creator of all; (5) likewise he who worships a star, or planet, or any other as a mediator between him and the Lord of the universe; every one of these five is an atheist.<sup class=""footnote-marker"">13</sup><i class=""footnote"">Sanhedrin, 26b. C.</i></div><div>There are three categories of infidels: (1) he who says that prophecy is altogether an invention, and that no knowledge reaches the heart of the sons of man from the Creator; (2) he who denies the prophecy of Moses our Master; (3) and he who says that the Creator knoweth not the affairs of the sons of man; every one of these three is an infidel. There are three categories of Torah traducers: (1) he who says that the Torah is not God given, even if he says that a single Verse or one word thereof was spoken by Moses on his own authority is, indeed, a traducer of the Torah; (2) he who denies its Oral explanation, that is the Oral Torah, or its exponents, even as Zaduk and Bythos did;<sup class=""footnote-marker"">14</sup><i class=""footnote"">See Abot D’Rabbi Nathan, Ch.5; also I. Chro. 5.3G.</i> (3) he who says that the Creator commuted this Duty for another duty and that the Torah had been nullified long ago though it really was God given; every one of these three is a traducer of the Torah.<sup class=""footnote-marker"">15</sup><i class=""footnote"">Sanhedrin, 90a; Ibid. 99b. C.</i></div>",""
"Shemos","חק לישראל - פרשת שמות יום שלישי","17","","<h1><b>מוסר</b></h1>","",""
"Shemos","חק לישראל - פרשת שמות יום שלישי","18","","<div><strong><span style=""color: #999999;"">ספר חרדים דף ע""ב ע""א</span></strong></div><div>כֶּשֶׁאֲנִי בֵּין הָעָם כְּיוַן שֶׁאֵין רוֹאֶה סֵתֶר לְבָבִי אֶלָּא הוּא לְבַדּוֹ וְעוֹד אֵין מַשְׁגִיחַ תָּמִיד בִּי לְהֵטִיב לִי רַק הוּא לְבַדּוֹ וְאֵין מִי שֶׁיּוּכַל לְהַצִיל אוֹתִי מִצָרָתִי זוּלָתוֹ לָכֵן לֹא יַפְסִיקוּ בֵּינִי לְבֵינוֹ הַנִּבְרָאִים כִּי כֻּלָּם כְּאַיִן נֶגְדוֹ וַאֲנִי וְהוּא לְבַדוֹ עוֹמְדִים וְהַיְינוּ דִכְתִיב (מ''ב ה') חַי הַשֵּׁם אֲשֶׁר עָמַדְתִּי לְפָנָיו וּכְתִיב (ברא' י') הִתְהַלֵּךְ לְפָנַי. כִּי תִהְיֶיןָ לְאִישׁ שְׁתֵּי נָשִׁים הָאַחַת אוֹהֲבְתוֹ וְהָאַחת שׂוֹנְאָתוֹ הֲיִתָּכֵן שֶׁיִהְיֶה לִבּוֹ וְעֵינָיו לְאוֹתָהּ שֶׁשּׂוֹנְאָתוֹ וְיִשְׁכַּח וְיַעֲזוֹב אוֹתָהּ שֶׁאוֹהֲבְתוֹ. הִנֵּה הַתּוֹרָה הִיא הָאִשָּׁה אֲשֶׁר נָתַן לְךָ ה' אֱלֹהֶיךָ לְהַנָּאָתְךְ וּלְטוֹבָתָךְ בְּהִתְהַלֶּכְךָ תַּנְחֶה אוֹתָךְ בַּיָּמִים לְהַצִילָךְ מִכָּל צָרָה וּלְפַרְנְסָךְ וּלְהַדְרִיכָךְ בְּדֶרֶךְ הַטּוֹב בַּלֵּילוֹת בְּשָׁכְבְּךָ תִּשְׁמוֹר עָלֶיךָ מִן הַמַּזִיקִין הַגּוּף וְהַנֶּפֶשׁ וַהֲקִיצוֹתָ הִיא תְשִׂיחֶךָ תְּלַמֵּד עָלֶיךָ סַנֵּיגוֹרְיָא לִתְחִיַּית הַמֵּתִים וְכֵן בְּכָל בֹּקֶר שֶׁהֲרֵי אָמְרוּ בְזוֹהַר שֶׁבְּכָל לַיְלָה דָּנִין אוֹתוֹ אִם יָקִיץ מִשְּׁנָתוֹ אוֹ יִישָׁן שְׁנַת עוֹלָם וְזֶהוּ שֶׁהִתְחִילָה תּוֹרָה בְּרֵאשִׁית כְּלוֹמַר שֶׁהַתּוֹרָה שֶׁנִּקְרֵאת רֵאשִׁית תּוֹעֶלֶת לְאָדָם בְּב' עוֹלָמוֹת. וְהָאִשָּׁה הַשֵּׁנִית שֶׁשּׂוֹנְאָתוֹ הִיא שֶׁל בָּשָׂר וָדָם וְעָלֶיהָ אָמַר הַנָּבִיא (מיכה ז') אוֹיְבֵי אִישׁ אַנְשֵׁי בֵיתוֹ כִּמְפוֹרָשׁ בִּגְמָרָא וְצִוָּה הַמֶּלֶךְ יִתְבָּרַךְ לֶאֱהוֹב אוֹתָה אַךְ עִיקָר אַהֲבָה תִּהְיֶה בָּרִאשׁוֹנָה אֵשֶׁת נְעוּרִים שֶׁמִּיּוֹם שֶׁלִּמְּדוֹ אָבִיו תּוֹרָה צִוָּה לָנוּ מִיָּד הִיא בָּאָה לְהתְיַיחֵד עִמּוֹ וּלְשָׁמְרוֹ. וְהוּא תִּקּוּן גָּדוֹל לִפְגַם הַבְּרִית שֶׁהַתּוֹרָה כֻּלָּה נִקְרֵאת בְּרִית וְזֹאת הַתּוֹרָה אֲשֵׁר סַ''ם חַיִּים:</div>","",""
"Shemos","חק לישראל - פרשת שמות יום רביעי","1","","<h1><b>תורה</b></h1>","",""
"Shemos","חק לישראל - פרשת שמות יום רביעי","2","","<small>יכוין בקריאת ששה פסוקים אלו שהם כנגד וָ דמילוי וו דשם ב''ן לקנות הארת מתוספת נפש יתרה משבת הבאה:</small>","",""
"Shemos","חק לישראל - פרשת שמות יום רביעי","3","Exodus 1:16-21","<div>א (<small>טז</small>) וַיֹּ֗אמֶר בְּיַלֶּדְכֶן֙ אֶת־הָֽעִבְרִיּ֔וֹת וּרְאִיתֶ֖ן עַל־הָאׇבְנָ֑יִם אִם־בֵּ֥ן הוּא֙ וַהֲמִתֶּ֣ן אֹת֔וֹ וְאִם־בַּ֥ת הִ֖וא וָחָֽיָה׃</div><div><small>וַאֲמַר כַּד תֶּהֶוְיָן מוֹלְדָן יָת יְהוּדַיָתָא וְתֶחְזְיָן עַל מַתְבְּרָא אִם בַּר הוּא תִּקְטְלַן יָתֵהּ וְאִם בְּרַתָּא הִיא ותְקַיְמִנַהּ:</small></div><div>(<small>יז</small>) וַתִּירֶ֤אןָ הַֽמְיַלְּדֹת֙ אֶת־הָ֣אֱלֹהִ֔ים וְלֹ֣א עָשׂ֔וּ כַּאֲשֶׁ֛ר דִּבֶּ֥ר אֲלֵיהֶ֖ן מֶ֣לֶךְ מִצְרָ֑יִם וַתְּחַיֶּ֖יןָ אֶת־הַיְלָדִֽים׃</div><div><small>וּדְחִילָא חַיָתָא מִן <b>קֳדָם</b> יְיָ וְלָא עֲבָדָא כְּמָא דְמַלִיל עִמְהֶן מַלְכָּא דְמִצְרָיִם וְקַיָמָא יָת בְּנַיָא:</small></div><div>(<small>יח</small>) וַיִּקְרָ֤א מֶֽלֶךְ־מִצְרַ֙יִם֙ לַֽמְיַלְּדֹ֔ת וַיֹּ֣אמֶר לָהֶ֔ן מַדּ֥וּעַ עֲשִׂיתֶ֖ן הַדָּבָ֣ר הַזֶּ֑ה וַתְּחַיֶּ֖יןָ אֶת־הַיְלָדִֽים׃</div><div><small>וּקְרָא מַלְכָּא דְמִצְרַיִם לְחַיָתָא וַאֲמַר לְהֶן מָה דֵין עֲבַדְתּוּן יָת פִּתְגָמָא הָדֵין וְקַיֵמְתּוּן יָת בְּנַיָא:</small></div><div>(<small>יט</small>) וַתֹּאמַ֤רְןָ הַֽמְיַלְּדֹת֙ אֶל־פַּרְעֹ֔ה כִּ֣י לֹ֧א כַנָּשִׁ֛ים הַמִּצְרִיֹּ֖ת הָֽעִבְרִיֹּ֑ת כִּֽי־חָי֣וֹת הֵ֔נָּה בְּטֶ֨רֶם תָּב֧וֹא אֲלֵהֶ֛ן הַמְיַלֶּ֖דֶת וְיָלָֽדוּ׃</div><div><small>וַאֲמָרָא חַיָתָא לְפַרְעֹה אֲרֵי לָא כִנְשַׁיָא מִצְרְיָתָא יְהוּדַיָתָא אֲרֵי חֲכִּימָן אִנוּן עַד לָא עַלַת לְוָתְהֶן חַיָתָא וִילִידָן:</small></div><div>(<small>כ</small>) וַיֵּ֥יטֶב אֱלֹהִ֖ים לַֽמְיַלְּדֹ֑ת וַיִּ֧רֶב הָעָ֛ם וַיַּֽעַצְמ֖וּ מְאֹֽד׃</div><div><small>וְאוֹטֵיב יְיָ לְחַיָתָא וּסְגִי עַמָא וּתְקִיפוּ לַחֲדָא:</small></div><div>(<small>כא</small>) וַיְהִ֕י כִּֽי־יָרְא֥וּ הַֽמְיַלְּדֹ֖ת אֶת־הָאֱלֹהִ֑ים וַיַּ֥עַשׂ לָהֶ֖ם בָּתִּֽים׃</div><div><small>וַהֲוָה כַּד דְחִילָא חַיָתָא מִן <b>קֳדָם</b> יְיָ וַעֲבַד לְהוֹן בָּתִּין:</small></div>","<div>1 (16) and he said, When you do the office of midwife to the Hebrew women, you shall look upon the birth stones; if it be a son, then you shall kill him: but if it be a daughter, then she shall live.</div><div>(17) But the midwives feared God, and did not as the king of Miżrayim commanded them, but saved the men children alive.</div><div>(18) And the king of Miżrayim called for the midwives, and said to them, Why have you done this thing, and saved the men children alive?</div><div>(19) And the midwives said to Par῾o, Because the Hebrew women are not as the Miżrian women; for they are lively, and are delivered before the midwives come to them.</div><div>(20) Therefore God dealt well with the midwives: and the people multiplied, and grew very mighty.</div><div>(21) And it came to pass, because the midwives feared God, that he made them houses.</div>",""
"Shemos","חק לישראל - פרשת שמות יום רביעי","4","","<h1><b>נביאים</b></h1>","",""
"Shemos","חק לישראל - פרשת שמות יום רביעי","5","Isaiah 28:8-13","<div>כח (<small>ח</small>) כִּ֚י כׇּל־שֻׁלְחָנ֔וֹת מָלְא֖וּ קִ֣יא צֹאָ֑ה בְּלִ֖י מָקֽוֹם׃ <span class=""mam-spi-pe"">{פ}</span> </div><div><small>אֲרֵי כָל פָּתוֹרֵיהוֹן מְלָן מֵיכַל מִגְעַל וּמְשַׁקֵץ לֵית לְהוֹן אֲתַר דִי נָקִי מִן אוֹנָס:</small></div><div>(<small>ט</small>) אֶת־מִי֙ יוֹרֶ֣ה דֵעָ֔ה וְאֶת־מִ֖י יָבִ֣ין שְׁמוּעָ֑ה גְּמוּלֵי֙ מֵחָלָ֔ב עַתִּיקֵ֖י מִשָּׁדָֽיִם׃</div><div><small>לְמַן אִתְיְהִיבַת אוֹרַיְתָא וּמַן אִתְפְּקַד לְמִסְבַּר חוּכְמָא הֲלָא לְבֵית יִשְׂרָאֵל דִרְחִימִין מִכָּל עַמְמַיָא וַחֲבִיבִין מִכָּל מַלְכְּוָתָא:</small></div><div>(<small>י</small>) כִּ֣י צַ֤ו לָצָו֙ צַ֣ו לָצָ֔ו קַ֥ו לָקָ֖ו קַ֣ו לָקָ֑ו זְעֵ֥יר שָׁ֖ם זְעֵ֥יר שָֽׁם׃</div><div><small>אֲרֵי אִתְפַּקַדוּ לְמֶעְבַּד אוֹרַיְתָא וּמָא דְאִתְפַּקַדוּ לָא צְבִיאוּ לְמֶעְבַּד וְאִתְנַבִּיאוּ עֲלֵיהוֹן נְבִיַיָא דְאִם יְתוּבוּן יִשְׁתְּבֵק לְהוֹן וּלְמִלֵי נְבִיַיָא לָא קַבִּילוּ הַלִיכוּ בַּרַעֲוַת נַפְשְׁהוֹן וְלָא חֲמִידוּ לְמֶעְבַּד אוֹרַיְתִי סְבָרוּ דְיִתְקַיֵים לְהוֹן פּוּלְחַן טַעֲוָתָא וְלָא סְבָרוּ לְפוּלְחַן בֵּית מַקְדְשִׁי כִּזְעֵר הֲוָה בְּעֵינֵיהוֹן בֵּית מַקְדָשִׁי לְמִפְלַח תַּמָן כִּזְעֵיר בְּעֵינֵיהוֹן שְׁכִנְתִּי תַּמָן:</small></div><div>(<small>יא</small>) כִּ֚י בְּלַעֲגֵ֣י שָׂפָ֔ה וּבְלָשׁ֖וֹן אַחֶ֑רֶת יְדַבֵּ֖ר אֶל־הָעָ֥ם הַזֶּֽה׃</div><div><small>אֲרֵי בְּשִׁנוּי מַמְלֵל וּבְלִישָׁן תּוֹלְעֲבָא הֲווֹ מַלְעִגִין לְקָבֵיל נְבִיַיָא דְמִתְנַבָּן לְהוֹן עַמָא הָדֵין:</small></div><div>(<small>יב</small>) אֲשֶׁ֣ר <b>׀</b> אָמַ֣ר אֲלֵיהֶ֗ם זֹ֤את הַמְּנוּחָה֙ הָנִ֣יחוּ לֶעָיֵ֔ף וְזֹ֖את הַמַּרְגֵּעָ֑ה וְלֹ֥א אָב֖וּא שְׁמֽוֹעַ׃</div><div><small>דְאָמְרִין לְהוֹן נְבִיַיָא דֵין בֵּית מַקְדְשָׁא פְּלָחוּ בֵיהּ וְדָא אַחְסָנַת בֵּית נְיָחָא וְלָא אָבוּ לְקַבָּלָא אוּלְפַן:</small></div><div>(<small>יג</small>) וְהָיָ֨ה לָהֶ֜ם דְּבַר־יְהֹוָ֗ה צַ֣ו לָצָ֞ו צַ֤ו לָצָו֙ קַ֤ו לָקָו֙ קַ֣ו לָקָ֔ו זְעֵ֥יר שָׁ֖ם זְעֵ֣יר שָׁ֑ם לְמַ֨עַן יֵלְכ֜וּ וְכָשְׁל֤וּ אָחוֹר֙ וְנִשְׁבָּ֔רוּ וְנוֹקְשׁ֖וּ וְנִלְכָּֽדוּ׃ <span class=""mam-spi-pe"">{פ}</span> </div><div><small>דֵין יְהֵי כָס פּוּרְעֲנוּתְהוֹן עַל דַעֲבָרוּ עַל פִּתְגָמָא דַייָ וְעַל דְאִתְפַּקָדוּ לְמֶעְבַּד אוֹרַיְתָא וּמָא דְאִתְפַּקַדוּ לָא צְבִיאוּ לְמֶעְבַּד בְּכֵן יִתְמַסְרוּן לְעַמְמַיָא דְלָא יְדָעוּ אוֹרַיְתָא עַל דְהַלִיכוּ בִרְעוּת נַפְשְׁהוֹן וְלָא חֲמִידוּ לְמֶעְבַּד רְעוּתִי בְּכֵן יְסַבְּרוּן לְסָעִיד בְּעִדָן דְאַיְתִי עֲלֵיהוֹן עָקָא וְלָא יְהֵי לְהוֹן סָעִיד וְסָמִיךְ עַל דַהֲוָה זְעֵיר בְּעֵינֵיהוֹן בֵּית מַקְדָשִׁי לְמִפְלָח תַּמָן בְכֵן יִשְׁתָּאֲרוּן כִּזְעֵיר בֵּינֵי עַמְמַיָא דְיִגְלוֹן לְתַמָן בְּדִיל דִיהָכוּן וְיִתְקְלוּן לַאֲחוֹרָא וְיִתַּבְּרוּן וְיִתַּצְדוּן וְיִתְאַחֲדוּן:</small></div>","<div>28 (8) For all tables are full of vomit and filth, so that there is no place clean.</div><div>(9) Whom shall one teach knowledge? and whom shall one make to understand doctrine? those that are weaned from the milk, and removed from the breasts?</div><div>(10) For it is precept upon precept, precept upon precept; line upon line, line upon line; here a little, and there a little:</div><div>(11) for with stammering lips and another tongue shall one speak to this people.</div><div>(12) When he said to them, This is the rest; cause the weary to rest and this is the refreshing: they would not hear.</div><div>(13) Therefore the word of the Lord was to them precept upon precept, precept upon precept; line upon line, line upon line; here a little, and there a little; that they might go, and fall backward, and be broken, and snared, and taken.</div>",""
"Shemos","חק לישראל - פרשת שמות יום רביעי","6","","<h1><b>כתובים</b></h1>","",""
"Shemos","חק לישראל - פרשת שמות יום רביעי","7","Proverbs 12:9-14","<div>יב (<small>ט</small>) ט֣וֹב נִ֭קְלֶה וְעֶ֣בֶד ל֑וֹ מִ֝מִּתְכַּבֵּ֗ד וַחֲסַר־לָֽחֶם׃</div><div><small>טָב הוּא זְלִילָא וְעַבְדֵי אִית לֵיהּ מִן הוּא דְמִתְיַקַר וַחֲסִיר לַחְמָא:</small></div><div>(<small>י</small>) יוֹדֵ֣עַ צַ֭דִּיק נֶ֣פֶשׁ בְּהֶמְתּ֑וֹ וְֽרַחֲמֵ֥י רְ֝שָׁעִ֗ים אַכְזָרִֽי׃</div><div><small>יָדֵיעַ צַדִיקָא נַפְשָׁא דִבְעִירֵיהּ וְרַחֲמֵיהוֹן דְרַשִׁיעֵי נַכְזְרָיוּתָא:</small></div><div>(<small>יא</small>) עֹבֵ֣ד אַ֭דְמָתוֹ יִֽשְׂבַּֽע־לָ֑חֶם וּמְרַדֵּ֖ף רֵיקִ֣ים חֲסַר־לֵֽב׃</div><div><small>דְפָלַח בְּאַרְעֵיהּ יִסְבַּע לַחְמָא וּדְרָדֵף בָּתַר סְרִיקוּתָא חֲסַר רַעְיָנָא הוּא:</small></div><div>(<small>יב</small>) חָמַ֣ד רָ֭שָׁע מְצ֣וֹד רָעִ֑ים וְשֹׁ֖רֶשׁ צַדִּיקִ֣ים יִתֵּֽן׃</div><div><small>רָאֵג רַשִׁיעָא מְצוּדְתָּא בִישְׁתָּא וְעִקָרְהוֹן דְצַדִיקֵי נִתְקַיֵם:</small></div><div>(<small>יג</small>) בְּפֶ֣שַׁע שְׂ֭פָתַיִם מוֹקֵ֣שׁ רָ֑ע וַיֵּצֵ֖א מִצָּרָ֣ה צַדִּֽיק׃</div><div><small>בְּחוֹבָא דְשִׂפְוָתָא מַתְקַל בִּישָׁא וּפָלִיט צַדִיקָא מִן עָקְתָא:</small></div><div>(<small>יד</small>) מִפְּרִ֣י פִי־אִ֭ישׁ יִשְׂבַּע־ט֑וֹב וּגְמ֥וּל יְדֵי־אָ֝דָ֗ם <span class=""mam-kq""><span class=""mam-kq-k"">(ישוב)</span> <span class=""mam-kq-q"">[יָשִׁ֥יב]</span></span> לֽוֹ׃</div><div><small>גַבְרָא מִן פְּרִי פוּמֵיהּ יִשְׂבַּע טָבְתָא וְכָל בַּר נָשׁ הֵיךְ עוֹבַד אַיְדוֹ מִתְפְּרִיעַ:</small></div>","<div>12 (9) Better is one lightly esteemed who owns a servant, than one who pranks himself but lacks bread.</div><div>(10) A righteous man regards the life of his beast: but the heart of the wicked is cruel.</div><div>(11) He that tills his land shall have plenty of bread: but he that follows vain persons is void of understanding.</div><div>(12) The wicked man craves – he is snared by mischief: but the righteous strike root.</div><div>(13) The wicked is snared by the transgression of his lips: but the just shall come out of trouble.</div><div>(14) A man shall be satisfied with good by the fruit of his mouth: and the recompense of a man’s hands shall be rendered to him.</div>",""
"Shemos","חק לישראל - פרשת שמות יום רביעי","8","","<h1><b>משנה</b></h1>","",""
"Shemos","חק לישראל - פרשת שמות יום רביעי","9","Mishnah Bava Metzia 3","<div>א. הַמַּפְקִיד אֵצֶל חֲבֵרוֹ בְּהֵמָה אוֹ כֵלִים, וְנִגְנְבוּ אוֹ שֶׁאָבְדוּ, שִׁלֵּם וְלֹא רָצָה לִשָּׁבַע, שֶׁהֲרֵי אָמְרוּ שׁוֹמֵר חִנָּם נִשְׁבָּע וְיוֹצֵא, נִמְצָא הַגַּנָּב, מְשַׁלֵּם תַּשְׁלוּמֵי כֶפֶל. טָבַח וּמָכַר, מְשַׁלֵּם תַּשְׁלוּמֵי אַרְבָּעָה וַחֲמִשָּׁה. לְמִי מְשַׁלֵּם, לְמִי שֶׁהַפִּקָּדוֹן אֶצְלוֹ. נִשְׁבַּע וְלֹא רָצָה לְשַׁלֵּם, נִמְצָא הַגַּנָּב, מְשַׁלֵּם תַּשְׁלוּמֵי כֶפֶל, טָבַח וּמָכַר, מְשַׁלֵּם תַּשְׁלוּמֵי אַרְבָּעָה וַחֲמִשָּׁה. לְמִי מְשַׁלֵּם, לְבַעַל הַפִּקָּדוֹן: 
</div><div>ב. הַשּׂוֹכֵר פָּרָה מֵחֲבֵרוֹ וְהִשְׁאִילָהּ לְאַחֵר, וּמֵתָה כְדַרְכָּה, יִשָּׁבַע הַשּׂוֹכֵר שֶׁמֵּתָה כְדַרְכָּה, וְהַשּׁוֹאֵל יְשַׁלֵּם לַשּׂוֹכֵר. אָמַר רַבִּי יוֹסֵי, כֵּיצַד הַלָּה עוֹשֶׂה סְחוֹרָה בְּפָרָתוֹ שֶׁל חֲבֵרוֹ, אֶלָּא תַחֲזֹר פָּרָה לַבְּעָלִים: 
</div><div>ג. אָמַר לִשְׁנַיִם, גָּזַלְתִּי לְאֶחָד מִכֶּם מָנֶה, וְאֵינִי יוֹדֵעַ אֵיזֶה מִכֶּם, אוֹ, אָבִיו שֶׁל אֶחָד מִכֶּם הִפְקִיד לִי מָנֶה, וְאֵינִי יוֹדֵעַ אֵיזֶה הוּא, נוֹתֵן לָזֶה מָנֶה וְלָזֶה מָנֶה, שֶׁהוֹדָה מִפִּי עַצְמוֹ: 
</div><div>ד. שְׁנַיִם שֶׁהִפְקִידוּ אֵצֶל אֶחָד, זֶה מָנֶה וְזֶה מָאתַיִם, זֶה אוֹמֵר שֶׁלִּי מָאתָיִם וְזֶה אוֹמֵר שֶׁלִּי מָאתָיִם, נוֹתֵן לָזֶה מָנֶה וְלָזֶה מָנֶה, וְהַשְּׁאָר יְהֵא מֻנָּח עַד שֶׁיָּבֹא אֵלִיָּהוּ. אָמַר רַבִּי יוֹסֵי, אִם כֵּן מַה הִפְסִיד הָרַמַּאי. אֶלָּא הַכֹּל יְהֵא מֻנָּח עַד שֶׁיָּבֹא אֵלִיָּהוּ: 
</div><div>ה. וְכֵן שְׁנֵי כֵלִים, אֶחָד יָפֶה מָנֶה וְאֶחָד יָפֶה אֶלֶף זוּז, זֶה אוֹמֵר יָפֶה שֶׁלִּי וְזֶה אוֹמֵר יָפֶה שֶׁלִּי, נוֹתֵן אֶת הַקָּטָן לְאֶחָד מֵהֶן, וּמִתּוֹךְ הַגָּדוֹל נוֹתֵן דְּמֵי קָטָן לַשֵּׁנִי, וְהַשְּׁאָר יְהֵא מֻנָּח עַד שֶׁיָּבֹא אֵלִיָּהוּ. אָמַר רַבִּי יוֹסֵי, אִם כֵּן מַה הִפְסִיד הָרַמַּאי. אֶלָּא הַכֹּל יְהֵא מֻנָּח עַד שֶׁיָּבֹא אֵלִיָּהוּ: 
</div><div>ו. הַמַּפְקִיד פֵּרוֹת אֵצֶל חֲבֵרוֹ, אֲפִלּוּ הֵן אֲבוּדִין לֹא יִגַּע בָּהֶן. רַבָּן שִׁמְעוֹן בֶּן גַּמְלִיאֵל אוֹמֵר, מוֹכְרָן בִּפְנֵי בֵית דִּין, מִפְּנֵי שֶׁהוּא כְמֵשִׁיב אֲבֵדָה לַבְּעָלִים: 
</div><div>ז. הַמַּפְקִיד פֵּרוֹת אֵצֶל חֲבֵרוֹ, הֲרֵי זֶה יוֹצִיא לוֹ חֶסְרוֹנוֹת. לְחִטִּין וּלְאֹרֶז, תִּשְׁעָה חֲצָאֵי קַבִּין לְכוֹר, לִשְׂעֹרִין וּלְדֹחַן, תִּשְׁעָה קַבִּין לְכוֹר, לְכֻסְמִין וּלְזֶרַע פִּשְׁתָּן, שָׁלשׁ סְאִין לְכוֹר. הַכֹּל לְפִי הַמִּדָּה, הַכֹּל לְפִי הַזְּמָן. אָמַר רַבִּי יוֹחָנָן בֶּן נוּרִי, וְכִי מָה אִכְפַּת לָהֶן לָעַכְבָּרִין, וַהֲלֹא אוֹכְלוֹת בֵּין מֵהַרְבֵּה וּבֵין מִקִּמְעָא. אֶלָּא אֵינוֹ מוֹצִיא לוֹ חֶסְרוֹנוֹת אֶלָּא לְכוֹר אֶחָד בִּלְבָד. רַבִּי יְהוּדָה אוֹמֵר, אִם הָיְתָה מִדָּה מְרֻבָּה, אֵינוֹ מוֹצִיא לוֹ חֶסְרוֹנוֹת, מִפְּנֵי שֶׁמּוֹתִירוֹת: 
</div><div>ח. יוֹצִיא לוֹ שְׁתוּת לְיַיִן. רַבִּי יְהוּדָה אוֹמֵר, חֹמֶשׁ. יוֹצִיא לוֹ שְׁלשֶׁת לֻגִּין שֶׁמֶן לְמֵאָה, לֹג וּמֶחֱצָה שְׁמָרִים, לֹג וּמֶחֱצָה בָּלַע. אִם הָיָה שֶׁמֶן מְזֻקָּק, אֵינוֹ מוֹצִיא לוֹ שְׁמָרִים. אִם הָיוּ קַנְקַנִּים יְשָׁנִים, אֵינוֹ מוֹצִיא לוֹ בָּלַע. רַבִּי יְהוּדָה אוֹמֵר, אַף הַמּוֹכֵר שֶׁמֶן מְזֻקָּק לַחֲבֵרוֹ כָּל יְמוֹת הַשָּׁנָה, הֲרֵי זֶה מְקַבֵּל עָלָיו לֹג וּמֶחֱצָה שְׁמָרִים לְמֵאָה: 
</div><div>ט. הַמַּפְקִיד חָבִית אֵצֶל חֲבֵרוֹ, וְלֹא יִחֲדוּ לָהּ הַבְּעָלִים מָקוֹם, וְטִלְטְלָהּ וְנִשְׁבְּרָה, אִם מִתּוֹךְ יָדוֹ נִשְׁבְּרָה, לְצָרְכּוֹ, חַיָּב, לְצָרְכָּהּ, פָּטוּר. אִם מִשֶּׁהִנִּיחָהּ נִשְׁבְּרָה, בֵּין לְצָרְכּוֹ בֵּין לְצָרְכָּהּ, פָּטוּר. יִחֲדוּ לָהּ הַבְּעָלִים מָקוֹם, וְטִלְטְלָהּ וְנִשְׁבְּרָה, בֵּין מִתּוֹךְ יָדוֹ וּבֵין מִשֶּׁהִנִּיחָהּ, לְצָרְכּוֹ, חַיָּב, לְצָרְכָּהּ, פָּטוּר: 
</div><div>י. הַמַּפְקִיד מָעוֹת אֵצֶל חֲבֵרוֹ, צְרָרָן וְהִפְשִׁילָן לַאֲחוֹרָיו, אוֹ שֶׁמְּסָרָן לִבְנוֹ וּלְבִתּוֹ הַקְּטַנִּים, וְנָעַל בִּפְנֵיהֶם שֶׁלֹּא כָרָאוּי, חַיָּב, שֶׁלֹּא שָׁמַר כְּדֶרֶךְ הַשּׁוֹמְרִים. וְאִם שָׁמַר כְּדֶרֶךְ הַשּׁוֹמְרִים, פָּטוּר: 
</div><div>יא. הַמַּפְקִיד מָעוֹת אֵצֶל שֻׁלְחָנִי, אִם צְרוּרִין, לֹא יִשְׁתַּמֵּשׁ בָּהֶם, לְפִיכָךְ אִם אָבְדוּ אֵינוֹ חַיָּב בְּאַחֲרָיוּתָן, מֻתָּרִין, יִשְׁתַּמֵּשׁ בָּהֶן, לְפִיכָךְ אִם אָבְדוּ חַיָּב בְּאַחֲרָיוּתָן. אֵצֶל בַּעַל הַבַּיִת, בֵּין צְרוּרִין וּבֵין מֻתָּרִים לֹא יִשְׁתַּמֵּשׁ בָּהֶן, לְפִיכָךְ אִם אָבְדוּ אֵינוֹ חַיָּב בְּאַחֲרָיוּתָן. חֶנְוָנִי כְּבַעַל הַבַּיִת, דִּבְרֵי רַבִּי מֵאִיר. רַבִּי יְהוּדָה אוֹמֵר, חֶנְוָנִי כַּשֻּׁלְחָנִי: 
</div><div>יב. הַשּׁוֹלֵחַ יָד בְּפִקָּדוֹן, בֵּית שַׁמַּאי אוֹמְרִים, יִלְקֶה בְחָסֵר וּבְיָתֵר. וּבֵית הִלֵּל אוֹמְרִים, כִּשְׁעַת הוֹצָאָה. רַבִּי עֲקִיבָא אוֹמֵר, כִּשְׁעַת הַתְּבִיעָה. הַחוֹשֵׁב לִשְׁלֹחַ יָד בְּפִקָּדוֹן, בֵּית שַׁמַּאי אוֹמְרִים, חַיָּב. וּבֵית הִלֵּל אוֹמְרִים, אֵינוֹ חַיָּב עַד שֶׁיִּשְׁלַח בּוֹ יָד, שֶׁנֶּאֱמַר (שמות כב) אִם לֹא שָׁלַח יָדוֹ בִּמְלֶאכֶת רֵעֵהוּ. כֵּיצַד. הִטָּה אֶת הֶחָבִית וְנָטַל הֵימֶנָּה רְבִיעִית, וְנִשְׁבְּרָה, אֵינוֹ מְשַׁלֵּם אֶלָּא רְבִיעִית. הִגְבִּיהָהּ וְנָטַל הֵימֶנָּה רְבִיעִית, וְנִשְׁבְּרָה, מְשַׁלֵּם דְּמֵי כֻלָּהּ: 
</div>","<div>1. In the case of <b>one who deposits an animal or vessels with another,</b> who is acting as an unpaid bailee, <b>and they were stolen or they were lost,</b> and the bailee <b>paid</b> the owner the value of the deposit, <b>and did not wish to take an oath</b> that he did not misappropriate the item and that he was not negligent in safeguarding it, that will effect who keeps the deposit if it is found or returned. The bailee may also choose to take the oath, <b>as</b> the Sages <b>said: An unpaid bailee takes an oath, and he is</b> thereby <b>released</b> from the liability to pay the owner. If <b>the thief is</b> later <b>found,</b> the thief <b>pays</b> the <b>double payment.</b> If the deposited item was a sheep or an ox and the thief <b>slaughtered or sold</b> it, <b>he pays</b> the <b>fourfold or fivefold payment. To whom does</b> the thief <b>pay?</b> He gives the payment <b>to the one who</b> had <b>the deposit in his</b> possession when it was stolen, i.e., the bailee. When the bailee paid the owner for the stolen item, the owner granted the rights to the item to the bailee. Therefore, the bailee is entitled to any payment the thief presents for the item, be it compensation for the item’s value or a fine. In the case of a bailee who <b>took an oath and did not wish to pay,</b> if <b>the thief is</b> then <b>found</b> and required to <b>pay</b> the <b>double payment,</b> or if he <b>slaughtered or sold</b> the animal and is required to <b>pay the fourfold or fivefold payment, to whom does</b> the thief <b>pay?</b> He gives the payment <b>to the owner of the deposit,</b> not the bailee.</div><div>2. In the case of <b>one who rents a cow from another, and</b> this renter then <b>lends it to another</b> person, <b>and</b> the cow <b>dies in its</b> typical <b>manner,</b> i.e., of natural causes, in the possession of the borrower, <b>the renter takes an oath</b> to the owner of the cow <b>that</b> the cow <b>died in its</b> typical <b>manner, and the borrower pays the renter</b> for the cow that he borrowed. A renter is exempt in a case of damage due to circumstances beyond his control, including death, but a borrower is liable to compensate the owner even for damage due to circumstances beyond his control. <b>Rabbi Yosei said: How does the other</b> party, i.e., the renter, <b>do business with</b> and profit from <b>another’s cow? Rather,</b> the value of the <b>cow should be returned to</b> the <b>owner.</b> The renter need not take an oath, but the borrower must compensate the owner of the cow.</div><div>3. If <b>one said to two</b> people: <b>I robbed one of you of one hundred dinars, but I do not know</b> from <b>which of you</b> I took the money, <b>or</b> if one said to two people: <b>The father of one of you deposited one hundred dinars with me, but I do not know</b> the father of <b>which</b> of you <b>he is,</b> then he <b>gives one hundred dinars to this</b> person <b>and one hundred dinars to that</b> person. This is <b>because</b> there is no way to determine which of them is entitled to the money, and <b>he admitted</b> his obligation <b>at his own</b> initiative.</div><div>4. In the case of <b>two</b> people <b>who deposited</b> money <b>with one</b> person, and <b>this</b> one deposited <b>one hundred dinars and that</b> one deposited <b>two hundred</b> dinars, and when they come to collect their deposit, <b>this</b> one <b>says: My</b> deposit was <b>two hundred</b> dinars, <b>and that</b> one <b>says: My</b> deposit was <b>two hundred</b> dinars, the bailee <b>gives one hundred dinars to this</b> one <b>and one hundred dinars to that</b> one. <b>And the rest</b> of the money, i.e., the contested one hundred dinars, <b>will be placed</b> in a safe place <b>until Elijah comes</b> and prophetically determines the truth. <b>Rabbi Yosei said: If so, what did the swindler lose?</b> He lost nothing by claiming the one hundred dinars that belongs to another, and he has no incentive to admit the truth. <b>Rather, the entire</b> deposit <b>will be placed</b> in a safe place <b>until Elijah comes. As</b> his fraud will cause him to lose even the one hundred dinars that he deposited, perhaps he will be discouraged from making a fraudulent claim.</div><div>5. <b>And likewise,</b> if two people deposited <b>two vessels, one worth one hundred dinars and one worth one thousand dinars,</b> and <b>this</b> one <b>says: The expensive</b> vessel <b>is mine, and that</b> one <b>says: The expensive</b> vessel <b>is mine,</b> the bailee <b>gives the small</b> vessel <b>to one of them, and from the</b> proceeds of the sale of <b>the large</b> vessel <b>he gives the value of the small</b> vessel <b>to the other, and the rest</b> of the money <b>is placed</b> in a safe place <b>until Elijah comes. Rabbi Yosei said: If so, what did the swindler lose? Rather, the entire</b> deposit, i.e., both vessels, <b>are placed</b> in a safe place <b>until Elijah comes</b> or one of them admits his deceit.</div><div>6. In the case of <b>one who deposits produce with another, even if it is lost</b> due to spoilage or vermin, the bailee <b>may not touch it,</b> as it is not his. <b>Rabban Shimon ben Gamliel says: He sells it before</b> the <b>court, as</b> by doing so <b>he is like</b> one <b>returning a lost item to the owner,</b> since through its sale he prevents the owner from losing the value of his produce.</div><div>7. In the case of <b>one who deposits produce with another,</b> and the bailee provides him with different produce in return, <b>that</b> bailee <b>deducts</b> from the produce that he returns an amount equal to the standard <b>decrease</b> of the produce. The decrease is calculated according to this formula: <b>For wheat and for rice,</b> he deducts <b>nine half-<i>kav</i> per <i>kor</i>,</b> which is 180 <i>kav</i>; <b>for barley and millet,</b> he deducts <b>nine <i>kav</i> per <i>kor</i>; for spelt and flaxseed,</b> he deducts <b>three <i>se’a</i>,</b> which total eighteen <i>kav</i>, <b>per <i>kor</i>. The entire</b> calculation is <b>according to the measure, and the entire</b> calculation is <b>according to the time</b> elapsed. This is the amount of produce that the bailee deducts per one <i>kor</i> of produce over the course of one year. <b>Rabbi Yoḥanan ben Nuri said: And what do the mice care</b> how much produce the bailee is safeguarding? <b>Don’t they eat the same</b> amount <b>whether</b> it is <b>from much</b> produce <b>and whether</b> it is <b>from little</b> produce? <b>Rather, he deducts</b> an amount equal to the standard <b>decrease of just one <i>kor</i></b> of produce. <b>Rabbi Yehuda says: If</b> the deposit <b>was a large measure,</b> the bailee <b>does not deduct</b> the <b>decrease</b> from <b>it, due to</b> the fact <b>that</b> for different reasons <b>it increases.</b> Therefore, he returns the measure of produce that was deposited with him, because the increase offsets the decrease.</div><div>8. When the bailee returns liquids that were deposited with him, <b>he deducts one-sixth</b> of the amount <b>for wine,</b> to offset the decrease in volume due to absorption into the cask and evaporation. <b>Rabbi Yehuda says:</b> He deducts <b>one-fifth. He deducts three <i>log</i> of oil for one hundred</b> <i>log</i>: <b>A <i>log</i> and a half for sediment</b> that sinks to the bottom of the cask, <b>and a <i>log</i> and a half</b> for <b>absorption</b> into the cask. <b>If it was refined oil, he does not deduct</b> any of the oil <b>for sediment</b> because it was filtered. <b>If</b> the oil <b>was</b> stored in <b>old casks</b> that are already saturated, <b>he does not deduct</b> any of the oil for <b>absorption. Rabbi Yehuda says: Even</b> in a case of <b>one who sells refined oil to another all the days of the year, this</b> buyer <b>accepts upon himself</b> that the seller will deduct <b>a <i>log</i> and a half of sediment for one hundred</b> <i>log</i>, as that is the standard measure of sediment.</div><div>9. In the case of <b>one who deposits a barrel with another, and the owners did not designate</b> a specific <b>place for</b> the barrel to be stored in the bailee’s house, and the bailee <b>moved it and it broke, if it broke while</b> still <b>in his hand,</b> there is a distinction: If he moved the barrel <b>for his purposes,</b> he is <b>liable</b> to pay for the damage. If he moved the barrel <b>for its</b> own <b>purposes,</b> to prevent it from being damaged, he is <b>exempt. If, after he replaced</b> the barrel <b>it broke, whether</b> he initially moved it <b>for his purposes</b> or <b>whether</b> he moved it <b>for its</b> own <b>purposes,</b> he is <b>exempt.</b> But if <b>the owners designated</b> a specific <b>place for</b> the barrel, <b>and</b> the bailee <b>moved it and it broke, whether</b> it broke <b>while</b> still <b>in his hand or whether</b> it broke <b>after he replaced</b> the barrel, if he moved it <b>for his purposes</b> he is <b>liable</b> to pay, and if he moved it <b>for its</b> own <b>purposes,</b> he is <b>exempt.</b></div><div>10. In the case of <b>one who deposited coins with another,</b> and that bailee <b>bound it</b> in a cloth <b>and slung it behind him,</b> or <b>conveyed them to his minor son or daughter</b> for safeguarding, <b>or locked</b> the door <b>before them in an inappropriate,</b> i.e., insufficient, manner to secure them, the bailee is <b>liable</b> to pay for the coins, <b>as he did not safeguard</b> the coins <b>in the manner</b> typical <b>of bailees. But if he safeguarded</b> the money <b>in the manner</b> that <b>bailees</b> safeguard items and it was nevertheless stolen, he is <b>exempt.</b></div><div>11. In the case of <b>one who deposits money with a money changer, if</b> the money <b>is bound,</b> the money changer <b>may not use it. Therefore, if it is lost he does not bear responsibility for it.</b> If the money <b>was unbound,</b> the money changer <b>may use it. Therefore, if it is lost he bears responsibility for it.</b> If he deposited money <b>with a homeowner, whether</b> it <b>is bound or whether</b> it <b>is unbound,</b> the homeowner <b>may not use it,</b> as it never entered the mind of the depositor that the homeowner might use the money. <b>Therefore, if</b> the homeowner <b>lost</b> the money, <b>he does not bear responsibility for it.</b> If the bailee is <b>a storekeeper,</b> his status <b>is like</b> that of <b>a homeowner;</b> this is <b>the statement of Rabbi Meir. Rabbi Yehuda says:</b> If the bailee is <b>a storekeeper,</b> his status <b>is like</b> that of <b>a money changer.</b></div><div>12. With regard to <b>one who misappropriates a deposit, Beit Shammai say: He is penalized for</b> its <b>decrease and</b> its <b>increase.</b> If the value of the deposit decreases, the bailee is liable to pay in accordance with its value at the time of the misappropriation. If it increases in value, he is liable to pay in accordance with its value at the time of repayment. <b>And Beit Hillel say:</b> He pays <b>in accordance with</b> its value at <b>the time of removal. Rabbi Akiva says:</b> He pays <b>in accordance with</b> its value at <b>the time of the claim.</b> With regard to <b>one who intends to misappropriate a deposit</b> and voices that intent in the presence of witnesses, <b>Beit Shammai say:</b> He is <b>liable</b> to pay for any damage to the deposit from that point forward, <b>and Beit Hillel say:</b> He is <b>liable</b> to pay <b>only</b> if <b>he</b> actually <b>misappropriates</b> the deposit, <b>as it is stated</b> concerning a bailee: <b>“Whether he has misappropriated his neighbor’s goods”</b> (Exodus 22:7). If <b>he tilted the</b> deposited <b>barrel and took from it a quarter</b>-<i>log</i> of wine for his own use, <b>and</b> the barrel <b>broke,</b> then <b>he pays only</b> for that <b>quarter</b>-<i>log</i><b>.</b> If <b>he lifted</b> the barrel <b>and took from it a quarter</b>-<i>log</i> of wine, <b>and</b> the barrel <b>broke,</b> since he acquired the barrel by lifting it, <b>he pays the value of</b> the <b>entire</b> barrel.</div>",""
"Shemos","חק לישראל - פרשת שמות יום רביעי","10","","<h1><b>גמרא</b></h1>","",""
"Shemos","חק לישראל - פרשת שמות יום רביעי","11","Bava Metzia 42a:2-7","צְרָרָן וְהִפְשִׁילָן וְכוּלִי. בִּשְׁלָמָא כֻּלְהוּ שֶׁלֹּא שָׁמַר כְּדֶרֶךְ הַשּׁוֹמְרִים אֶלָּא צְרָרָן וְהִפְשִׁילָן לַאֲחוֹרָיו מָאי הֲוָה לֵיהּ לְמֶעְבַּד אָמַר רָבָא אָמַר רִבִּי יִצְחָק אָמַר קְרָא (דברים י''ד) וְצַרְתָּ הַכֶּסֶף בְּיָדֶךָ אַף עַל פִּי שֶׁצְרוּרִין יִהְיוּ בְיָדֶךָ. וְאָמַר רִבִּי יִצְחָק לְעוֹלָם יְהֵא כַסְפּוֹ שֶׁל אָדָם מָצוּי בְּיָדוֹ שֶׁנֶּאֱמַר וְצַרְתָּ הַכֶּסֶף בְּיָדֶךָ וְאָמַר רִבִּי יִצְחָק לְעוֹלָם יַשְׁלִישׁ אָדָם אֶת מָעוֹתָיו שְׁלִישׁ בְּקַרְקַע וּשְׁלִישׁ בְּפַרְקְמַטְיָא וּשְׁלִישׁ תַּחַת יָדוֹ וְאָמַר רִבִּי יִצְחָק אֵין הַבְּרָכָה מְצוּיָה אֶלָּא בְדָבָר הַסָּמוּי מִן הָעַיִן שֶׁנֶּאֱמַר (שם כ''ח) יְצַו ה' אִתְּךָ אֶת הַבְּרָכָה בַּאֲסָמֶיךָ. תָּנָא דְבֵי רִבִּי יִשְׁמָעֵאל אֵין הַבְּרָכָה מְצוּיָה אֶלָּא בְדָבָר שֶׁאֵין הָעַיִן שׁוֹלֶטֶת בּוֹ שֶׁנֶּאֱמַר יְצַו ה' אִתְּךָ אֶת הַבְּרָכָה בַּאֲסָמֶיךָ. תָּנוּ רַבָּנָן הַהוֹלֵךְ לָמוֹד אֶת גָּרְנוֹ אוֹמֵר יְהִי רָצוֹן מִלְּפָנֶיךָ ה' אֱלֹהֵינוּ שֶׁתִּשְׁלַח בְּרָכָה בְּמַעֲשֵׂה יָדֵינוּ. הִתְחִיל לָמוֹד אוֹמֵר בָּרוּךְ הַשּׁוֹלֵחַ בְּרָכָה בַּכְּרִי הַזֶּה. מָדַד וְאַחַר כָּךְ בֵּרַךְ הֲרֵי זוּ תְּפִלַּת שָׁוְא. לְפִי שֶׁאֵין הַבְּרָכָה מְצוּיָה לֹא בְדָבָר הַשָּׁקוּל וְלֹא בְדָבָר הַמָּדוּד וְלֹא בְדָבָר הַמָּנוּי אֶלָּא בְדָבָר הַסָּמוּי מִן הָעַיִן שֶׁנֶּאֱמַר יְצַו ה' אִתְּךָ אֶת הַבְּרָכָה בַּאֲסָמֶיךָ. אָמַר שְׁמוּאֵל כְּסָפִים אֵין לָהֶם שְׁמִירָה אֶלָּא בְקַרְקַע. אָמַר רָבָא וּמוֹדֶה שְׁמוּאֵל בְּעֶרֶב שַׁבָּת בֵּין הַשְּׁמָשׁוֹת דְּלֹא אַטְרְחוּהוּ רַבָּנָן. וְאִי שָׁהָא לְמוֹצָאֵי שַׁבָּת שִׁיעוּר לְמִקְבְּרִינְהוּ וְלֹא קַבְּרִינְהוּ מִחְיָּיב. וְאִי צוּרְבָא מֵרַבָּנָן הוּא סָבַר דִילְמָא מִבְּעֵי לֵיהּ זוּזֵי לְאַבְדַּלְתָּא. וְהָאִידְנָא דִשְׁכִיחִי גְשׁוּשָׁאֵי אֵין לָהֶם שְׁמִירָה אֶלָּא בִּשְׁמֵי קוֹרָה. וְהָאִידְנָא דִשְׁכִיחִי פְרוּמָּאֵי אֵין לָהֶם שְׁמִירָה אֶלָּא בֵּינֵי אוּרְבֵי. אָמַר רָבָא וּמוֹדֶה שְׁמוּאֵל בְּכוֹתֵל. (אִי נַמִּי בֵּין הַקְּרָנוֹת). וְהָאִידְנָא דִשְׁכִיחֵי טְפוּחָאֵי אֵין לָהֶם שְׁמִירָה אֶלָּא בְטֶפַח הַסָּמוּךְ לְקַרְקַע אוֹ בְטֶפַח הַסָּמוּךְ לִשְׁמֵי קוֹרָה:","<div><strong>GEMARA:</strong> <b>Granted,</b> for <b>all</b> the other cases, the bailee is liable to pay, <b>as he did not safeguard</b> the money <b>in the manner</b> that <b>bailees</b> safeguard items. <b>But</b> if the bailee <b>bound it</b> in a cloth <b>and slung it behind him, what</b> more <b>was he to do? Rava says</b> that <b>Rabbi Yitzḥak said: The verse states: “And you shall bind up the money in your hand”</b> (Deuteronomy 14:25), from which it is derived: <b>Although it is bound,</b> in order to safeguard the money, <b>it</b> must <b>be in your hand.</b></div><div><b>And</b> apropos that verse, <b>Rabbi Yitzḥak says: A person’s money should always be found in his possession.</b> He should not invest all of his money, leaving him with no money available for expenditures, <b>as it is stated: “And you shall bind up the money in your hand.” And Rabbi Yitzḥak says: A person should always divide his money into three;</b> he should bury <b>one-third in the ground, and</b> invest <b>one-third in business [<i>bifrakmatya</i>], and</b> keep <b>one-third in his possession.</b></div><div><b>And Rabbi Yitzḥak says: Blessing is found only in a matter concealed from the eye, as it is stated: “The Lord will command blessing with you in your storehouses”</b> (Deuteronomy 28:8), where the grain is concealed. <b>The school of Rabbi Yishmael taught: Blessing is found only in a matter</b> over <b>which the eye has no dominion, as it is stated: “The Lord will command blessing with you in your storehouses.”</b></div><div><b>The Sages taught: One who goes to measure</b> the grain on <b>his threshing floor recites: May it be Your will, O Lord, our God, that You send blessing upon the product of our hands.</b> If <b>one began to measure</b> the grain <b>he says: Blessed is He Who sends blessing upon this pile</b> of grain. If <b>one measured and afterward recited</b> this blessing, <b>this is a prayer</b> made <b>in vain, because blessing is found neither in a matter that is weighed, nor in a matter that is measured, nor in a matter that is counted. Rather,</b> it is found <b>in a matter concealed from the eye, as it is stated: “The Lord will command blessing with you in your storehouses.”</b></div><div>§ <b>Shmuel says:</b> There is <b>safeguarding</b> for <b>money only in the ground. Rava said: And Shmuel concedes</b> if one received a deposit <b>on Shabbat eve at twilight, that the Rabbis did not impose upon him</b> to bury it in the ground immediately. <b>And if, at the conclusion of Shabbat, he delayed and did not bury</b> the money within the <b>period</b> of time needed <b>to bury it, he is liable</b> to pay the owner if it is stolen. <b>And if</b> the one who deposited the money <b>is a Torah scholar</b> and the bailee <b>thought: Perhaps he requires money for <i>havdala</i>,</b> and that is the reason that he did not bury the money immediately, then he may delay burying the money a bit longer.</div><div>The Gemara comments: <b>And now that rummagers,</b> who dig to find and steal buried property, <b>are commonplace,</b> there is <b>safeguarding</b> for money <b>only in the beams of the roof</b> of a house. The Gemara comments: <b>And now that dismantlers,</b> who attempt to find and steal property hidden in beams, <b>are commonplace,</b> there is <b>safeguarding</b> for money <b>only between the bricks</b> of a wall. <b>Rava said: And Shmuel concedes</b> that money can be safeguarded <b>in the wall or, alternatively, between the corners</b> of the house. <b>And now that tappers,</b> who tap on walls to find and steal property hidden there, <b>are commonplace,</b> there is <b>safeguarding</b> for money <b>only in the handbreadth</b> of the wall <b>adjacent to the ground or in the handbreadth</b> of the wall <b>adjacent to the ceiling,</b> as tapping on the wall will not reveal their existence.</div>",""
"Shemos","חק לישראל - פרשת שמות יום רביעי","12","","<h1><b>זוהר</b></h1>","",""
"Shemos","חק לישראל - פרשת שמות יום רביעי","13","Zohar, Shemot 50","פָּתַח וְאָמַר דּוֹדִי לִי וַאֲנִי לוֹ הָרוֹעֶה בַּשּׁוֹשַׁנִּים. מִי גָרַם לִי שֶׁאֲנִי לְדוֹדִי וְדוֹדִי לִי מִפְּנֵי שֶׁהוּא מַנְהִיג עוֹלָמוֹ בַּשׁוֹשַׁנִּים. מַה שׁוֹשָׁן יֵשׁ בּוֹ רֵיחַ וְהוּא אָדוֹם מוֹצְקִים אוֹתוֹ וְהוּא מִתְהַפֵּךְ לְלָבָן וּלְעוֹלָם רֵיחוֹ לֹא זָז כָּךְ הַקָּדוֹשׁ בָּרוּךְ הוּא מַנְהִיג עוֹלָמוֹ בְּדֶרֶךְ זֶה שֶׁאִלְמָלֵא כֵן לֹא יִתְקַיֵּים הָעוֹלָם בִּשְׁבִיל הָאָדָם הַחוֹטֵא. וְהַחֵטְא נִקְרָא אָדוֹם כְּמָה דְאַתְּ אָמֵר אִם יִהְיוּ חֲטָאֵיכֶם כַּשָּׁנִים כַּשֶּׁלֶג יַלְבִּינוּ. מַקְרִיב קָרְבָּנוֹ לָאֵשׁ שֶׁהוּא אָדוֹם. וְזוֹרֵק הַדָּם סָבִיב לַמִּזְבֵּחַ שֶׁהוּא אָדוֹם מִדַּת הַדִּין אָדוֹם מוֹצְקִים אוֹתוֹ (הָרֵיחַ) וְעוֹלֶה הֶעָשָׁן כֻּלּוֹ לָבָן וְאָז הָאָדוֹם נֶהְפַּךְ לְלָבָן נֶהְפַּךְ מִדַּת הַדִּין לְמִדַּת רַחֲמִים. וְתָא חֲזֵי כָּל מִדַּת הַדִין אֵין צָרִיךְ הָרֵיחַ שֶׁלּוֹ אֶלָּא מִצַד אָדוֹם וְהַיְינוּ דְאָמַר רִבִּי יְהוּדָה מַאי דִּכְתִיב (מלכים א' י''ח) וַיִּתְגּוֹדְדוּ כְּמִשְׁפָּטָם וְגוֹמֵר עַד שְׁפָךְ דָּם עֲלֵיהֶם אֶלָּא הָיוּ יוֹדְעִים שֶׁלֹּא יַשִּׂיגוּ מִמִּדַּת הַדִּין כִּרְצוֹנָם זוּלָתִי בָאוֹדֶם אָמַר רִבִּי יִצְחָק וְעוֹד אוֹדֶם וְלָבָן נִקְרַב לְעוֹלָם וְהָרֵיחַ עוֹלֶה מִשְּׁתֵּיהֶן. מַה הַשּׁוֹשָׁן אָדוֹם וְלָבָן כָּךְ רֵיחַ הַקָּרְבָן. וְהַקָּרְבָּן מֵאָדוֹם וְלָבָן. בֹּא וּרְאֵה מֵרֵיחַ הַקְּטֹרֶת שֶׁהַסַמָּנִים מֵהֶם אֲדוּמִים וּמֵהֶם לְבָנִים כְּגוֹן הַלְּבוֹנָה שֶׁהוּא לָבָן מֹר דְּרוֹר אָדוֹם וְהָרֵיחַ עוֹלֶה מֵאָדוֹם וְלָבָן וְעַל כֵּן מַנְהִיג עוֹלָמוֹ בַּשּׁוֹשַׁנִּים שֶׁהוּא אָדוֹם וְלָבָן וּכְתִיב (יחזקאל מ''ד) לְהַקְרִיב לִי חֵלֶב וָדָם כְּנֶגֶד זֶה אָדָם מַקְרִיב חֶלְבּוֹ וְדָמוֹ וּמִתְכַּפֵּר לוֹ זֶה אָדוֹם וְזֶה לָבָן מַה הַשּׁוֹשָׁן שֶׁהוּא אָדוֹם וְהוּא לָבָן אֵין מוֹצְקִים אוֹתוֹ לַחֲזוֹר כֻּלּוֹ לָבָן אֶלָּא בָאֵשׁ. כָּךְ הַקָּרְבָן אֵין מוֹצְקִין אוֹתוֹ לַחֲזוֹר כֻּלּוֹ לָבָן אֶלָּא בָאֵשׁ עַכְשָׁיו מִי שֶׁיּוֹשֵׁב בְּתַעֲניתוֹ וּמַקְרִיב חֶלְבּוֹ וְדָמוֹ אֵינוֹ נִצְמַק לַחֲזוֹר כֻּלּוֹ לָבָן אֶלָּא בָאֵשׁ דְּאָמַר רִבִּי יְהוּדָה מִתּוֹךְ תַּעֲנִיתוֹ שֶׁל אָדָם מַחֲלִישִׁין אֵבָרָיו וְגוֹבֵר עָלָיו הָאֵשׁ וּבְאוֹתָהּ שָׁעָה צָרִיךְ לְהַקְרִיב חֶלְבּוֹ וְדָמוֹ בְּאוֹתוֹ הָאֵשׁ וְהוּא הַנִּקְרָא מִזְבַּח כַּפָּרָה וְהַיְּינוּ דְרִבִּי אֶלְעָזָר כַּד הֲוָה יָתִיב בְּתַעֲנִיתָא הֲוָה מְצַלֵּי וְאָמַר גָּלוּי וְיָדוּעַ לְפָנֶיךָ יְיָ אֱלֹהַי וֵאלֹהֵי אֲבוֹתַי שֶׁהִקְרַבְתִּי לְפָנֶיךָ חֶלְבִּי וְדָמִי וְהִרְתַּחְתִּי אוֹתָם בַּחֲמִימוּת חוּלְשַׁת גּוּפִי יְהִי רָצוֹן מִלְּפָנֶיךָ שֶׁיְּהֵא הָרֵיחַ הָעוֹלֶה מִפִּי בְּשָׁעָה זוֹ כְּרֵיחַ הָעוֹלֶה מֵהַקָּרְבָּן בְּאֵשׁ הַמִּזְבֵּחַ וְתִרְצֵנִי. נִמְצָא שֶׁאָדָם הוּא מַקְרִיב בְּתַעֲנִיתוֹ הַחֵלֶב וְהַדָּם (וְהָאֵשׁ) וְהָרֶיחַ שֶׁעוֹלֶה מִפִּיו הוּא מִזְבַּח כַּפָּרָה וּלְפִיכָךְ תִּקְּנוּ הַתְּפִלָּה בִּמְקוֹם הַקָּרְבָּן וּבִלְבָד שֶׁיִּתְכַּוֵּין לְמָה דְאַמְרָן. אָמַר רִבִּי יִצְחָק מִכָּאן וּלְהָלְאָה כְּתִיב (במדבר ל''א) כָּל דָּבָר אֲשֶׁר יָבֹא בָאֵשׁ תַּעֲבִירוּ בָאֵשׁ וְטָהֵר אָמַר רִבִּי יוֹסֵי כְּשֶׁהָיָה בֵּית הַמִּקְדָּשׁ קַיָּים אָדָם מַקְרִיב קָרְבָּנוֹ בְּעִנְיַן זֶה וּמִתְכַּפֵּר לוֹ עַכְשָׁיו תְּפִלָּתוֹ שֶׁל אָדָם מְכַפֵּר לוֹ בִּמְקוֹם הַקָּרְבָּן כִּי הָאי גָּוְונָא:","",""
"Shemos","חק לישראל - פרשת שמות יום רביעי","14","","פָּתַח וְאָמַר, דּוֹדִי לִי וַאֲנִי לוֹ הָרוֹעֶה בַּשּׁוֹשַׁנִים. הַיְנוּ, מִי גָּרַם לִי שֶׁאֲנִי לְדוֹדִי וְדוֹדִי לִי, מִפְּנֵי שֶׁמַּנְהִיג עוֹלָמוֹ בַּשּׁוֹשַׁנִים. מַה שּׁוֹשָׁן יֵשׁ בּוֹ רֵיחַ, וְהוּא אָדוֹם, מוֹצְקִים אוֹתוֹ, וְהוּא מִתְהַפֵּךְ לְלָבָן, וּלְעוֹלָם רֵיחוֹ לֹא זָז, כָּךְ הַקָּדוֹשׁ בָּרוּךְ הוּא מַנְהִיג עוֹלָמוֹ בְּדֶרֶךְ זֶה, שֶׁאִם לֹא כֵּן לֹא הָיָה מִתְקַיֵּם הָעוֹלָם מִשּׁוּם הָאָדָם הַחוֹטֵא, וְהַחֵטְא נִקְרָא אָדוֹם, כְּמוֹ שֶׁנֶּאֱמַר, אִם יִהְיוּ חַטָּאֵיכֶם כַּשָּׁנִים כַּשֶּׁלֶג יַלְבִּינוּ. וְכֵן הַחוֹטֵא מַקְרִיב קָרְבָּנוֹ לָאֵשׁ שֶׁהוּא אָדוֹם, זוֹרֵק הַדָּם שֶׁהוּא אָדוֹם סָבִיב לַמִּזְבֵּחַ. וְכֵן מִדַּת הַדִּין הָרָמוּז בְּאָדוֹם. מוֹצְקִים אוֹתוֹ, הַיְנוּ כְּשֶׁנִּשְׂרָף הַקָּרְבָּן עַל הַמִּזְבֵּחַ וְעוֹלֶה הֶעָשָׁן כֻּלּוֹ לָבָן. וְאָז הָאָדוֹם נֶהְפַּךְ לְלָבָן הָרוֹמֵז שֶׁמִּדַּת הַדִּין נֶהְפַּךְ לְמִדַּת הָרַחֲמִים. וּבֹא וּרְאֵה, כָּל מִדַּת הַדִּין אֵינוֹ צָרִיךְ אֶל הָרֵיחַ שֶׁלּוֹ אֶלָּא מִצַד הָאֹדֶם, וְהַיְנוּ דְּאָמַר רַבִּי יְהוּדָה, מַהוּ שֶּׁכָּתוּב וַיִּתְגוֹדְדוּ כְּמִשְׁפָּטָם וְגוֹ' עַד שְׁפָךְ דָּם עֲלֵיהֶם, אֶלָּא שֶׁהָיוּ יוֹדְעִים שֶׁלֹּא יַשִּׂיגוּ מִמִּדַּת הַדִּין, שֶׁהוּא מַלְכוּת, כִּרְצוֹנָם. זוּלָתִי בָאוֹדֶם. אָמַר רַבִּי יִצְחָק: וְעוֹד, אֹדֶם וְלָבָן נִקְרָב לְעוֹלָם וְהָרֵיחַ עוֹלֶה מִשְּׁנֵיהֶם, מַה הַשּׁוֹשָׁן אָדוֹם וְלָבָן, כָּךְ רֵיחַ הַקָּרְבָּן וְהַקָּרְבָּן עַצְמוֹ מֵאָדוֹם וְלָבָן. בֹּא וּרְאֵה מֵרֵיחַ הַקְּטֹרֶת, שֶׁהַסַּמָּנִים, מֵהֶם אֲדוּמִים וּמֵהֶם לְבָנִים. דְּהַיְנוּ הַלְּבוֹנָה, שֶׁהוּא לָבָן, מָר דְּרוֹר, אָדוֹם, וְהָרֵיחַ עוֹלֶה מֵאָדוֹם וְלָבָן. וְעַל כֵּן מַנְהִיג עוֹלָמוֹ בַּשּׁוֹשַׁנִּים שֶׁהֵם אָדוֹם וְלָבָן. וְכָתוּב, לְהַקְרִיב לִי חֵלֶב וָדָם. כְּנֶגֶד זֶה, אָדָם מַקְרִיב חֶלְבּוֹ וְדָמוֹ וּמִתְכַּפֵּר לוֹ, שֶׁזֶּה אָדוֹם וְזֶה לָבָן. מַה הַשּׁוֹשָׁן שֶׁהוּא אָדוֹם וְהוּא לָבָן, אֵין מוֹצְקִים אוֹתוֹ לְהַחֲזִירוֹ כֻּלּוֹ לָבָן אֶלָּא בָּאֵשׁ. עַתָּה, מִי שֶׁיּוֹשֵׁב בְּתַעֲנִיתוֹ וּמַקְרִיב חֶלְבּוֹ וְדָמוֹ אֵינוֹ נִצְמָק לַחֲזוֹר כֻּלּוֹ לָבָן אֶלָּא בָּאֵשׁ. דְאָמַר רַבִּי יְהוּדָה מִתּוֹךְ תַּעֲנִיתוֹ שֶׁל הָאָדָם, נֶחֱלָשִׁים אֵבָרָיו וְגוֹבֵר עָלָיו הָאֵשׁ, וּבְאוֹתָהּ שָׁעָה צָרִיךְ לְהַקְרִיב חֶלְבּוֹ וְדָמוֹ בְּאוֹתוֹ הָאֵשׁ, וְהוּא הַנִּקְרָא מִזְבֵּחַ כַּפָּרָה. וְהַיְנוּ דְּרַבִּי אֶלְעָזָר. כְּשֶׁהָיָה יוֹשֵׁב בְּתַעֲנִית, הָיָה מִתְפַּלֵּל וְאָמַר, גָּלוּי וְיָדוּעַ לִפְנֵי ה' אֱלֹקָי וֵאלֹקֵי אֲבוֹתָי, שֶׁהִקְרַבְתִּי לְפָנֶיךְ חֶלְבִּי וְדָמִי, וְהִרְתַחְתִּי אוֹתָם בַּחֲמִימוּת חֻלְּשַׁת גּוּפִי, יְהִי רָצוֹן מִלְּפָנֶיךְ שֶׁיְּהֵא הָרֵיחַ הָעוֹלֶה מִפִּי בְּשָׁעָה זוֹ, כְּרֵיחַ הָעוֹלֶה מֵהַקָרְבָּן בְּאֵשׁ הַמִּזְבֵּחַ, וְתִרְצֵנִי. נִמְצָא שֶׁהָאָדָם מַקְרִיב בְּתַעֲנִיתוֹ הַחֵלֶב וְהַדָּם, וְהָרֵיחַ שֶׁעוֹלֶה מִפִּיו, הוּא מִזְבֵּחַ כַּפָּרָה. וּלְפִיכָךְ תִּקְּנוּ הַתְּפִלָּה בְּמָקוֹם הַקָּרְבָּן. וּבִלְבָד שֶׁיִּתְכַּוֵּן לְמַה שֶּׁאָמַרְנוּ. אָמַר רַבִּי יִצְחָק, מִכָּאן וּלְהָלְאָה כָּתוּב, כָּל דָּבָר אֲשֶׁר יָבֹא בָאֵשׁ תַּעֲבִירוּ בָּאֵשׁ וְטָהֵר. אָמַר רַבִּי יוֹסֵי כְּשֶׁהָיָה בֵּית הַמִּקְדָּשׁ קַיָּם, אָדָם מַקְרִיב קָרְבָּנוֹ בְּעִנְיָן זֶה, וּמִתְכַּפֶּר לוֹ, עַתָּה, תְּפִלָּתוֹ שֶׁל אָדָם מְכַפֵּר לוֹ בְּמָקוֹם הַקָּרְבָּן בְּאוֹתוֹ הַדֶּרֶךְ, שֶׁל כַּוָּנַת הַקָּרְבָּן.","",""
"Shemos","חק לישראל - פרשת שמות יום רביעי","15","","<h1><b>הלכה פסוקה</b></h1>","",""
"Shemos","חק לישראל - פרשת שמות יום רביעי","16","Mishneh Torah, Repentance 3:9-10","<div><b>א. </b>שְׁנַיִם הֵם הָעֲבַרְיָינִין מִיִּשְׂרָאֵל הָעֲבַרְיָין לַעֲבֵרָה אַחַת וְהָעֲבַרְיָין לְכָל הַתּוֹרָה כֻּלָּהּ. הָעֲבַרְיָין לַעֲבֵרָה אַחַת זֶה שֶׁהֱחֱזִיק עַצְמוֹ לַעֲשׂוֹת אוֹתָהּ עֲבֵרָה בְּזָדוֹן וְנִתְפַּרְסֵם בָּה וְהֻרְגַּל אֲפִלּוּ הָיְתָה מִן הַקַּלּוֹת כְּגוֹן שֶׁהֻחְזַק תָּמִיד לִלְבּוֹשׁ שַׁעַטְנֵז אוֹ לְהַקִּיף פֵּאָה וְנִמְצָא כְּאִלּוּ בָּטְלָה מִצְוָה זוּ מִן הָעוֹלָם אֶצְלוֹ הֲרֵי זֶה עֲבַרְיָין לְאוֹתוֹ דָבָר וְהוּא שֶׁיַּעֲשֶׂה לְהַכְעִיס:</div><div><b>ב. </b>הָעֲבַרְיָין לְכָל הַתּוֹרָה כֻּלָּהּ כְּגוֹן הַחוֹזֵר לְדָתֵי נָכְרִים בְּשָׁעָה שֶׁגּוֹזְרִין גְּזֵרָה וְיִדָּבֵק בָּהֶם וְיֹאמַר מַה בֶּצַע לִי לְהִדָּבֵק בְּיִשְׂרָאֵל שֶׁהֵם שְׁפָלִים וְנִרְדָּפִים טוֹב לִי שֶׁאֶדָּבֵק בְּאֵלּוּ נָכְרִים שֶׁיָּדָם תַּקִּיפָה הֲרֵי זֶה עֲבַרְיָין לְכָל הַתּוֹרָה כֻּלָּהּ:</div><div><b>ג. </b>מַחֲטִיאֵי הָרַבִּים כֵּיצַד אֶחָד שֶׁהֶחֱטִיא בְּדָבָר גָּדוֹל כְּגוֹן יָרָבְעָם וְצָדוֹק וּבַיְתוֹס וְאֶחָד שֶׁהֱחֱטִיא בְּדָבָר קַל אֲפִלּוּ לְבַטֵּל מִצְוַת עֲשֵׂה וְאֶחָד הַמְאַנֵּס אֲחֵרִים עַד שֶׁיֶּחְטְאוּ כִּמְנַשֶּׁה שֶׁהָיָה הוֹרֵג אֶת יִשְׂרָאֵל עַד שֶׁיַּעַבְדוּ עֲבוֹדָה זָרָה אוֹ שֶׁהִטְעָה אֲחֵרִים וְהִדִּיחָם:</div>","<div>There are two categories of apostates in Israel: (1) an apostate against one commandment; (2) an apostate against the whole Torah. The apostate against one commandment is; one who emboldens himself to transgress a given commandment consciously so that it becomes his habit of doing it publicly, even it be of the minor commandments, for instance, he persistently wears garment mixed of wool and flax, or rounds the corners of his head, as a consequence whereof it appears that such commandment no longer exists in his world, such one is, indeed, an apostate in this matter, if he does such spitefully. An apostate against the whole Torah is, a convert to the religion of the idolaters, for instance, at a time when they issue arbitrary edicts and he cleaves to them, saying: ""Of what profit is there for me to cleave to Israel who are down-trodden and persecuted; it is rather best for me to cleave to these in whose hand lies the power"", he, assuredly, is apostate against the whole Torah.<sup class=""footnote-marker"">17</sup><i class=""footnote"">Hullin, 5; Sanhedrin, 26b. C.</i></div><div>How are they that cause the public to sin identified? All of the following are of one kind: whether one causes the public to sin in a major matter, as for instance, Jeroboam, Zaduck and Bythos did,<sup class=""footnote-marker"">18</sup><i class=""footnote"">See I. Kings, 12.2. G.</i> or whether he causes the public to sin in a minor matter, even to nullify one mandatory commandment; whether one causes others to sin by force as Manasseh did, for he slew the people of Israel unless they worshiped idolatry, or whether he deceived others and enticed them.<sup class=""footnote-marker"">19</sup><i class=""footnote"">See Supra, (8) G.</i></div>",""
"Shemos","חק לישראל - פרשת שמות יום רביעי","17","","<h1><b>מוסר</b></h1>","",""
"Shemos","חק לישראל - פרשת שמות יום רביעי","18","","<div><strong><span style=""color: #999999;"">ספר חרדים דף ע""ב ע""א</span></strong></div><div>צָרִיךְ אָדָם לִהְיוֹת יָגֵעַ בַּתּוֹרָה שְׁאֵרָהּ כְּסוּתָהּ וְעוֹנָתָהּ לֹא יִגְרָע. עוֹנָה מִן הַמּוֹחַ וְכָל שֵׁשֶׁת יְמֵי הַשָּׁבוּעַ לָקוּם לְהִדָּבֵק נַפְשׁוֹ בָהּ יִשָּׁקֵנִי מִנְשִׁיקוֹת פִּיהוּ כִדְאָמַר בַּזוֹהַר כְּשֶׁעוֹנַת בְּנֵי אָדָם בַּחֲצוֹת לַיְלָה בְּאִשָּׁה הַשְּׁנִיָּה בָּה שַׁעְתָּא עוֹנַת תַּלְמִידֵי חֲכָמִים בָּרִאשׁוֹנָה. וְאַף בְּשַׁבָּת כְּשֶׁמְּקַיְּמִים מִצְוַת עוֹנָה בַּשְׁנִיָּה כַּוָּנָתָם לְהוֹלִיד בֵּן לָרִאשׁוֹנָה שֶׁיְּהֵא תַּלְמִיד חָכָם הֲרֵי הָעוֹנָה בְּמַחֲשָׁבָה כְּסוּתָהּ בְּדִבּוּר שֶׁנִּמְשְׁלוּ יִשְׂרָאֵל לְתוֹלַעַת שֶׁבְּפִיהֶם עוֹשִׂים לָהֶם לְבוּשׁ מַלְכוּת כְּתוֹלַעַת הַמֶּשִׁי וְהַיְינוּ דִכְתִיב (שה''ש ד') כְּחוּט הַשָּׁנִי שִׂפְתוֹתַיִךְ וְלֹא קוּרֵי עַכָּבִישׁ שֶׁנַּעֲשִׂים מִדְּבָרִים בְּטֵלִים. שְׁאֵרָהּ שֶׁהֵם הַמְּזוֹנוֹת בְּמַעֲשֵׂה כִּי כְּמוֹ שֶׁהַלֶּחֶם קִיּוּם הַגּוּף כֵּן הַמִּצְוֹת הַמַּעֲשִׂיּוֹת קִיּוּם הַנֶּפֶשׁ וּבְהֵעָדְרָם רְשָׁעִים בְּחַיֵּיהֶם קְרוּיִים מֵתִים וְעַל הַמַּעֲשִׂים הַטּוֹבִים אָמַר בְּזֹהַר שֶׁאָמַר הַקָּדוֹשׁ בָּרוּךְ הוּא וַעֲשֵׂה לִי מַטְעַמִּים זֹאת הָאִשָּׁה כְּבוּדָה בַּת מֶלֶךְ פְּנִימָה מַלְכּוֹ שֶׁל עוֹלָם וְאַתָּה חֲתָן הַמֶּלֶךְ מַה נָּעִים גּוֹרָלָךְ. וּמִמֵּילָא רַוְחָא לְהָשִׁיב נִדָּחָיו וּלְקַבֵּץ פְּזוּרָיו וְיָשִׁיב הַכֹּל לְאֵיתָנוֹ וְלֹא יִדַּח מִמֶּנּוּ נִדָּח:</div>","",""
"Shemos","חק לישראל - פרשת שמות יום חמישי","1","","<h1><b>תורה</b></h1>","",""
"Shemos","חק לישראל - פרשת שמות יום חמישי","2","","<small>יכוין בקריאת חמשה פסוקים אלו שהם כנגד הִ דמילוי הה אחרונה דשם ב''ן לקנות הארת רוח יתרה משבת הבאה:</small>","",""
"Shemos","חק לישראל - פרשת שמות יום חמישי","3","Exodus 1:22-2:4","<div>א (<small>כב</small>) וַיְצַ֣ו פַּרְעֹ֔ה לְכׇל־עַמּ֖וֹ לֵאמֹ֑ר כׇּל־הַבֵּ֣ן הַיִּלּ֗וֹד הַיְאֹ֙רָה֙ תַּשְׁלִיכֻ֔הוּ וְכׇל־הַבַּ֖ת תְּחַיּֽוּן׃ <span class=""mam-spi-pe"">{פ}</span> </div><div><small>וּפַקִיד פַּרְעֹה לְכָל עַמֵהּ לְמֵימָר כָּל בְּרָא דְיִתְיְלִיד <b>לִיהוּדָאֵי</b> בְּנַהֲרָא תִּרְמֻנֵהּ וְכָל בְּרַתָּא תְּקַיְמוּן:</small></div><div>ב (<small>א</small>) וַיֵּ֥לֶךְ אִ֖ישׁ מִבֵּ֣ית לֵוִ֑י וַיִּקַּ֖ח אֶת־בַּת־לֵוִֽי׃</div><div><small>וַאֲזַל גַבְרָא מִדְבֵית לֵוִי וּנְסִיב יָת בַּת לֵוִי:</small></div><div>(<small>ב</small>) וַתַּ֥הַר הָאִשָּׁ֖ה וַתֵּ֣לֶד בֵּ֑ן וַתֵּ֤רֶא אֹתוֹ֙ כִּי־ט֣וֹב ה֔וּא וַֽתִּצְפְּנֵ֖הוּ שְׁלֹשָׁ֥ה יְרָחִֽים׃</div><div><small>וְעַדִיאַת אִתְּתָא וִילִידַת בָּר וַחֲזַת יָתֵהּ אֲרֵי טַב הוּא וְאַטְמַרְתֵּהּ תְּלָתָא יַרְחִין:</small></div><div>(<small>ג</small>) וְלֹא־יָכְלָ֣ה עוֹד֮ הַצְּפִינוֹ֒ וַתִּֽקַּֽח־לוֹ֙ תֵּ֣בַת גֹּ֔מֶא וַתַּחְמְרָ֥הֿ בַחֵמָ֖ר וּבַזָּ֑פֶת וַתָּ֤שֶׂם בָּהּ֙ אֶת־הַיֶּ֔לֶד וַתָּ֥שֶׂם בַּסּ֖וּף עַל־שְׂפַ֥ת הַיְאֹֽר׃</div><div><small>וְלָא יְכֵילַת עוֹד לְאַטְמָרוּתֵהּ וּנְסֵיבַת לֵהּ תֵּבוּתָא דְגוֹמֶא וְחַפָּתַהּ בְּחֵמָרָא וּבְזִפְתָּא וְשַׁוִיאַת בַּהּ יָת רַבְיָא וְשַׁוִיתַהּ בְּיַעֲרָא עַל כֵּיף נַהֲרָא:</small></div><div>(<small>ד</small>) וַתֵּתַצַּ֥ב אֲחֹת֖וֹ מֵרָחֹ֑ק לְדֵעָ֕ה מַה־יֵּעָשֶׂ֖ה לֽוֹ׃</div><div><small>וְאִתְעַתָּדַת אֲחָתֵהּ מֵרָחִיק לְמִידַע מָה יִתְעֲבֵד לֵהּ:</small></div>","<div>1 (22) And Par῾o charged all his people, saying, Every son that is born you shall cast into the River, and every daughter you shall save alive.</div><div>2 (1) And there went a man of the house of Levi, and took to wife a daughter of Levi.</div><div>(2) And the woman conceived, and bore a son: and when she saw that he was a goodly child, she hid him three months.</div><div>(3) And when she could not longer hide him, she took for him a box made of papyrus, and daubed it with slime and with pitch, and put the child in it; and she laid it in the rushes by the River’s brink.</div><div>(4) And his sister stood afar off, to know what would be done to him.</div>",""
"Shemos","חק לישראל - פרשת שמות יום חמישי","4","","<h1><b>נביאים</b></h1>","",""
"Shemos","חק לישראל - פרשת שמות יום חמישי","5","Isaiah 28:14-18","<div>כח (<small>יד</small>) לָכֵ֛ן שִׁמְע֥וּ דְבַר־יְהֹוָ֖ה אַנְשֵׁ֣י לָצ֑וֹן מֹֽשְׁלֵי֙ הָעָ֣ם הַזֶּ֔ה אֲשֶׁ֖ר בִּירוּשָׁלָֽ͏ִם׃</div><div><small>בְּכֵן קַבִּילוּ פִּתְגָמָא דַייָ גַבְרִין רַשִׁיעִין שִׁלְטוֹנֵי עַמָא הָדֵין דִי בִירוּשְׁלֵם:</small></div><div>(<small>טו</small>) כִּ֣י אֲמַרְתֶּ֗ם כָּרַ֤תְנֽוּ בְרִית֙ אֶת־מָ֔וֶת וְעִם־שְׁא֖וֹל עָשִׂ֣ינוּ חֹזֶ֑ה <span class=""mam-kq""><span class=""mam-kq-k"">(שיט)</span> <span class=""mam-kq-q"">[שׁ֣וֹט]</span></span> שׁוֹטֵ֤ף כִּי־<span class=""mam-kq""><span class=""mam-kq-q"">[יַֽעֲבֹר֙]</span> <span class=""mam-kq-k"">(עבר)</span></span> לֹ֣א יְבוֹאֵ֔נוּ כִּ֣י שַׂ֧מְנוּ כָזָ֛ב מַחְסֵ֖נוּ וּבַשֶּׁ֥קֶר נִסְתָּֽרְנוּ׃ <span class=""mam-spi-pe"">{פ}</span> </div><div><small>אֲרֵי אֲמַרְתּוּן גְזַרְנָא קְיָם עִם קְטוֹלָא וְעִם מַחְבְּלָא עֲבַדְנָא שְׁלָמָא מְחַת סַנְאָה אֲרֵי תֵיתֵי עֲלֵיכוֹן כְּנַחַל מַגְבַּר דְאַתּוּן אָמְרִין לָא תֵיתֵי עֲלָנָא אֲרֵי שַׁוֵינָא בִּכְדִיב רָחֲצָנָנָא וּבְגִין שִׁקְרִין אִטַמַרְנָא:</small></div><div>(<small>טז</small>) לָכֵ֗ן כֹּ֤ה אָמַר֙ אֲדֹנָ֣י יֱהֹוִ֔ה הִנְנִ֛י יִסַּ֥ד בְּצִיּ֖וֹן אָ֑בֶן אֶ֣בֶן בֹּ֜חַן פִּנַּ֤ת יִקְרַת֙ מוּסָ֣ד מוּסָּ֔ד הַֽמַּאֲמִ֖ין לֹ֥א יָחִֽישׁ׃</div><div><small>בְּכֵן כִּדְנַן אֲמַר יְיָ אֱלֹהִים הָא אֲנָא מְמַנֵי בְצִיוֹן מֶלֶךְ מֶלֶךְ תַּקִיף גִיבַּר וְאֵימְתָן אַתְקְפִינֵהּ וְאַחְסְנִינֵהּ אֲמַר נְבִיָא וְצַדִיקַיָא דְהֵימָנוּ בְאִלֵין בְּמֵיתֵי עָקָא לָא יִזְדַעְזְעוּן:</small></div><div>(<small>יז</small>) וְשַׂמְתִּ֤י מִשְׁפָּט֙ לְקָ֔ו וּצְדָקָ֖ה לְמִשְׁקָ֑לֶת וְיָעָ֤ה בָרָד֙ מַחְסֵ֣ה כָזָ֔ב וְסֵ֥תֶר מַ֖יִם יִשְׁטֹֽפוּ׃ <span class=""mam-spi-samekh"">{ס}</span>        </div><div><small>וֶאֱשַׁוֵי דִנָא תַקִין דְאִטַמַרְתּוּן כְּחוּט בִּנְיָנָא וּזְכוּתָא כְּאֶבֶן מַשְׁקוּלְתָּא וְיִדְלַק רוּגְזִי בְּרוֹחֲצָן כִּדְבֵיכוֹן וְעַל דְאִטַמַרְתּוּן מִן קֳדָם מְעִיקָא יַתְכוֹן עַמְמַיָא יִגְלוֹן:</small></div><div>(<small>יח</small>) וְכֻפַּ֤ר בְּרִֽיתְכֶם֙ אֶת־מָ֔וֶת וְחָזוּתְכֶ֥ם אֶת־שְׁא֖וֹל לֹ֣א תָק֑וּם שׁ֤וֹט שׁוֹטֵף֙ כִּ֣י יַֽעֲבֹ֔ר וִהְיִ֥יתֶם ל֖וֹ לְמִרְמָֽס׃</div><div><small>וִיבַטֵל קִיָמְכוֹן דְעִם קָטוֹלָא וּשְׁלָמְכוֹן דְעִם מְחַבְּלָא לָא יִתְקַיָם מְחַת סָנְאָה אֲרֵי תֵיתֵי עֲלֵיכוֹן כְּנַחַל מַגְבַּר וּתְחוֹן לְהוֹן לְדָיִשׁ:</small></div>","<div>28 (14) Wherefore hear the word of the Lord, scornful men, that rule this people which is in Yerushalayim.</div><div>(15) Because you have said, We have made a covenant with death, and with She᾽ol are we at agreement; when the overflowing scourge shall pass through, it shall not come to us: for we have made lies our refuge, and under falsehood have we hid ourselves:</div><div>(16) therefore thus says the Lord God, Behold, I lay in Żiyyon for a foundation a stone, a tried stone, a precious corner stone, a sure foundation: he that believes shall not make haste.</div><div>(17) Judgment also will I lay by a line, and righteousness by a plummet: and the hail shall sweep away the refuge of lies, and waters shall overflow the hiding place.</div><div>(18) And your covenant with death shall be annulled, and your agreement with She᾽ol shall not stand; when the overflowing scourge shall pass through, then you shall be trodden down by it.</div>",""
"Shemos","חק לישראל - פרשת שמות יום חמישי","6","","<h1><b>כתובים</b></h1>","",""
"Shemos","חק לישראל - פרשת שמות יום חמישי","7","Proverbs 12:15-19","<div>יב (<small>טו</small>) דֶּ֣רֶךְ אֱ֭וִיל יָשָׁ֣ר בְּעֵינָ֑יו וְשֹׁמֵ֖עַ לְעֵצָ֣ה חָכָֽם׃</div><div><small>אָרְחֵיהּ דְסַכְלָא תְרִיצָא בְּאַפּוֹי וּדְשָׁמֵעַ לְעֵיצְתָא חַכִּימָא הוּא:</small></div><div>(<small>טז</small>) אֱוִ֗יל בַּ֭יּוֹם יִוָּדַ֣ע כַּעְס֑וֹ וְכֹסֶ֖ה קָל֣וֹן עָרֽוּם׃</div><div><small>שַׁטְיָא כַּד יוֹמֵיהּ מוֹדַע רוּגְזֵיהּ וַעֲרִים מְכַסֵי צַעֲרֵיהּ:</small></div><div>(<small>יז</small>) יָפִ֣יחַ אֱ֭מוּנָה יַגִּ֣יד צֶ֑דֶק וְעֵ֖ד שְׁקָרִ֣ים מִרְמָֽה׃</div><div><small>מַן דְמַסְהֵיד הֵימָנוּתָא נִתְנֵי צַדִיקוּתָא וְסָהֵד דְשִׁקְרָא רַמָאָה הוּא:</small></div><div>(<small>יח</small>) יֵ֣שׁ בּ֭וֹטֶה כְּמַדְקְר֣וֹת חָ֑רֶב וּלְשׁ֖וֹן חֲכָמִ֣ים מַרְפֵּֽא׃</div><div><small>אִית דְאִמְרֵיהּ סַפְסֵירָא רָגְשָׁא וְלִישָׁנָא דְחַכִּימֵי מָאסְיָא:</small></div><div>(<small>יט</small>) שְֽׂפַת־אֱ֭מֶת תִּכּ֣וֹן לָעַ֑ד וְעַד־אַ֝רְגִּ֗יעָה לְשׁ֣וֹן שָֽׁקֶר׃</div><div><small>שִׂפְתָא דְקֻשְׁטָא תִתַּקֵן לַעֲלָם וְסַהֲדָא מִסְתַּרְהֵב כְּלִישְׁנָא דְשִׁקְרָא:</small></div>","<div>12 (15) The way of a fool is right in his own eyes: but he that hearkens unto counsel is wise.</div><div>(16) A fool’s wrath is presently known: but a prudent man conceals disgrace.</div><div>(17) He who utters truth gives just evidence: but a false witness utters deceit.</div><div>(18) There is one who speaks like the piercings of a sword: but the tongue of the wise is health.</div><div>(19) The lip of truth shall be established for ever: but a lying tongue is but for a moment.</div>",""
"Shemos","חק לישראל - פרשת שמות יום חמישי","8","","<h1><b>משנה</b></h1>","",""
"Shemos","חק לישראל - פרשת שמות יום חמישי","9","Mishnah Zevachim 13","<div>א. הַשּׁוֹחֵט וְהַמַּעֲלֶה בַחוּץ, חַיָּב עַל הַשְּׁחִיטָה וְחַיָּב עַל הָעֲלִיָּה. רַבִּי יוֹסֵי הַגְּלִילִי אוֹמֵר, שָׁחַט בִּפְנִים וְהֶעֱלָה בַחוּץ, חַיָּב. שָׁחַט בַּחוּץ וְהֶעֱלָה בַחוּץ, פָּטוּר, שֶׁלֹּא הֶעֱלָה בַחוּץ אֶלָּא דָבָר פָּסוּל. אָמְרוּ לוֹ, אַף הַשּׁוֹחֵט בִּפְנִים וּמַעֲלֶה בַחוּץ, כֵּיוָן שֶׁהוֹצִיאוֹ, פְּסָלוֹ: 
</div><div>ב. טָמֵא שֶׁאָכַל, בֵּין קֹדֶשׁ טָמֵא וּבֵין קֹדֶשׁ טָהוֹר, חַיָּב. רַבִּי יוֹסֵי הַגְּלִילִי אוֹמֵר, טָמֵא שֶׁאָכַל טָהוֹר, חַיָּב. וְטָמֵא שֶׁאָכַל טָמֵא, פָּטוּר, שֶׁלֹּא אָכַל אֶלָּא דָבָר טָמֵא. אָמְרוּ לוֹ, אַף טָמֵא שֶׁאָכַל טָהוֹר, כֵּיוָן שֶׁנָּגַע בּוֹ, טִמְּאָהוּ. וְטָהוֹר שֶׁאָכַל טָמֵא, פָּטוּר, שֶׁאֵינוֹ חַיָּב אֶלָּא עַל טֻמְאַת הַגּוּף: 
</div><div>ג. חֹמֶר בַּשְּׁחִיטָה מִבָּעֲלִיָּה, וּבָעֲלִיָּה מִבַּשְּׁחִיטָה. חֹמֶר בַּשְּׁחִיטָה, שֶׁהַשּׁוֹחֵט לְהֶדְיוֹט, חַיָּב, וְהַמַּעֲלֶה לְהֶדְיוֹט, פָּטוּר. חֹמֶר בָּעֲלִיָּה, שְׁנַיִם שֶׁאָחֲזוּ בְסַכִּין וְשָׁחֲטוּ, פְּטוּרִים. אָחֲזוּ בְאֵבָר וְהֶעֱלוּהוּ, חַיָּבִין. הֶעֱלָה, וְחָזַר וְהֶעֱלָה, וְחָזַר וְהֶעֱלָה, חַיָּב עַל כָּל עֲלִיָּה וַעֲלִיָּה, דִּבְרֵי רַבִּי שִׁמְעוֹן. רַבִּי יוֹסֵי אוֹמֵר, אֵינוֹ חַיָּב אֶלָּא אַחַת, וְאֵינוֹ חַיָּב עַד שֶׁיַּעֲלֶה לְרֹאשׁ הַמִּזְבֵּחַ. רַבִּי שִׁמְעוֹן אוֹמֵר, אֲפִלּוּ הֶעֱלָה עַל הַסֶּלַע אוֹ עַל הָאֶבֶן, חַיָּב: 
</div><div>ד. אֶחָד קָדָשִׁים כְּשֵׁרִין וְאֶחָד קָדָשִׁים פְּסוּלִין שֶׁהָיָה פְסוּלָן בַּקֹּדֶשׁ, וְהִקְרִיבָן בַּחוּץ, חַיָּב. הַמַּעֲלֶה כַזַּיִת מִן הָעוֹלָה וּמִן הָאֵמוּרִין בַּחוּץ, חַיָּב. הַקֹּמֶץ, וְהַלְּבוֹנָה, וְהַקְּטֹרֶת, וּמִנְחַת כֹּהֲנִים, וּמִנְחַת כֹּהֵן הַמָּשִׁיחַ, וּמִנְחַת נְסָכִין, שֶׁהִקְרִיב מֵאַחַד מֵהֶן כַּזַיִת בַּחוּץ, חַיָּב. רַבִּי אֶלְעָזָר פּוֹטֵר, עַד שֶׁיַּקְרִיב אֶת כֻּלּוֹ. וְכֻלָּם שֶׁהִקְרִיבָן בִּפְנִים וְשִׁיֵּר בָּהֶן כַּזַּיִת וְהִקְרִיבָן בַּחוּץ, חַיָּב. וְכֻלָּם שֶׁחָסְרוּ כָל שֶׁהֵן, וְהִקְרִיבָן בַּחוּץ, פָּטוּר: 
</div><div>ה. הַמַּקְרִיב קָדָשִׁים וְאֵמוּרֵיהֶם בַּחוּץ, חַיָּב. מִנְחָה שֶׁלֹּא נִקְמְצָה וְהִקְרִיבָהּ בַּחוּץ, פָּטוּר. קְמָצָהּ, וְחָזַר קֻמְצָהּ לְתוֹכָהּ, וְהִקְרִיבָהּ בַּחוּץ, חַיָּב: 
</div><div>ו. הַקֹּמֶץ וְהַלְּבוֹנָה, שֶׁהִקְרִיב אֶת אַחַד מֵהֶן בַּחוּץ, חַיָּב. רַבִּי אֶלְעָזָר פּוֹטֵר עַד שֶׁיַּקְרִיב אֶת הַשֵּׁנִי. אֶחָד בִּפְנִים וְאֶחָד בַּחוּץ, חַיָּב. שְׁנֵי בְזִיכֵי לְבוֹנָה, שֶׁהִקְרִיב אֶת אַחַד מֵהֶן בַּחוּץ, חַיָּב. רַבִּי אֶלְעָזָר פּוֹטֵר, עַד שֶׁיַּקְרִיב אֶת הַשֵּׁנִי. אֶחָד בִּפְנִים וְאֶחָד בַּחוּץ, חַיָּב. הַזּוֹרֵק מִקְצָת דָּמִים בַּחוּץ, חַיָּב. רַבִּי אֶלְעָזָר אוֹמֵר, אַף הַמְנַסֵּךְ מֵי חָג בֶּחָג בַּחוּץ, חַיָּב. רַבִּי נְחֶמְיָה אוֹמֵר, שְׁיָרֵי הַדָּם שֶׁהִקְרִיבָן בַּחוּץ, חַיָּב: 
</div><div>ז. הַמּוֹלֵק אֶת הָעוֹף בִּפְנִים וְהֶעֱלָה בַחוּץ, חַיָּב. מָלַק בַּחוּץ וְהֶעֱלָה בַחוּץ, פָּטוּר. הַשּׁוֹחֵט אֶת הָעוֹף בִּפְנִים וְהֶעֱלָה בַחוּץ, פָּטוּר. שָׁחַט בַּחוּץ וְהֶעֱלָה בַחוּץ, חַיָּב. נִמְצָא, דֶּרֶךְ הֶכְשֵׁרוֹ מִבִּפְנִים, פְּטוּרוֹ בַחוּץ. דֶּרֶךְ הֶכְשֵׁרוֹ בַחוּץ, פְּטוּרוֹ בִפְנִים. רַבִּי שִׁמְעוֹן אוֹמֵר, כֹּל שֶׁחַיָּבִין עָלָיו בַחוּץ, חַיָּבִין עַל כַּיּוֹצֵא בוֹ בִפְנִים, שֶׁהֶעֱלָהוּ בַחוּץ, חוּץ מִן הַשּׁוֹחֵט בִּפְנִים וּמַעֲלֶה בַחוּץ: 
</div><div>ח. הַחַטָּאת שֶׁקִּבֵּל דָּמָהּ בְּכוֹס אֶחָד, נָתַן בַּחוּץ וְחָזַר וְנָתַן בִּפְנִים, בִּפְנִים וְחָזַר וְנָתַן בַּחוּץ, חַיָּב, שֶׁכֻּלּוֹ רָאוּי לָבֹא בִפְנִים. קִבֵּל דָּמָהּ בִּשְׁנֵי כוֹסוֹת, נָתַן שְׁנֵיהֶם בִּפְנִים, פָּטוּר. שְׁנֵיהֶן בַּחוּץ, חַיָּב. אֶחָד בִּפְנִים וְאֶחָד בַּחוּץ, פָּטוּר. אֶחָד בַּחוּץ וְאֶחָד בִּפְנִים, חַיָּב עַל הַחִיצוֹן, וְהַפְּנִימִי מְכַפֵּר. לְמַה הַדָּבָר דּוֹמֶה, לְמַפְרִישׁ חַטָּאתוֹ וְאָבְדָה וְהִפְרִישׁ אַחֶרֶת תַּחְתֶּיהָ וְאַחַר כָּךְ נִמְצֵאת הָרִאשׁוֹנָה, וַהֲרֵי שְׁתֵּיהֶן עוֹמְדוֹת. שָׁחַט שְׁתֵּיהֶן בִּפְנִים, פָּטוּר. שָׁחַט שְׁתֵּיהֶן בַּחוּץ, חַיָּב. אַחַת בִּפְנִים וְאַחַת בַּחוּץ, פָּטוּר. אַחַת בַּחוּץ וְאַחַת בִּפְנִים, חַיָּב עַל הַחִיצוֹנָה, וְהַפְּנִימִית מְכַפֶּרֶת. כְּשֵׁם שֶׁדָּמָהּ פּוֹטֵר אֶת בְּשָׂרָהּ, כָּךְ הוּא פוֹטֵר אֶת בְּשַׂר חֲבֶרְתָּהּ: 
</div>","<div>1. <b>One who slaughters</b> an offering outside the Temple courtyard <b>and one who offers</b> it <b>up outside</b> the Temple courtyard is <b>liable for the slaughter and liable for</b> the <b>offering up,</b> as each act involves an independent prohibition. If done intentionally, he is liable to receive excision from the World-to-Come [<i>karet</i>] for each act, and if done unwittingly, he is liable to bring a sin offering for each act. <b>Rabbi Yosei HaGelili says:</b> If <b>he slaughtered</b> an offering <b>inside</b> the courtyard <b>and</b> then <b>offered</b> it <b>up outside</b> the courtyard, he is liable. But if <b>he slaughtered</b> it <b>outside,</b> thereby rendering it unfit, <b>and</b> then <b>he offered</b> it <b>up outside,</b> he is <b>exempt</b> for the offering up, <b>as he offered up only an item</b> that is <b>unfit,</b> and one is liable only for offering up an item that is fit to be offered up inside the Temple. The Rabbis <b>said to him:</b> According to your reasoning, <b>even</b> in a case where <b>he slaughters</b> it <b>inside and offers</b> it <b>up outside,</b> he should be exempt, <b>since</b> the moment <b>that he took it outside</b> the courtyard, he thereby <b>rendered it unfit.</b> Yet, in such a case, he is certainly liable for offering it up. So too, one who slaughters an offering outside and then offers it up outside is liable.</div><div>2. <b>One who is ritually impure who ate</b> sacrificial food, <b>whether</b> it was <b>ritually impure sacrificial</b> food <b>or ritually pure sacrificial</b> food, is <b>liable</b> to receive <i>karet</i> if he did so intentionally and to bring a sliding-scale offering if he did so unwittingly. <b>Rabbi Yosei HaGelili says: An impure</b> person <b>who ate pure</b> sacrificial food is <b>liable. But an impure</b> person <b>who ate impure</b> sacrificial food is <b>exempt, as he merely ate an impure item,</b> and the prohibition against eating sacrificial food while one is impure applies only to pure sacrificial food. The Rabbis <b>said to him:</b> According to your logic, this <i>halakha</i> would apply <b>even</b> in a case of <b>an impure</b> person <b>who ate</b> what had been <b>pure</b> sacrificial food, because <b>once he touched it, he</b> thereby <b>rendered it ritually impure.</b> Yet, in such a case, he is certainly liable for eating it. So too, an impure person who ate impure sacrificial food is liable. <b>And a pure</b> person <b>who ate impure</b> sacrificial food is <b>exempt, as</b> one is <b>liable</b> for eating sacrificial food in impurity <b>only due to</b> the <b>impurity of</b> one’s <b>body,</b> but not due to the impurity of the food.</div><div>3. There is <b>a greater stringency with regard to slaughtering</b> outside the Temple courtyard <b>than with regard to offering up</b> outside, <b>and</b> there is a greater stringency <b>with regard to offering up</b> outside <b>than with regard to slaughtering</b> outside. The mishna elaborates: The <b>greater stringency with regard to slaughtering</b> outside is <b>that one who slaughters</b> an offering outside the Temple courtyard even <b>for</b> the sake of <b>an ordinary</b> purpose, not for the sake of God, is <b>liable. But one who offers up</b> an offering outside the courtyard <b>for</b> the sake of <b>an ordinary</b> purpose is <b>exempt.</b> The <b>greater stringency with regard to offering up</b> outside is that <b>two</b> people <b>who grasped a knife and</b> together <b>slaughtered</b> an offering outside the courtyard are <b>exempt.</b> But if two <b>grasped a limb</b> from an offering <b>and</b> together <b>offered</b> it <b>up</b> outside, they are <b>liable.</b> If one unwittingly <b>offered up</b> part of an offering outside the courtyard <b>and then</b> in a different lapse of awareness <b>offered up</b> other parts of that offering <b>and then</b> again, in another lapse of awareness, <b>offered up</b> yet other parts, he is <b>liable</b> to bring a sin offering <b>for each</b> act of <b>offering up;</b> this is <b>the statement of Rabbi Shimon. Rabbi Yosei says:</b> He is <b>liable</b> to bring <b>only one</b> sin offering. Rabbi Yosei adds: <b>And</b> one is <b>liable</b> for offering up an offering outside the courtyard <b>only once he offers</b> it <b>up at the top of an altar</b> that was erected there. <b>Rabbi Shimon says: Even</b> if <b>he offered</b> it <b>up on a rock or on a stone,</b> not an altar, he is <b>liable.</b></div><div>4. With regard to <b>both fit sacrificial</b> animals, <b>and unfit sacrificial</b> animals <b>whose disqualification occurred in sanctity,</b> i.e., in the course of the Temple service, <b>and one sacrificed them outside</b> the Temple courtyard, he is <b>liable.</b> <b>One who offers up outside</b> the courtyard <b>an olive-bulk</b> made up <b>of</b> the flesh of <b>a burnt offering and of</b> its <b>sacrificial portions</b> is <b>liable.</b> If there is <b>a meal offering</b> from <b>which a handful was not removed, and one sacrificed it outside</b> the Temple courtyard, he is <b>exempt</b> from liability, because until the handful is actually removed it is not fit to be burned on the altar inside the Temple. But if a priest <b>took a handful from it and</b> then <b>returned its handful into</b> the remainder of the meal offering, <b>and one sacrificed</b> the entire mixture <b>outside</b> the courtyard, he is <b>liable,</b> as once the handful has been removed it is fit to be burned on the altar inside the Temple, and one is liable for offering it up outside even though it is mixed into the remainder. With regard to <b>the handful</b> of a meal offering, <b>the frankincense, the incense, the meal offering of priests, the meal offering of</b> the <b>anointed priest, and the meal offering</b> brought with the <b>libations</b> that accompany animal offerings, in a case <b>where one sacrificed</b> even <b>an olive-bulk from</b> any <b>one of these,</b> which should be sacrificed on the altar, <b>outside</b> the Temple, he is <b>liable,</b> as the burning of an olive-bulk is considered a proper burning. <b>Rabbi Eliezer deems</b> him <b>exempt unless he sacrifices the whole of</b> any one of these items outside the Temple. <b>But</b> Rabbi Eliezer concedes that with regard to <b>any of them that one sacrificed inside</b> the courtyard <b>but left over an olive-bulk from them and</b> then <b>sacrificed that</b> olive-bulk <b>outside</b> the courtyard, he is <b>liable.</b> <b>And</b> with regard to <b>any of these</b> offerings <b>that were lacking any amount,</b> if <b>one sacrifices it outside</b> the courtyard, he is <b>exempt.</b></div><div>5. <b>One who sacrifices sacrificial</b> meat, which is eaten, <b>and sacrificial portions,</b> i.e., those that are to be burned on the altar, <b>outside</b> the courtyard, is <b>liable</b> for the sacrifice of the sacrificial portions. But he is not liable for sacrificing the meat. If there is <b>a meal offering</b> from <b>which a handful was not removed, and one sacrificed it outside</b> the Temple courtyard, he is <b>exempt</b> from liability, because until the handful is actually removed it is not fit to be burned on the altar inside the Temple. But if a priest <b>took a handful from it and</b> then <b>returned its handful into</b> the remainder of the meal offering, <b>and one sacrificed</b> the entire mixture <b>outside</b> the courtyard, he is <b>liable,</b> as once the handful has been removed it is fit to be burned on the altar inside the Temple, and one is liable for offering it up outside even though it is mixed into the remainder.</div><div>6. The burning of both the handful and the frankincense permits the consumption of the remainder of the meal offering by the priests. With regard to <b>the handful and the frankincense,</b> in a case <b>where one sacrificed</b> only <b>one of them outside</b> the Temple courtyard, he is <b>liable. Rabbi Eliezer exempts</b> from liability one who burns only one of them <b>until he</b> also <b>sacrifices the second.</b> Since the remainder of the meal offering becomes permitted only once both have been burned, he considers each one alone to be an incomplete offering, and he holds one is not liable for sacrificing only one of them. Rabbi Eliezer concedes that if one sacrificed <b>one inside</b> the courtyard <b>and one outside</b> the courtyard, he is <b>liable.</b> The burning of two bowls of frankincense permits the consumption of the shewbread. With regard to the <b>two bowls of frankincense,</b> in a case <b>where one sacrificed</b> only <b>one of them outside</b> the courtyard, he is <b>liable. Rabbi Eliezer exempts</b> from liability one who burns only one of them <b>until he</b> also <b>sacrifices the second,</b> since the shewbread becomes permitted only once both bowls of frankincense are burned. Rabbi Eliezer concedes that if one sacrificed <b>one inside</b> the courtyard <b>and one outside</b> the courtyard, he is <b>liable.</b> <b>One who sprinkles part of</b> the <b>blood</b> of an offering, e.g., one sprinkling instead of four, <b>outside</b> the Temple courtyard is <b>liable. Rabbi Elazar says: So too, one who pours as a libation water</b> consecrated for the libation <b>of the festival</b> of <i>Sukkot</i>, <b>during the Festival, outside</b> the courtyard, is <b>liable. Rabbi Neḥemya says:</b> For the <b>remainder of the blood</b> of an offering that was supposed to be poured at the base of the altar and <b>that</b> instead <b>one sacrificed outside</b> the courtyard, one is <b>liable.</b> </div><div>7. <b>One who pinches</b> the nape of <b>a bird</b> offering <b>inside</b> the Temple courtyard <b>and</b> then <b>offers</b> it <b>up outside</b> the courtyard is <b>liable.</b> But if <b>one pinched</b> its nape <b>outside</b> the courtyard <b>and</b> then <b>offered</b> it <b>up outside</b> the courtyard he is <b>exempt,</b> as pinching the nape of a bird outside the courtyard is not considered valid pinching. <b>One who slaughters,</b> with a knife, <b>a bird</b> offering <b>inside</b> the courtyard <b>and offers</b> it <b>up outside</b> the courtyard is <b>exempt,</b> as slaughtering a bird offering in the Temple courtyard disqualifies it as an offering. But if one <b>slaughtered</b> a bird offering <b>outside</b> the courtyard <b>and</b> then <b>offered</b> it <b>up outside,</b> he is <b>liable.</b> <b>Evidently, the manner of its preparation inside</b> the courtyard, i.e., pinching, effects <b>its exemption outside</b> the courtyard, and <b>the manner of its preparation outside</b> the courtyard, i.e., slaughter, effects <b>its exemption inside</b> the courtyard. <b>Rabbi Shimon says:</b> With regard to <b>any</b> act of killing an animal concerning <b>which,</b> when it was performed <b>outside</b> the courtyard, one is <b>liable for</b> subsequently offering <b>it</b> up outside the courtyard, one is also <b>liable for</b> having <b>offered</b> the animal <b>up outside</b> the courtyard after performing <b>a similar</b> act of killing <b>inside</b> the courtyard. This is the <i>halakha</i> <b>except with regard to one who slaughters</b> a bird <b>inside</b> the courtyard <b>and offers</b> it <b>up outside</b> the courtyard; he is exempt.</div><div>8.  With regard to <b>a sin offering where one collected its blood in one cup,</b> if he first <b>placed</b> its blood on an altar <b>outside</b> the courtyard <b>and then placed</b> the remaining blood on the altar <b>inside</b> the courtyard, or if he first placed its blood on the altar <b>inside</b> the courtyard <b>and then placed</b> the remaining blood on an altar <b>outside</b> the courtyard, in both cases he is <b>liable</b> for placing the blood outside the courtyard, <b>as</b> the blood in <b>its entirety is fit</b> to be placed on the altar <b>inside</b> the courtyard. If <b>one collected its blood in two cups</b> and <b>placed</b> the blood from <b>both of them</b> on the altar <b>inside</b> the courtyard he is <b>exempt</b> as he acted appropriately. If he placed the blood from <b>both of them</b> on an altar <b>outside</b> the courtyard, he is <b>liable,</b> as both are fit to be placed inside. If he first placed the blood from <b>one</b> cup <b>inside and</b> then placed the blood from the other <b>one outside,</b> he is <b>exempt.</b> By using the blood of the first cup to perform the mitzva of placing the blood on the altar, he thereby rendered the blood in the second cup unfit to be placed on the altar; therefore, there is no liability for placing it on an altar outside. If he first placed the blood from <b>one</b> cup <b>outside and</b> then placed the blood from the other <b>one inside,</b> he is <b>liable for the external</b> placement as that blood was fit to be placed inside, <b>and the internal</b> placement <b>atones</b> for the transgression for which the sin offering was brought. <b>To what is this matter comparable?</b> It is comparable <b>to</b> a case where one <b>separated</b> an animal for <b>his sin offering and it was lost, and he separated another</b> animal <b>in its place, and thereafter, the first</b> animal <b>was found.</b> In that case, <b>both of them stand</b> before him and he must sacrifice one as his sin offering. If <b>he slaughtered both of them inside</b> the courtyard, he is <b>exempt.</b> If he slaughtered <b>both of them outside</b> the courtyard, he is <b>liable,</b> as each was fit to be slaughtered in the courtyard. If he first slaughtered <b>one inside and</b> then slaughtered the other <b>one outside</b> he is <b>exempt</b> from liability for slaughtering the second, as he has already fulfilled his obligation with the first, thereby rendering the second one unfit for sacrifice. If he first slaughtered <b>one outside and</b> then slaughtered the other <b>one inside</b> he is <b>liable for</b> slaughtering <b>the external</b> animal outside the courtyard, as it was fit to be slaughtered inside, <b>and the internal</b> animal <b>atones</b> for the transgression for which the sin offering was brought. The mishna adds: In a case where one slaughtered both inside the courtyard, <b>just as</b> placing <b>the blood of</b> the first animal <b>exempts</b> one who consumes <b>its meat</b> from liability for misuse of consecrated property, <b>so too, it exempts</b> one who consumes <b>the meat of its counterpart,</b> the second animal, from liability.</div>",""
"Shemos","חק לישראל - פרשת שמות יום חמישי","10","","<h1><b>גמרא</b></h1>","",""
"Shemos","חק לישראל - פרשת שמות יום חמישי","11","Zevachim 118b:6-12","כִּי אָתָא רַב דִּימִי אָמַר רִבִּי בִּשְׁלשָה מְקוֹמוֹת שָׁרְתָה שְׁכִינָה עַל יִשְׂרָאֵל בְּשִׁילֹה וְנוֹב וְגִבְעוֹן וּבֵית עוֹלָמִים וּבְכֻלָּן לֹא שָׁרְתָה אֶלָּא בְּחֵלֶק בִּנְיָמִין שֶׁנֶּאֱמַר (דברים ל') חוֹפֵף עָלָיו כָּל הַיּוֹם כָּל חֲפִיפוֹת לֹא יְהוּ אֶלָּא בְחֶלְקוֹ שֶׁל בִּנְיָמִין. כִּי אָזִיל אַבַּיֵּי אֲמָרָהּ קָמֵיהּ דְּרַב יוֹסֵף אָמַר חַד בְּרָא הֲוָה לֵיהּ לְכַיְילִיל וְלֹא מִיתְקַן וְהָכְתִיב (תהלים ע''ח) וַיִּטּש מִשְׁכַּן שִׁילֹה וּכְתִיב (שם) וַיִּמְאַס בְּאֹהֶל יוֹסֵף וּבְשֵׁבֶט אֶפְרַיִם לֹא בָחָר. אָמַר רַב אַדָּא מָאי קָא קַשְׁיָא לֵיה דִּילְמָא שְׁכִינָה בְּחֵלֶק בִּנְיָמִין וְסַנְהֵדְרֵי גְדוֹלָה בְּחֵלֶק יוֹסֵף מִדְמָצִינוּ בְּבֵית עוֹלָמִים דִּשְׁכִינָה בְּחֶלְקוֹ שֶׁל בִּנְיָמִין וְסַנְהֶדְרִין בְּחֵלֶק יְהוּדָה. אַמְרֵי הָכִי הַשְׁתָּא הָתָם מִיקַרְבָן נַחֲלוֹת גַּבֵי הֲדָדֵי הָכָא מִי מִיקַרְבָן הָכָא נַמֵּי מִיקַרְבָן כִּדְאָמַר רַב חָמָא בַּר חֲנִינָא רְצוּעָה הָיְתָה יוֹצֵאת מֵחֶלְקוֹ שֶׁל יְהוּדָה וְנִכְנֶסֶת לְחֶלְקוֹ שֶׁל בִּנְיָמִין וּבָהּ הָיָה מִזְבֵּחַ בָּנוּי וְהָיָה בִּנְיָמִין הַצַדִּיק מִצְטַעֵר עָלֶיהָ לְבוֹלְעָהּ. הָכָא נַמֵּי רְצוּעָה הָיְתָה יוֹצֵאת מֵחֶלְקוֹ שֶׁל יוֹסֵף לְחֶלְקוֹ שֶׁל בִּנְיָמִין וְהַיְינוּ דִכְתִיב (יהושע ט''ז) תַּאֲנַת שִׁילֹה. כְּתַנָּאֵי חוֹפֵף עָלָיו זֶה מִקְדָּשׁ רִאשׁוֹן. כָּל הַיּוֹם זֶה מִקְדָּשׁ שֵׁנִי. וּבֵין כְּתֵפָיו שָׁכֵן אֵלּוּ יְמוֹת הַמָּשִׁיחַ. רִבִּי אוֹמֵר חוֹפֵף עָלָיו זֶה הָעוֹלָם הַזֶּה כָּל הַיּוֹם אֵלּוּ יְמוֹת הַמָּשִׁיחַ וּבֵין כְּתֵפָיו שָׁכֵן זֶה הָעוֹלָם הַבָּא:","<div>§ <b>When Rav Dimi came</b> from Eretz Yisrael to Babylonia, <b>he said</b> that <b>Rabbi</b> Yehuda HaNasi said: <b>The Divine Presence rested upon the Jewish people in three places: In Shiloh, and Nov and Gibeon, and the Eternal House, and in all of those</b> the Divine Presence <b>rested only in the portion</b> of the tribe <b>of Benjamin, as it is stated</b> in Moses’ blessing to Benjamin: “The beloved of the Lord shall dwell in safety by Him; <b>He covers him all the day</b> and He dwells between his shoulders” (Deuteronomy 33:12), meaning: <b>All coverings,</b> i.e., times of resting of the Divine Presence upon the Jewish people, <b>shall be only in the portion of Benjamin.</b></div><div>The Gemara relates that <b>when Abaye went</b> to study Torah with Rav Yosef, <b>he said</b> the statement of Rav Dimi <b>before Rav Yosef.</b> Rav Yosef <b>said</b> in response: <b>Kaylil,</b> Abaye’s father, <b>had one son, and he is not proper. But isn’t it written</b> with regard to the Tabernacle in Shiloh: <b>“And He forsook the Tabernacle of Shiloh”</b> (Psalms 78:60); <b>and it is written: “Moreover He abhorred the tent of Joseph, and chose not the tribe of Ephraim”</b> (Psalms 78:67)? These verses indicate that the Tabernacle in Shiloh was in the portion of Joseph, not of Benjamin.</div><div><b>Rav Adda said: What</b> is Rav Yosef’s <b>difficulty</b> from that verse? <b>Perhaps</b> the Tabernacle was in both the portion of Benjamin and that of Joseph. The <b>Divine Presence</b> was <b>in the portion of Benjamin, and</b> the <b>Great Sanhedrin,</b> which sits adjacent to the location of the Divine Presence, was <b>in the portion of Joseph.</b> This is similar to <b>what we found in</b> the case of <b>the Eternal House, where</b> the <b>Divine Presence</b> was <b>in the portion of Benjamin and</b> the <b>Sanhedrin</b> was <b>in the portion of Judah.</b></div><div>Rav Yosef <b>said to him</b> in response: <b>How can</b> these cases <b>be compared? There,</b> in the Temple in Jerusalem, <b>the portions</b> of Benjamin and Judah were <b>close to each other,</b> and a division in which the Temple was located in the portion of one tribe while the Sanhedrin was located in the portion of another was possible. <b>Here,</b> with regard to Shiloh, <b>are</b> Shiloh and the portion of Benjamin <b>close</b> to each other? The Gemara replies: <b>Here too they are close, as Rabbi Ḥama, son of Rabbi Ḥanina, says: A strip</b> of land <b>protruded from the portion of Judah and entered into the portion of Benjamin, and the altar</b> in the Temple <b>was built on</b> that strip. <b>And</b> the tribe of <b>Benjamin the righteous would agonize over it every day,</b> desiring <b>to take it</b> into its portion, due to its unique sanctity.</div><div><b>Here too,</b> with regard to the Tabernacle in Shiloh, <b>a strip</b> of land <b>protruded from the portion of Joseph</b> and entered <b>into the portion of Benjamin,</b> which connected Shiloh to the portion of Benjamin, and it was upon that strip, which had the status of Benjamin’s portion, that the Tabernacle stood. <b>And that is</b> what it means concerning that <b>which is written</b> with regard to the boundary of Joseph: “And the border turned about eastward to <b>Taanath Shiloh”</b> (Joshua 16:6), which in this context, is interpreted as meaning that the tribe of Benjamin would bemoan the fact that the Tabernacle in Shiloh was not located entirely in its portion.</div><div>The Gemara notes that the dispute between the <i>amora’im</i> with regard to the tribe in which the Tabernacle in Shiloh was located is <b>like</b> a dispute between <b><i>tanna’im</i>,</b> as it is taught with regard to Moses’ blessing to Benjamin: <b>“He covers him”; this</b> is a reference to the <b>First Temple. “All the day”; this</b> is a reference to the <b>Second Temple. “And He dwells between his shoulders”; this</b> is a reference to <b>the messianic era.</b></div><div><b>Rabbi</b> Yehuda HaNasi <b>says: “He covers him”; this</b> is a reference to <b>this world. “All the day”; this</b> is a reference to <b>the messianic era. “And He dwells between his shoulders”; this</b> is a reference to <b>the World-to-Come.</b> According to the opinion of the Rabbis, the Divine Presence dwelled in the portion of Benjamin from the first Temple period and onward, but not during the period of the Tabernacle in Shiloh, when it was in the portion of Joseph. However, according to the opinion of Rabbi Yehuda HaNasi, the entire period that the Divine Presence dwelled in this world, including the period of Shiloh, it did so in the portion of Benjamin.</div>",""
"Shemos","חק לישראל - פרשת שמות יום חמישי","12","","<h1><b>זוהר</b></h1>","",""
"Shemos","חק לישראל - פרשת שמות יום חמישי","13","Zohar, Shemot 51","וּמֹשֶׁה הָיָה רוֹעֶה אֶת צֹאן יִתְרוֹ חוֹתְנוֹ כֹּהֵן מִדְיָן רִבִּי חִיָּיא פָּתַח וְאָמַר (תהלים כ''ג) מִזְמוֹר לְדָוִד יְיָ רוֹעִי לֹא אֶחְסָר. כְּלוֹמַר יְיָ רוֹעִי יְיָ הָרוֹעֶה שֶׁלִּי מַה הָרוֹעֶה מַנְהִיג אֶת הַצֹאן וּמוֹלִיכָם לְמִרְעֶה טוֹב לְמִרְעֶה שָׁמֵן בִּמְקוֹם נַחֲלֵי מַיִם מְיַישֵּׁר הֲלִיכָתָן בְּצֶדֶק וּבְמִשְׁפָּט אַף הַקָּדוֹשׁ בָּרוּךְ הוּא כְּתִיב בִּנְאוֹת דֶּשֶׁא יַרְבִּיצֵנִי עַל מֵי מְנוּחוֹת יְנַהֲלֵנִי נַפְשִׁי יְשׁוֹבֵב. אָמַר רִבִּי יוֹסֵי דֶּרֶךְ הָרוֹעִים לִנְהוֹג בְּצֶדֶק אֶת צֹאנוֹ לְהַרְחִיקָם מִן הַגֶּזֶל לְהַנְהִיגָם בְּמִישׁוֹר וְהַשֵּׁבֶט בְּיָדוֹ שֶׁלֹּא יַטּוּ יָמִין וּשְׂמֹאל כָּךְ הַקָּדוֹשׁ בָּרוּךְ הוּא רוֹעֶה אֶת יִשְׂרָאֵל לְהַנְהִיגָם בְּמִישׁוֹר וּבְכָל עֵת הַשֵּׁבֶט בְּיָדוֹ שֶׁלֹּא יַטּוּ יָמִין וּשְׂמֹאל. דָּבָר אַחֵר וּמֹשֶׁה הָיָה רוֹעֶה אָמַר רִבִּי יוֹסֵי תֵּדַע לָךְ שֶׁכָּל זְמַן שֶׁהָרוֹעֶה חָכָם לְנַהֵל אֶת צֹאנוֹ הוּא מוּכָן לְקַבֵּל עוֹל מַלְכוּת שָׁמַיִם וְאִם הָרוֹעֶה שׁוֹטֶה עָלָיו נִקְרָא (משלי כ''ו) תִּקְוָה לִכְסִיל מִמֶּנּוּ. אָמַר רִבִּי יְהוּדָה מֹשֶׁה חָכָם הָיָה וּבָקִי לִנְהוֹג אֶת צֹאנוֹ. בֹּא וּרְאֵה מִדָּוִד שֶׁנֶּאֱמַר (שמואל א' ט''ז) וְהִנֵּה רוֹעֶה בַּצֹאן לְלַמְּדָךְ שֶׁדָּוִד חָכָם גָּדוֹל הָיָה וְהָיָה רוֹעֶה צֹאנוֹ כַּדִּין וְכַשּׁוּרָה לְפִיכָךְ עָשָׂהוּ הַקָּדוֹשׁ בָּרוּךְ הוּא מֶלֶךְ עַל כָּל יִשְׂרָאֵל וְלָמָּה צֹאן וְלֹא בָקָר אָמַר רִבִּי יְהוּדָה יִשְׂרָאֵל נִקְרָאִים צֹאן שֶׁנֶּאֱמַר (יחזקאל ל''ד) וְאַתֵּן צֹאנִי צֹאן מַרְעִיתִי אָדָם אַתֶּם. וּכְתִיב (שם ל''ו) כְּצֹאן קָדָשִׁים כְּצֹאן יְרוּשָׁלַם. מַה הַצֹאן כְּשֶׁיִּקָּרְבוּ עַל הַמִּזְבֵּחַ בִּשְׁבִילָם זוֹכֶה לְחַיֵּי הָעוֹלָם הַבָּא כָּךְ הַמַּנְהִיג לְיִשְׂרָאֵל כַּדִּין וְכַשּׁוּרָה בִּשְׁבִילָם זוֹכֶה לְחַיֵּי הָעוֹלָם הַבָּא. וְעוֹד הָרוֹעֶה אֶת הַצֹאן כְּשֶׁהַצֹאן יוֹלְדוֹת הָרוֹעֶה נוֹטֵל אוֹתָם טְלָאִים בְּחֵיקוֹ כְּדֵי שֶׁלֹּא יִלְאוּ וְיִגְעוּ וּמוֹלִיכָם אַחֲרֵי אִמּוֹתָם וּמְרַחֵם עֲלֵיהֶם כָּךְ הַמַּנְהִיג לְיִשְׂרָאֵל צָרִיךְ לְהַנְהִילָם בְּרַחֲמִים וְלֹא בְאַכְזָרִיּוּת. וְכֵן אָמַר מֹשֶׁה כִּי תֹאמַר אֵלַי שָׂאֵהוּ בְחֵיקֶךָ וְגוֹמֵר. מַה הָרוֹעֶה אֶת הַצֹאן כְּשֶׁהוּא רוֹעֶה טוֹב מַצִיל אֶת הַצֹאן מִן הַזְּאֵבִים וּמִן הָאֲרָיוֹת כָּךְ הַמַּנְהִיג לְיִשְׂרָאֵל אִם הוּא טוֹב מַצִילָן מִן הָאוּמוֹת עוֹבְדֵי עֲבוֹדָה זָרָה וּמִדִּין שֶׁל מַטָּה וּמִדִּין שֶׁל מַעְלָה וּמַדְרִיכָן לְחַיֵּי הָעוֹלָם הַבָּא כָּךְ מֹשֶׁה רוֹעֶה נֶאֱמָן הָיָה וְרָאָה הַקָּדוֹשׁ בָּרוּךְ הוּא שֶׁכְּדַאי הוּא לִרְעוֹת אֶת יִשְׂרָאֵל בְּאוֹתוֹ הַדִּין מַמָּשׁ שֶׁהָיָה רוֹעֶה אֶת הַצֹאן לַכְּשָׂבִים כְּפִי הָרָאוּי לָהֶם וְהַנְּקֵבוֹת כְּפִי הָרָאוּי לָהֶן. וּלְפִיכָךְ כְּתִיב וּמֹשֶׁה הָיָה רוֹעֶה אֶת צֹאן יִתְרוֹ חוֹתְנוֹ וְלֹא שֶׁלּוֹ.","",""
"Shemos","חק לישראל - פרשת שמות יום חמישי","14","","<h1><b>הלכה פסוקה</b></h1>","",""
"Shemos","חק לישראל - פרשת שמות יום חמישי","15","Mishneh Torah, Repentance 3:11-12","<div><b>א. </b>הַפּוֹרֵשׁ מִדַּרְכֵי צִבּוּר אַף עַל פִּי שֶׁלֹּא עָבַר עֲבֵרוֹת אֶלָּא נִבְדַּל מֵעֲדַת יִשְׂרָאֵל וְאֵינוֹ עוֹשֶׂה מִצְוֹת בִּכְלָלָן וְלֹא נִכְנַס בְצָרָתָן וְלֹא מִתְעַנֶה בְּתַעֲנִיתָן אֶלָּא הוֹלֵךְ בְּדַרְכּוֹ כְּאֶחָד מֵהַנָּכְרִים וּכְאִלּוּ אֵינוֹ מֵהֶן אֵין לוֹ חֵלֶק לָעוֹלָם הַבָּא:</div><div><b>ב. </b>הָעוֹשֶׂה עֲבֵרוֹת בְּיָד רָמָה כִּיהוֹיָקִים בֵּין שֶׁעָשָׂה קַלּוֹת בֵּין שֶׁעָשָׂה חֲמוּרוֹת אֵין לוֹ חֵלֶק לָעוֹלָם הַבָּא וְזֶה הַנִּקְרָא מְגַלֶּה פָנִים בַּתּוֹרָה מִפְּנֵי שֶׁהֵעִיז מִצְחוֹ וְגִלָּה פָנָיו וְלֹא בוֹשׁ מִדִּבְרֵי תּוֹרָה:</div><div><b>ג. </b>שְׁנַיִם הֵם הַמּוֹסְרִים הַמּוֹסֵר חֲבֵרוֹ בְיַד נָכְרִים לְהָרְגוֹ אוֹ לְהַכּוֹתוֹ וְהַמּוֹסֵר מָמוֹן חֲבֵרוֹ בְּיַד נָכְרִים אוֹ בְּיַד אַנָּס שֶׁהוּא כְּנָכְרִי וּשְׁנֵיהֶם אֵין לָהֶם חֵלֶק לָעוֹלָם הַבָּא:</div>","<div>One who secedes from the paths of the congregation, although he committed no transgressions, but remains separated from the congregation of Israel, observes no commandments together with them, does not include himself in their troubles, nor afflicts himself on their fast-days, but follows his own path as the rest of the people of the land, acting as if he was not one of them, he has no share in the World to Come. One who commits transgressions high-handedly like Jehoiakim,<sup class=""footnote-marker"">20</sup><i class=""footnote"">See II. Kings, 23.36. G.</i> whether his acts were against minor or against major commandments, he has no share in the World to Come. Verily, he is one of whom it is said: ""He reveals a face in the Torah not according to law"", seeing that he hardened his forehead, exposed his face and is not ashamed to disobey the Torah.<sup class=""footnote-marker"">21</sup><i class=""footnote"">See Supra, (8). G.</i></div><div>There are two categories of informers: (1) he who informs against his neighbor so that he be turned over to an idolatrous hand either to be put to death or to be maltreated; (2) he who informs against his neighbor so that his money be turned over to an idolatrous hand, or to the hand of a robber, who is like an idolater; both categories of such have no share in the World to come.<sup class=""footnote-marker"">22</sup><i class=""footnote"">See Rosh ha-Shanah, 16a-17b; and Yoma, 86a–87b. G.</i></div>",""
"Shemos","חק לישראל - פרשת שמות יום חמישי","16","","<h1><b>מוסר</b></h1>","",""
"Shemos","חק לישראל - פרשת שמות יום חמישי","17","","<div><strong><span style=""color: #999999;"">ספר חרדים דף ע""ב ע""א</span></strong></div><div>הָעוֹלָם הַזֶּה יָם סוֹעֵר צָרִיךְ לְדַמּוֹת הָאָדָם בְּדַעְתּוֹ כְּאִלּוּ הוּא שָׁט בַּיָּם וְלָכֵן יָרִים רֹאשׁוֹ לְמַעְלָה לְיוֹצְרוֹ וְיִזָּהֵר פֶּן יִכָּנְסוּ בְּפִיו הַמַּיִם הַזֵּידוֹנִים וְיִשָּׁמֵר מִן הַגַּלִּים הַבָּאִים לְטוֹרְדוֹ וְאִם לָאו דָמוֹ בְרֹאשׁוֹ. בֶּן אָדָם סֻכַּת שָׁלוֹם פְּרוֹס עַל רֹאשְׁךָ וּבֵיתְךָ בְּכָל עוֹז וְתוֹקֶף וְהָלַכְתָּ בִּדְרָכָיו דִּכְתִיב (ישעיה מ''ה) עוֹשֶׂה שָׁלוֹם וגו' וּפֵירְשׁוּ בְּזוֹהַר מִדִּכְתִיב עוֹשֶׂה וְלֹא עָשָׂה שֶׁתָּמִיד עוֹשֶׂה לָכֵן גַּם אַתָּה תָּמִיד תַּעֲשֶׂה שָׁלוֹם. דְּמוּת הַלָּשׁוֹן חֶרֶב חַדָּה לְאַנְשֵׁי הַמִּלְחָמָה הַצַדִּיקִים נִלְחָמִים בָּה נֶגֶד יִצְרָם הָרָע וַחֲיָילָיו. הָרְשָׁעִים נֶגֶד יִצְרָם הַטּוֹב וַחֲיָילָיו. כְּתִיב (תהלים קי''ט) סֵעֲפִים שָׂנֵאתִי וְתוֹרָתְךָ אָהָבְתִּי וּכְתִיב (שם) אַשְׁרֵי תְמִימֵי דָרֶךְ הַהוֹלְכִים בְּתוֹרַת ה' וּכְתִיב (שם נ''ה) הַשְׁלֵךְ עַל ה' יְהָבְךָ הַכַּוָּנה כִּי כַּמָּה זְמַן אָדָם מְאַבֵּד בְּיָדָיו לָרִיק בְּחָשְׁבוֹ עַל עִנְיָינֵי עוֹלָמוֹ וּפַרְנָסְתוֹ וְסוֹף אָדָם לַהֶבֶל דָמָה כְּלוֹמַר מְהַרְהֵר וּמְחַשֵּׁב וּמְבַטֵּל זְמַנּוֹ וְאֵינוֹ מַשְׁגִּיחַ כִּי יָמָיו כַּצֵל עוֹבֵר וּבְעוֹד שֶׁהוּא מְחַשֵּׁב וּמְהַרְהֵר יַעֲשֶׂה חֲבִילוֹת שֶׁל תּוֹרָה וּמִצְוֹת לָעוֹלָם הַבָּא. וְאַתְיָא מִכְּלָלָא רַב הַשָּׁלוֹם הוּא יְסוֹ''ד הַמַּעֲלֶה יָקוּץ מִתַּרְדֵּמָתוֹ לְתַקֵּן אֲשֶׁר עִוֵּת וְלִיסוֹ''ד אָרֶץ:</div>","",""
"Shemos","חק לישראל - פרשת שמות ליל שישי","1","","<h1><b>תורה</b></h1>","",""
"Shemos","חק לישראל - פרשת שמות ליל שישי","2","","<small>צרוף יִהִוִהִ</small>","",""
"Shemos","חק לישראל - פרשת שמות ליל שישי","3","Exodus 2:5-3:5","<div>ב (<small>ה</small>) וַתֵּ֤רֶד בַּת־פַּרְעֹה֙ לִרְחֹ֣ץ עַל־הַיְאֹ֔ר וְנַעֲרֹתֶ֥יהָ הֹלְכֹ֖ת עַל־יַ֣ד הַיְאֹ֑ר וַתֵּ֤רֶא אֶת־הַתֵּבָה֙ בְּת֣וֹךְ הַסּ֔וּף וַתִּשְׁלַ֥ח אֶת־אֲמָתָ֖הּ וַתִּקָּחֶֽהָ׃</div><div><small>וּנְחָתַת בַּת פַּרְעֹה לְמִסְחֵי עַל נַהֲרָא וְעוּלֵימָתָהָא מְהַלְכָן עַל כֵּיף נַהֲרָא וַחֲזַת יָת תֵּבוּתָא בְּגוֹ יַעֲרָא וְאוֹשֵׁטַת יָת אַמְתַהּ וּנְסֵבְתַהּ:</small></div><div>(<small>ו</small>) וַתִּפְתַּח֙ וַתִּרְאֵ֣הוּ אֶת־הַיֶּ֔לֶד וְהִנֵּה־נַ֖עַר בֹּכֶ֑ה וַתַּחְמֹ֣ל עָלָ֔יו וַתֹּ֕אמֶר מִיַּלְדֵ֥י הָֽעִבְרִ֖ים זֶֽה׃</div><div><small>וּפְתָחַת וַחֲזַת יָת רַבְיָא וְהָא עוּלֵימָא בָּכֵי וְחָסַת עֲלוֹהִי וַאֲמֶרֶת מִבְּנֵי יְהוּדָאֵי הוּא דֵין:</small></div><div>(<small>ז</small>) וַתֹּ֣אמֶר אֲחֹתוֹ֮ אֶל־בַּת־פַּרְעֹה֒ הַאֵלֵ֗ךְ וְקָרָ֤אתִי לָךְ֙ אִשָּׁ֣ה מֵינֶ֔קֶת מִ֖ן הָעִבְרִיֹּ֑ת וְתֵינִ֥ק לָ֖ךְ אֶת־הַיָּֽלֶד׃</div><div><small>וַאֲמֶרֶת אֲחָתֵהּ לְבַת פַרְעֹה הַאֵיזִיל וְאִקְרֵי לִיךְ אִתְּתָא מֵינִקְתָּא מִן יְהוּדַיָתָא וְתוֹנִיק לִיךְ יָת רַבְיָא:</small></div><div>(<small>ח</small>) וַתֹּֽאמֶר־לָ֥הּ בַּת־פַּרְעֹ֖ה לֵ֑כִי וַתֵּ֙לֶךְ֙ הָֽעַלְמָ֔ה וַתִּקְרָ֖א אֶת־אֵ֥ם הַיָּֽלֶד׃</div><div><small>וַאֲמֶרֶת לַהּ בַּת פַּרְעֹה אֵיזִילִי וַאֲזָלַת עוּלֶמְתָּא וּקְרַת יָת אִמֵהּ דְרַבְיָא:</small></div><div>(<small>ט</small>) וַתֹּ֧אמֶר לָ֣הּ בַּת־פַּרְעֹ֗ה הֵילִ֜יכִי אֶת־הַיֶּ֤לֶד הַזֶּה֙ וְהֵינִקִ֣הוּ לִ֔י וַאֲנִ֖י אֶתֵּ֣ן אֶת־שְׂכָרֵ֑ךְ וַתִּקַּ֧ח הָאִשָּׁ֛ה הַיֶּ֖לֶד וַתְּנִיקֵֽהוּ׃</div><div><small>וַאֲמֶרֶת לַהּ בַּת פַּרְעֹה אוֹבִילִי יָת רַבְיָא הָדֵין וְאוֹנְקִיהִי לִי וַאֲנָא אֶתֵּן יָת אַגְרָךְ וּנְסֵיבַת אִתְּתָא יָת רַבְיָא וְאוֹנִקְתֵּהּ:</small></div><div>(<small>י</small>) וַיִּגְדַּ֣ל הַיֶּ֗לֶד וַתְּבִאֵ֙הוּ֙ לְבַת־פַּרְעֹ֔ה וַֽיְהִי־לָ֖הּ לְבֵ֑ן וַתִּקְרָ֤א שְׁמוֹ֙ מֹשֶׁ֔ה וַתֹּ֕אמֶר כִּ֥י מִן־הַמַּ֖יִם מְשִׁיתִֽהוּ׃</div><div><small>וּרְבָא רַבְיָא וְאַיְתִיתֵהּ לְבַת פַּרְעֹה וַהֲוָה לָהּ לְבָר וּקְרַת שְׁמֵהּ משֶׁה וַאֲמֶרֶת אֲרֵי מִן מַיָא שְׁחַלְתֵּהּ:</small></div><div>(<small>יא</small>) וַיְהִ֣י <b>׀</b> בַּיָּמִ֣ים הָהֵ֗ם וַיִּגְדַּ֤ל מֹשֶׁה֙ וַיֵּצֵ֣א אֶל־אֶחָ֔יו וַיַּ֖רְא בְּסִבְלֹתָ֑ם וַיַּרְא֙ אִ֣ישׁ מִצְרִ֔י מַכֶּ֥ה אִישׁ־עִבְרִ֖י מֵאֶחָֽיו׃</div><div><small>וַהֲוָה בְּיוֹמַיָא הָאִנוּן וּרְבָא משֶׁה וּנְפַק לְוָת אַחוֹהִי וַחֲזָא בְּפָלְחַנְהוֹן וַחֲזָא גְבַר מִצְרִי מָחֵי לִגְבַר יְהוּדִי מֵאַחוֹהִי:</small></div><div>(<small>יב</small>) וַיִּ֤פֶן כֹּה֙ וָכֹ֔ה וַיַּ֖רְא כִּ֣י אֵ֣ין אִ֑ישׁ וַיַּךְ֙ אֶת־הַמִּצְרִ֔י וַֽיִּטְמְנֵ֖הוּ בַּחֽוֹל׃</div><div><small>וְאִתְפְּנֵי לְכָא וּלְכָא וַחֲזָא אֲרֵי לֵית גַבְרָא וּמְחָא יָת מִצְרָאָה וְטַמְרֵהּ בְּחָלָא:</small></div><div>(<small>יג</small>) וַיֵּצֵא֙ בַּיּ֣וֹם הַשֵּׁנִ֔י וְהִנֵּ֛ה שְׁנֵֽי־אֲנָשִׁ֥ים עִבְרִ֖ים נִצִּ֑ים וַיֹּ֙אמֶר֙ לָֽרָשָׁ֔ע לָ֥מָּה תַכֶּ֖ה רֵעֶֽךָ׃</div><div><small>וּנְפַק בְּיוֹמָא תִנְיָנָא וְהָא תְּרֵין גֻבְרִין יְהוּדָאִין נָצָן וַאֲמַר לְחַיָבָא לְמָא אַתְּ מָחֵי לְחַבְרָךְ:</small></div><div>(<small>יד</small>) וַ֠יֹּ֠אמֶר מִ֣י שָֽׂמְךָ֞ לְאִ֨ישׁ שַׂ֤ר וְשֹׁפֵט֙ עָלֵ֔ינוּ הַלְהׇרְגֵ֙נִי֙ אַתָּ֣ה אֹמֵ֔ר כַּאֲשֶׁ֥ר הָרַ֖גְתָּ אֶת־הַמִּצְרִ֑י וַיִּירָ֤א מֹשֶׁה֙ וַיֹּאמַ֔ר אָכֵ֖ן נוֹדַ֥ע הַדָּבָֽר׃</div><div><small>וַאֲמַר מָן שַׁוְיָךְ לִגְבַר רַב וְדַיָן עֲלָנָא הַלְמִקְטְלִי אַתְּ אָמַר כְּמָא דִקְטַלְתָּ יָת מִצְרָאָה וּדְחִיל משֶׁה וַאֲמַר <b>בְּקוּשְׁטָא</b> אִתְיְדַע פִּתְגָמָא:</small></div><div>(<small>טו</small>) וַיִּשְׁמַ֤ע פַּרְעֹה֙ אֶת־הַדָּבָ֣ר הַזֶּ֔ה וַיְבַקֵּ֖שׁ לַהֲרֹ֣ג אֶת־מֹשֶׁ֑ה וַיִּבְרַ֤ח מֹשֶׁה֙ מִפְּנֵ֣י פַרְעֹ֔ה וַיֵּ֥שֶׁב בְּאֶֽרֶץ־מִדְיָ֖ן וַיֵּ֥שֶׁב עַֽל־הַבְּאֵֽר׃</div><div><small>וּשְׁמַע פַּרְעֹה יָת פִּתְגָמָא הָדֵין וּבְעָא לְמִקְטַל יָת משֶׁה וַעֲרַק משֶׁה מִן קֳדָם פַּרְעֹה וִיתֵיב בְּאַרְעָא דְמִדְיָן וִיתֵיב עַל בֵּירָא:</small></div><div>(<small>טז</small>) וּלְכֹהֵ֥ן מִדְיָ֖ן שֶׁ֣בַע בָּנ֑וֹת וַתָּבֹ֣אנָה וַתִּדְלֶ֗נָה וַתְּמַלֶּ֙אנָה֙ אֶת־הָ֣רְהָטִ֔ים לְהַשְׁק֖וֹת צֹ֥אן אֲבִיהֶֽן׃</div><div><small>וּלְ<b>רַבָּא</b> דְמִדְיָן שְׁבַע בְּנָן וְאָתָאָה וּדְלָאָה וּמְלָאָה יָת רְהָטַיָא לְאַשְׁקָאָה עֲנָא דַאֲבוּהֵן:</small></div><div>(<small>יז</small>) וַיָּבֹ֥אוּ הָרֹעִ֖ים וַיְגָרְשׁ֑וּם וַיָּ֤קׇם מֹשֶׁה֙ וַיּ֣וֹשִׁעָ֔ן וַיַּ֖שְׁקְ אֶת־צֹאנָֽם׃</div><div><small>וַאֲתוֹ רָעַיָא וּטְרָדוּנוּן וְקָם משֶׁה וּפְרָקִנוּן וְאַשְׁקֵי יָת עַנְהֵן:</small></div><div>(<small>יח</small>) וַתָּבֹ֕אנָה אֶל־רְעוּאֵ֖ל אֲבִיהֶ֑ן וַיֹּ֕אמֶר מַדּ֛וּעַ מִהַרְתֶּ֥ן בֹּ֖א הַיּֽוֹם׃</div><div><small>וַאֲתָאָה לְוַת רְעוּאֵל אֲבוּהֵן וַאֲמַר מָה דֵין אוֹחִיתוּן לְמֵיתֵי יוֹמָא דֵין:</small></div><div>(<small>יט</small>) וַתֹּאמַ֕רְןָ אִ֣ישׁ מִצְרִ֔י הִצִּילָ֖נוּ מִיַּ֣ד הָרֹעִ֑ים וְגַם־דָּלֹ֤ה דָלָה֙ לָ֔נוּ וַיַּ֖שְׁקְ אֶת־הַצֹּֽאן׃</div><div><small>וַאֲמָרָא גַבְרָא מִצְרָאָה שֵׁזְבָנָא מִיַד רָעַיָא וְאַף מִדְלָא דְלָא לָנָא וְאַשְׁקֵי יָת עָנָא:</small></div><div>(<small>כ</small>) וַיֹּ֥אמֶר אֶל־בְּנֹתָ֖יו וְאַיּ֑וֹ לָ֤מָּה זֶּה֙ עֲזַבְתֶּ֣ן אֶת־הָאִ֔ישׁ קִרְאֶ֥ן ל֖וֹ וְיֹ֥אכַל לָֽחֶם׃</div><div><small>וַאֲמַר לִבְנָתֵיהּ וְאָן הוּא לְמָא דְנַן שְׁבַקְתִּין יָת גַבְרָא קְרַן לֵהּ וְיֵכוּל לַחְמָא:</small></div><div>(<small>כא</small>) וַיּ֥וֹאֶל מֹשֶׁ֖ה לָשֶׁ֣בֶת אֶת־הָאִ֑ישׁ וַיִּתֵּ֛ן אֶת־צִפֹּרָ֥ה בִתּ֖וֹ לְמֹשֶֽׁה׃</div><div><small>וּצְבִי משֶׁה לְמִיתַב עִם גַבְרָא וִיהַב יָת צִפּוֹרָה בְרַתֵּהּ לְמשֶׁה:</small></div><div>(<small>כב</small>) וַתֵּ֣לֶד בֵּ֔ן וַיִּקְרָ֥א אֶת־שְׁמ֖וֹ גֵּרְשֹׁ֑ם כִּ֣י אָמַ֔ר גֵּ֣ר הָיִ֔יתִי בְּאֶ֖רֶץ נׇכְרִיָּֽה׃ <span class=""mam-spi-pe"">{פ}</span> </div><div><small>וִילִדַת בַּר וּקְרָא יָת שְׁמֵהּ גֵרְשֹׁם אֲרֵי אֲמַר דַיָר הֲוֵיתִי בְּאַרַע נוּכְרָאָה:</small></div><div>(<small>כג</small>) וַיְהִי֩ בַיָּמִ֨ים הָֽרַבִּ֜ים הָהֵ֗ם וַיָּ֙מׇת֙ מֶ֣לֶךְ מִצְרַ֔יִם וַיֵּאָנְח֧וּ בְנֵֽי־יִשְׂרָאֵ֛ל מִן־הָעֲבֹדָ֖ה וַיִּזְעָ֑קוּ וַתַּ֧עַל שַׁוְעָתָ֛ם אֶל־הָאֱלֹהִ֖ים מִן־הָעֲבֹדָֽה׃</div><div><small>וַהֲוָה בְּיוֹמַיָא סַגִיאַיָא הָאִנוּן וּמִית מַלְכָּא דְמִצְרַיִם וְאִתְנָחוּ בְנֵי יִשְׂרָאֵל מִן פָּלְחָנָא <b>דַהֲוָה קְשֵׁי עֲלֵיהוֹן</b> וּזְעִיקוּ וּסְלֵיקָת קְבֶלְתְּהוֹן <b>לָקֳדָם</b> יְיָ מִן פָּלְחָנָא:</small></div><div>(<small>כד</small>) וַיִּשְׁמַ֥ע אֱלֹהִ֖ים אֶת־נַאֲקָתָ֑ם וַיִּזְכֹּ֤ר אֱלֹהִים֙ אֶת־בְּרִית֔וֹ אֶת־אַבְרָהָ֖ם אֶת־יִצְחָ֥ק וְאֶֽת־יַעֲקֹֽב׃</div><div><small><b>וּשְׁמִיעַ קֳדָם יְיָ</b> יָת קְבֶלְתְּהוֹן וּדְכִיר יְיָ יָת קַיָמֵהּ דְעִם אַבְרָהָם דְעִם יִצְחָק וּדְעִם יַעֲקֹב:</small></div><div>(<small>כה</small>) וַיַּ֥רְא אֱלֹהִ֖ים אֶת־בְּנֵ֣י יִשְׂרָאֵ֑ל וַיֵּ֖דַע אֱלֹהִֽים׃ <span class=""mam-spi-samekh"">{ס}</span>        </div><div><small><b>וּגְלִי קְדָם יְיָ שִׁעְבּוּדָא</b> דִבְנֵי יִשְׂרָאֵל <b>וַאֲמַר בְּמֵימְרֵהּ לְמִפְרַקְהוֹן</b> יְיָ:</small></div><div>ג (<small>א</small>) וּמֹשֶׁ֗ה הָיָ֥ה רֹעֶ֛ה אֶת־צֹ֛אן יִתְר֥וֹ חֹתְנ֖וֹ כֹּהֵ֣ן מִדְיָ֑ן וַיִּנְהַ֤ג אֶת־הַצֹּאן֙ אַחַ֣ר הַמִּדְבָּ֔ר וַיָּבֹ֛א אֶל־הַ֥ר הָאֱלֹהִ֖ים חֹרֵֽבָה׃</div><div><small>וּמשֶׁה הֲוָה רָעֵי יָת עָנָא דְיִתְרוֹ חֲמוֹהִי <b>רַבָּא</b> דְמִדְיָן וּדְבַר יָת עָנָא לְבָתַר <b>שְׁפַר רַעֲיָא</b> לְמַדְבְּרָא וְאָתָא לְטוּרָא <b>דְאִתְגְלִי עֲלוֹהִי יְקָרָא</b> דַיְיָ לְחוֹרֵב:</small></div><div>(<small>ב</small>) וַ֠יֵּרָ֠א מַלְאַ֨ךְ יְהֹוָ֥ה אֵלָ֛יו בְּלַבַּת־אֵ֖שׁ מִתּ֣וֹךְ הַסְּנֶ֑ה וַיַּ֗רְא וְהִנֵּ֤ה הַסְּנֶה֙ בֹּעֵ֣ר בָּאֵ֔שׁ וְהַסְּנֶ֖ה אֵינֶ֥נּוּ אֻכָּֽל׃</div><div><small><b>וְאִתְגְלִי</b> מַלְאָכָא דַיְיָ לֵהּ <b>בְּשַׁלְהוֹבִית</b> אֶשָׁתָא מִגוֹ אַסָנָא וַחֲזָא וְהָא אַסָנָא בָּעֵר בְּאֶשְָׁתָא וַאֲסָנָא לֵיתוֹהִי מִתְאָכִיל:</small></div><div>(<small>ג</small>) וַיֹּ֣אמֶר מֹשֶׁ֔ה אָסֻֽרָה־נָּ֣א וְאֶרְאֶ֔ה אֶת־הַמַּרְאֶ֥ה הַגָּדֹ֖ל הַזֶּ֑ה מַדּ֖וּעַ לֹא־יִבְעַ֥ר הַסְּנֶֽה׃</div><div><small>וַאֲמַר משֶׁה אִתְפְּנֵי כְעַן וְאֶחֱזֵי יָת חָזְוָנָא רַבָּא הָדֵין מָא דֵין לָא מִתּוֹקַד אַסָנָא:</small></div><div>(<small>ד</small>) וַיַּ֥רְא יְהֹוָ֖ה כִּ֣י סָ֣ר לִרְא֑וֹת וַיִּקְרָא֩ אֵלָ֨יו אֱלֹהִ֜ים מִתּ֣וֹךְ הַסְּנֶ֗ה וַיֹּ֛אמֶר מֹשֶׁ֥ה מֹשֶׁ֖ה וַיֹּ֥אמֶר הִנֵּֽנִי׃</div><div><small>וַחֲזָא יְיָ אֲרֵי אִתְפְּנֵי לְמֶחֱזֵי וּקְרָא לֵהּ יְיָ מִגוֹ אַסָנָא וַאֲמַר משֶׁה משֶׁה וַאֲמַר הָא אֲנָא:</small></div><div>(<small>ה</small>) וַיֹּ֖אמֶר אַל־תִּקְרַ֣ב הֲלֹ֑ם שַׁל־נְעָלֶ֙יךָ֙ מֵעַ֣ל רַגְלֶ֔יךָ כִּ֣י הַמָּק֗וֹם אֲשֶׁ֤ר אַתָּה֙ עוֹמֵ֣ד עָלָ֔יו אַדְמַת־קֹ֖דֶשׁ הֽוּא׃</div><div><small>וַאֲמַר לָא תִקְרַב הַלְכָא שְׁרִי סֵינָךְ מֵעַל רִגְלָךְ אֲרֵי אַתְרָא דְאַתְּ קָאִים עֲלוֹהִי <b>אֲתַר</b> קַדִישׁ הוּא:</small></div>","<div>2 (5) And the daughter of Par῾o came down to wash herself at the River; and her maidens walked along by the River’s side; and when she saw the box among the rushes, she sent her maid to fetch it.</div><div>(6) And when she had opened it, she saw the child: and, behold, a weeping boy. And she had compassion on him, and said, This is one of the Hebrews’ children.</div><div>(7) Then said his sister to Par῾o’s daughter, Shall I go and call to thee a nurse of the Hebrew women, that she may nurse the child for thee? And Par῾o’s daughter said to her, Go.</div><div>(8) And the maid went and called the child’s mother.</div><div>(9) And Par῾o’s daughter said to her, Take this child away, and nurse it for me, and I will give thee thy wages. And the woman took the child, and nursed it.</div><div>(10) And the child grew, and she brought him to Par῾o’s daughter, and he became her son. And she called his name Moshe: and she said, Because I drew him out of the water.</div><div>(11) And it came to pass in those days, when Moshe was grown, that he went out to his brothers, and looked on their burdens: and he noticed a Miżrian smiting a Hebrew, one of his brothers.</div><div>(12) And he looked this way and that, and when he saw that there was no man, he slew the Miżrian, and hid him in the sand.</div><div>(13) And when he went out the second day, behold, two men of the Hebrews strove together: and he said to him that was in the wrong, Why dost thou smite thy fellow?</div><div>(14) And he said, Who made thee a prince and a judge over us? dost thou intend to kill me, as thou didst kill the Miżrian? And Moshe feared, and said, Surely this thing is known.</div><div>(15) Now when Par῾o heard this thing, he sought to slay Moshe. But Moshe fled from before Par῾o and dwelt in the land of Midyan: and he sat down by a well.</div><div>(16) Now the priest of Midyan had seven daughters: and they came and drew water, and filled the troughs to water their father’s flock. And the shepherds came and drove them away:</div><div>(17) but Moshe stood up and helped them, and watered their flock.</div><div>(18) And when they came to Re῾u᾽el their father, he said, How is it that you are come so soon today?</div><div>(19) And they said, A Miżrian man delivered us out of the hand of the shepherds, and also drew water enough for us, and watered the flock.</div><div>(20) And he said to his daughters, And where is he? why is it that you have left the man? call him, that he may eat bread.</div><div>(21) And Moshe was content to dwell with the man: and he gave Moshe Żippora his daughter.</div><div>(22) And she bore him a son, and he called his name Gershom: for he said, I have been a stranger in a strange land.</div><div>(23) And it came to pass in the course of those many days, that the king of Miżrayim died: and the children of Yisra᾽el sighed by reason of the bondage, and they cried, and their cry rose up to God by reason of the bondage.</div><div>(24) And God heard their groaning, and God remembered his covenant with Avraham, with Yiżĥaq, and with Ya῾aqov.</div><div>(25) And God looked upon the children of Yisra᾽el, and God apprehended.</div><div>3 (1) Now Moshe kept the flock of Yitro his father in law, the priest of Midyan: and he led the flock far away into the desert, and came to the mountain of God, to Ḥorev.</div><div>(2) And the angel of the Lord appeared to him in a flame of fire out of the midst of a bush: and he looked, and, behold, the bush burned with fire, but the bush was not consumed.</div><div>(3) And Moshe said, I will now turn aside, and see this great sight, why the bush is not burnt.</div><div>(4) And when the Lord saw that he turned aside to see, God called to him out of the midst of the bush, and said, Moshe, Moshe. And he said, Here I am.</div><div>(5) And he said, Do not come near: put off thy shoes from off thy feet, for the place on which thou dost stand is holy ground.</div>",""
"Shemos","חק לישראל - פרשת שמות יום שישי","1","","<h1><b>תורה</b></h1>","",""
"Shemos","חק לישראל - פרשת שמות יום שישי","2","","<small>כדי להשלים כל הסדרה שנים מקרא ואחד תרגום הצגנו תשלום כל הסדרה ותרגום והפטרה:</small>","",""
"Shemos","חק לישראל - פרשת שמות יום שישי","3","Exodus 3:6-15","<div>ג (<small>ו</small>) וַיֹּ֗אמֶר אָנֹכִי֙ אֱלֹהֵ֣י אָבִ֔יךָ אֱלֹהֵ֧י אַבְרָהָ֛ם אֱלֹהֵ֥י יִצְחָ֖ק וֵאלֹהֵ֣י יַעֲקֹ֑ב וַיַּסְתֵּ֤ר מֹשֶׁה֙ פָּנָ֔יו כִּ֣י יָרֵ֔א מֵהַבִּ֖יט אֶל־הָאֱלֹהִֽים׃</div><div><small>וַאֲמַר אֲנָא אֱלָהָא דְאָבוּךְ אֱלָהָא דְאַבְרָהָם אֱלָהָא דְיִצְחָק וֵאלָהָא דְיַעֲקֹב וּכְבֵשִׁנּוּן משֶׁה לְאַפּוֹהִי אֲרֵי דָחִיל מִלְאִסְתַּכָּלָא <b>בְּצֵית יְקָרָא דַ</b>יְיָ:</small></div><div>(<small>ז</small>) וַיֹּ֣אמֶר יְהֹוָ֔ה רָאֹ֥ה רָאִ֛יתִי אֶת־עֳנִ֥י עַמִּ֖י אֲשֶׁ֣ר בְּמִצְרָ֑יִם וְאֶת־צַעֲקָתָ֤ם שָׁמַ֙עְתִּי֙ מִפְּנֵ֣י נֹֽגְשָׂ֔יו כִּ֥י יָדַ֖עְתִּי אֶת־מַכְאֹבָֽיו׃</div><div><small>וַאֲמַר יְיָ <b>מִגְלָא גְלִי קֳדָמַי</b> יָת שִׁעְבּוּד עַמִי דִי בְמִצְרָיִם וְיָת <b>קְבֶלְתְּהוֹן שְׁמִיעַ קֳדָמַי</b> מִן קֳדָם מַפְלְחֵיהוֹן אֲרֵי <b>גְלֵי קָדָמַי</b> יָת כֵּיבֵיהוֹן:</small></div><div>(<small>ח</small>) וָאֵרֵ֞ד לְהַצִּיל֣וֹ <b>׀</b> מִיַּ֣ד מִצְרַ֗יִם וּֽלְהַעֲלֹתוֹ֮ מִן־הָאָ֣רֶץ הַהִוא֒ אֶל־אֶ֤רֶץ טוֹבָה֙ וּרְחָבָ֔ה אֶל־אֶ֛רֶץ זָבַ֥ת חָלָ֖ב וּדְבָ֑שׁ אֶל־מְק֤וֹם הַֽכְּנַעֲנִי֙ וְהַ֣חִתִּ֔י וְהָֽאֱמֹרִי֙ וְהַפְּרִזִּ֔י וְהַחִוִּ֖י וְהַיְבוּסִֽי׃</div><div><small><b>וְאִתְגְלֵיתִי</b> לְשֵׁזָבוּתְהוֹן מִידָא דְמִצְרָאֵי וּלְאַסָקוּתְהוֹן מִן אַרְעָא הַהִיא לְאַרְעָא טָבָא וּפַתְיָא לְאַרְעָא <b>עָבְדָא</b> חֲלָב וּדְבָשׁ לַאֲתַר כְּנַעֲנָאֵי וְחִתָּאֵי וֶאֱמוֹרָאֵי וּפְרִזָאֵי וְחִוָאֵי וִיבוּסָאֵי:</small></div><div>(<small>ט</small>) וְעַתָּ֕ה הִנֵּ֛ה צַעֲקַ֥ת בְּנֵי־יִשְׂרָאֵ֖ל בָּ֣אָה אֵלָ֑י וְגַם־רָאִ֙יתִי֙ אֶת־הַלַּ֔חַץ אֲשֶׁ֥ר מִצְרַ֖יִם לֹחֲצִ֥ים אֹתָֽם׃</div><div><small>וּכְעַן הָא קְבֵילַת בְּנֵי יִשְׂרָאֵל עָלַת <b>קֳדָמָי וְאַף גְלֵי קֳדָמַי</b> יָת דוֹחֲקָא דִי מִצְרָאֵי דָחֲקִין לְהוֹן:</small></div><div>(<small>י</small>) וְעַתָּ֣ה לְכָ֔ה וְאֶֽשְׁלָחֲךָ֖ אֶל־פַּרְעֹ֑ה וְהוֹצֵ֛א אֶת־עַמִּ֥י בְנֵֽי־יִשְׂרָאֵ֖ל מִמִּצְרָֽיִם׃</div><div><small>וּכְעַן <b>אִיתָא</b> וַאֲשַׁלְחִנָּךְ לְוַת פַּרְעֹה וְאַפֵּיק יָת עַמִי בְנֵי יִשְׂרָאֵל מִמִצְרָיִם:</small></div><div>(<small>יא</small>) וַיֹּ֤אמֶר מֹשֶׁה֙ אֶל־הָ֣אֱלֹהִ֔ים מִ֣י אָנֹ֔כִי כִּ֥י אֵלֵ֖ךְ אֶל־פַּרְעֹ֑ה וְכִ֥י אוֹצִ֛יא אֶת־בְּנֵ֥י יִשְׂרָאֵ֖ל מִמִּצְרָֽיִם׃</div><div><small>וַאֲמַר משֶׁה <b>קֳדָם</b> יְיָ מָן אֲנָא אֲרֵי אֵזִיל לְוָת פַּרְעֹה וַאֲרֵי אַפֵּיק יָת בְּנֵי יִשְׂרָאֵל מִמִצְרָיִם:</small></div><div>(<small>יב</small>) וַיֹּ֙אמֶר֙ כִּֽי־אֶֽהְיֶ֣ה עִמָּ֔ךְ וְזֶה־לְּךָ֣ הָא֔וֹת כִּ֥י אָנֹכִ֖י שְׁלַחְתִּ֑יךָ בְּהוֹצִֽיאֲךָ֤ אֶת־הָעָם֙ מִמִּצְרַ֔יִם תַּֽעַבְדוּן֙ אֶת־הָ֣אֱלֹהִ֔ים עַ֖ל הָהָ֥ר הַזֶּֽה׃</div><div><small>וַאֲמַר אֲרֵי יְהֵי <b>מֵימְרִי בְסַעְדָךְ</b> וְדֵין לָךְ אָתָא אֲרֵי אֲנָא שְׁלַחְתָּךְ בְּאַפָּקוּתָךְ יָת עַמָא מִמִצְרַיִם תִּפְלְחוּן <b>קֳדָם</b> יְיָ עַל טוּרָא הָדֵין:</small></div><div>(<small>יג</small>) וַיֹּ֨אמֶר מֹשֶׁ֜ה אֶל־הָֽאֱלֹהִ֗ים הִנֵּ֨ה אָנֹכִ֣י בָא֮ אֶל־בְּנֵ֣י יִשְׂרָאֵל֒ וְאָמַרְתִּ֣י לָהֶ֔ם אֱלֹהֵ֥י אֲבוֹתֵיכֶ֖ם שְׁלָחַ֣נִי אֲלֵיכֶ֑ם וְאָֽמְרוּ־לִ֣י מַה־שְּׁמ֔וֹ מָ֥ה אֹמַ֖ר אֲלֵהֶֽם׃</div><div><small>וַאֲמַר משֶׁה <b>קֳדָם</b> יְיָ הָא אֲנָא אָתֵי לְוָת בְּנֵי יִשְׂרָאֵל וְאֵימַר לְהוֹן אֱלָהָא דְאַבְהַתְכוֹן שַׁלְחַנִי לְוָתְכוֹן וְיֵימְרוּן לִי מָא שְׁמֵהּ מָא אֵימַר לְהוֹן:</small></div><div>(<small>יד</small>) וַיֹּ֤אמֶר אֱלֹהִים֙ אֶל־מֹשֶׁ֔ה אֶֽהְיֶ֖ה אֲשֶׁ֣ר אֶֽהְיֶ֑ה וַיֹּ֗אמֶר כֹּ֤ה תֹאמַר֙ לִבְנֵ֣י יִשְׂרָאֵ֔ל אֶֽהְיֶ֖ה שְׁלָחַ֥נִי אֲלֵיכֶֽם׃</div><div><small>וַאֲמַר יְיָ לְמשֶׁה אֶהְיֶה אֲשֶׁר אֶהְיֶה וַאֲמַר כִּדְנַן תֵּימַר לִבְנֵי יִשְׂרָאֵל אֶהְיֶה שַׁלְחַנִי לְוָתְכוֹן:</small></div><div>(<small>טו</small>) וַיֹּ֩אמֶר֩ ע֨וֹד אֱלֹהִ֜ים אֶל־מֹשֶׁ֗ה כֹּֽה־תֹאמַר֮ אֶל־בְּנֵ֣י יִשְׂרָאֵל֒ יְהֹוָ֞ה אֱלֹהֵ֣י אֲבֹתֵיכֶ֗ם אֱלֹהֵ֨י אַבְרָהָ֜ם אֱלֹהֵ֥י יִצְחָ֛ק וֵאלֹהֵ֥י יַעֲקֹ֖ב שְׁלָחַ֣נִי אֲלֵיכֶ֑ם זֶה־שְּׁמִ֣י לְעֹלָ֔ם וְזֶ֥ה זִכְרִ֖י לְדֹ֥ר דֹּֽר׃</div><div><small>וַאֲמַר עוֹד יְיָ לְמשֶׁה כִּדְנַן תֵּימַר לִבְנֵי יִשְׂרָאֵל יְיָ אֱלָהָא דְאַבְהַתְכוֹן אֱלָהֵהּ דְאַבְרָהָם אֱלָהֵהּ דְיִצְחָק וֵאלָהֵהּ דְיַעֲקֹב שַׁלְחַנִי לְוָתְכוֹן דֵין שְׁמִי לְעָלַם וְדֵין דָכְרָנִי לְכָל דָר וְדָר:</small></div>","<div>3 (6) Moreover, he said, I am the God of thy father, the God of Avraham, the God of Yiżĥaq, and the God of Ya῾aqov. And Moshe hid his face; for he was afraid to look upon God.</div><div>(7) And the Lord said, I have surely seen the affliction of my people who are in Miżrayim, and have heard their cry by reason of their taskmasters; for I know their sorrows;</div><div>(8) and I am come down to deliver them out of the hand of Miżrayim, and to bring them up out of that land to a good land and a large, to a land flowing with milk and honey; to the place of the Kena῾ani, and the Ḥitti, and the Emori, and the Perizzi, and the Ḥivvi, and the Yevusi.</div><div>(9) Now therefore, behold, the cry of the children of Yisra᾽el is come to me: and I have also seen the oppression with which Miżrayim oppresses them.</div><div>(10) Come now therefore, and I will send thee to Par῾o, that thou mayst bring my people the children of Yisra᾽el out of Miżrayim.</div><div>(11) And Moshe said to God, Who am I, that I should go to Par῾o, and that I should bring the children of Yisra᾽el out of Miżrayim?</div><div>(12) And he said, Certainly I will be with thee; and this shall be a token to thee, that I have sent thee. When thou hast brought the people out of Miżrayim, you shall serve God upon this mountain.</div><div>(13) And Moshe said to God, Behold, when I come to the children of Yisra᾽el, and shall say to them, The God of your fathers has sent me to you; and they shall say to me, What is his name? what shall I say to them?</div><div>(14) And God said to Moshe, Eheye Asher Eheye (I will ever be what I now am): and he said, Thus shalt thou say to the children of Yisra᾽el, Eheye (I Am) has sent me to you.</div><div>(15) And God said moreover to Moshe, Thus shalt thou say to the children of Yisra᾽el, The Lord God of your fathers, the God of Avraham the God of Yiżĥaq, and the God of Ya῾aqov, has sent me to you: this is my name for ever, and this is my memorial to all generations.</div>",""
"Shemos","חק לישראל - פרשת שמות יום שישי","4","Exodus 3:16-4:17","<div>ג (<small>טז</small>) לֵ֣ךְ וְאָֽסַפְתָּ֞ אֶת־זִקְנֵ֣י יִשְׂרָאֵ֗ל וְאָמַרְתָּ֤ אֲלֵהֶם֙ יְהֹוָ֞ה אֱלֹהֵ֤י אֲבֹֽתֵיכֶם֙ נִרְאָ֣ה אֵלַ֔י אֱלֹהֵ֧י אַבְרָהָ֛ם יִצְחָ֥ק וְיַעֲקֹ֖ב לֵאמֹ֑ר פָּקֹ֤ד פָּקַ֙דְתִּי֙ אֶתְכֶ֔ם וְאֶת־הֶעָשׂ֥וּי לָכֶ֖ם בְּמִצְרָֽיִם׃</div><div><small>אִזֵיל וְתִכְנוֹשׁ יָת סָבֵי יִשְׂרָאֵל וְתֵימַר לְהוֹן יְיָ אֱלָהָא דְאַבְהַתְכוֹן <b>אִתְגְלֵי</b> לִי אֱלָהֵהּ דְאַבְרָהָם יִצְחָק וְיַעֲקֹב לְמֵימָר מִדְכַּר דְכִירְנָא יַתְכוֹן וְיָת דְאִתְעֲבַד לְכוֹן בְּמִצְרַיִם:</small></div><div>(<small>יז</small>) וָאֹמַ֗ר אַעֲלֶ֣ה אֶתְכֶם֮ מֵעֳנִ֣י מִצְרַ֒יִם֒ אֶל־אֶ֤רֶץ הַֽכְּנַעֲנִי֙ וְהַ֣חִתִּ֔י וְהָֽאֱמֹרִי֙ וְהַפְּרִזִּ֔י וְהַחִוִּ֖י וְהַיְבוּסִ֑י אֶל־אֶ֛רֶץ זָבַ֥ת חָלָ֖ב וּדְבָֽשׁ׃</div><div><small>וַאֲמָרִית אַסֵיק יָתְכוֹן מִשִׁעְבּוּד מִצְרָאֵי לַאֲרַע כְּנַעֲנָאֵי וְחִתָּאֵי וֶאֱמוֹרָאֵי וּפְרִזָאֵי וְחִוָאֵי וִיבוּסָאֵי לְאַרְעָא <b>עַבְדָא</b> חֲלָב וּדְבָשׁ:</small></div><div>(<small>יח</small>) וְשָׁמְע֖וּ לְקֹלֶ֑ךָ וּבָאתָ֡ אַתָּה֩ וְזִקְנֵ֨י יִשְׂרָאֵ֜ל אֶל־מֶ֣לֶךְ מִצְרַ֗יִם וַאֲמַרְתֶּ֤ם אֵלָיו֙ יְהֹוָ֞ה אֱלֹהֵ֤י הָֽעִבְרִיִּים֙ נִקְרָ֣ה עָלֵ֔ינוּ וְעַתָּ֗ה נֵֽלְכָה־נָּ֞א דֶּ֣רֶךְ שְׁלֹ֤שֶׁת יָמִים֙ בַּמִּדְבָּ֔ר וְנִזְבְּחָ֖ה לַֽיהֹוָ֥ה אֱלֹהֵֽינוּ׃</div><div><small><b>וִיקַבְּלוּן לְמֵימְרָךְ</b> וְתֵיתֵי אַתְּ וְסָבֵי יִשְׂרָאֵל לְוָת מַלְכָּא דְמִצְרַיִם וְתֵימְרוּן לֵהּ יְיָ אֱלָהָא דִיהוּדָאֵי אִתְקְרֵי עֲלָנָא <b>וּכְעַן</b> נֵזֵיל כְּעַן מַהֲלַךְ תְּלָתָא יוֹמִין בְּמַדְבְּרָא וּנְדַבַּח <b>קֳדָם</b> יְיָ אֱלָהָנָא:</small></div><div>(<small>יט</small>) וַאֲנִ֣י יָדַ֔עְתִּי כִּ֠י לֹֽא־יִתֵּ֥ן אֶתְכֶ֛ם מֶ֥לֶךְ מִצְרַ֖יִם לַהֲלֹ֑ךְ וְלֹ֖א בְּיָ֥ד חֲזָקָֽה׃</div><div><small><b>וּקְדָמַי גְלֵי</b> אֲרֵי לָא יִשְׁבּוֹק יָתְכוֹן מַלְכָּא דְמִצְרַיִם לְמֵיזָל וְלָא מִן קֳדָם <b>דְחֵילֵהּ</b> תַּקִיף:</small></div><div>(<small>כ</small>) וְשָׁלַחְתִּ֤י אֶת־יָדִי֙ וְהִכֵּיתִ֣י אֶת־מִצְרַ֔יִם בְּכֹל֙ נִפְלְאֹתַ֔י אֲשֶׁ֥ר אֶֽעֱשֶׂ֖ה בְּקִרְבּ֑וֹ וְאַחֲרֵי־כֵ֖ן יְשַׁלַּ֥ח אֶתְכֶֽם׃</div><div><small>וָאֲשַׁלַח פּוֹן <b>יָת מְחַת גְבֻרְתִּי</b> וְאֶמְחֵי יָת מִצְרָאֵי בְּכֹל פְּרִשְׁוָתִי דִי אַעְבֵּד בֵּינֵיהוֹן וּבָתַר כֵּן יְשַׁלַח יָתְכוֹן:</small></div><div>(<small>כא</small>) וְנָתַתִּ֛י אֶת־חֵ֥ן הָֽעָם־הַזֶּ֖ה בְּעֵינֵ֣י מִצְרָ֑יִם וְהָיָה֙ כִּ֣י תֵֽלֵכ֔וּן לֹ֥א תֵלְכ֖וּ רֵיקָֽם׃</div><div><small>וְאֶתֵּן יָת עַמָא הָדֵין לְרַחֲמִין בְּעֵינֵי מִצְרָאֵי וִיהֵי אֲרֵי תְהָכוּן לָא תְהָכוּן רֵיקָנִין:</small></div><div>(<small>כב</small>) וְשָׁאֲלָ֨ה אִשָּׁ֤ה מִשְּׁכֶנְתָּהּ֙ וּמִגָּרַ֣ת בֵּיתָ֔הּ כְּלֵי־כֶ֛סֶף וּכְלֵ֥י זָהָ֖ב וּשְׂמָלֹ֑ת וְשַׂמְתֶּ֗ם עַל־בְּנֵיכֶם֙ וְעַל־בְּנֹ֣תֵיכֶ֔ם וְנִצַּלְתֶּ֖ם אֶת־מִצְרָֽיִם׃</div><div><small>וְתִשְׁאַל אִתְּתָא מִשְׁבַבְתַּהּ וּמִקְרִיבַת בֵּיתַהּ מָנִין דִכְסַף וּמָנִין דִדְהַב וּלְבוּשִׁין וּתְשַׁווּן עַל בְּנֵיכוֹן וְעַל בְּנָתֵיכוֹן וּתְרוֹקִנוּן יָת מִצְרָיִם:</small></div><div>ד (<small>א</small>) וַיַּ֤עַן מֹשֶׁה֙ וַיֹּ֔אמֶר וְהֵן֙ לֹֽא־יַאֲמִ֣ינוּ לִ֔י וְלֹ֥א יִשְׁמְע֖וּ בְּקֹלִ֑י כִּ֣י יֹֽאמְר֔וּ לֹֽא־נִרְאָ֥ה אֵלֶ֖יךָ יְהֹוָֽה׃</div><div><small>וַאֲתֵיב משֶׁה וַאֲמַר וְהָא לָא יְהֵמְנוּן לִי וְלָא <b>יְקַבְּלוּן מִנִי</b> אֲרֵי יֵימְרוּן לָא <b>אִתְגְלֵי</b> לָךְ יְיָ:</small></div><div>(<small>ב</small>) וַיֹּ֧אמֶר אֵלָ֛יו יְהֹוָ֖ה <span class=""mam-kq""><span class=""mam-kq-k"">(מזה)</span> <span class=""mam-kq-q"">[מַה־זֶּ֣ה]</span></span> בְיָדֶ֑ךָ וַיֹּ֖אמֶר מַטֶּֽה׃</div><div><small>וַאֲמַר לֵהּ יְיָ מָא דֵין בִּידָךְ וַאֲמַר חוּטְרָא:</small></div><div>(<small>ג</small>) וַיֹּ֙אמֶר֙ הַשְׁלִיכֵ֣הוּ אַ֔רְצָה וַיַּשְׁלִכֵ֥הוּ אַ֖רְצָה וַיְהִ֣י לְנָחָ֑שׁ וַיָּ֥נׇס מֹשֶׁ֖ה מִפָּנָֽיו׃</div><div><small>וַאֲמַר רְמִיהִי לְאַרְעָא וּרְמָהִי לְאַרְעָא וַהֲוָה לְחִוֵי וַעֲרַק משֶׁה מִן קֳדָמוֹהִי:</small></div><div>(<small>ד</small>) וַיֹּ֤אמֶר יְהֹוָה֙ אֶל־מֹשֶׁ֔ה שְׁלַח֙ יָֽדְךָ֔ וֶאֱחֹ֖ז בִּזְנָב֑וֹ וַיִּשְׁלַ֤ח יָדוֹ֙ וַיַּ֣חֲזֶק בּ֔וֹ וַיְהִ֥י לְמַטֶּ֖ה בְּכַפּֽוֹ׃</div><div><small>וַאֲמַר יְיָ לְמשֶׁה אוֹשִׁט יְדָךְ וְאֵחוֹד בְּזַנְבֵהּ וְאוֹשֵׁיט יְדֵהּ וְאַתְקֵף בֵּהּ וַהֲוָה לְחוּטְרָא בִּידֵהּ:</small></div><div>(<small>ה</small>) לְמַ֣עַן יַאֲמִ֔ינוּ כִּֽי־נִרְאָ֥ה אֵלֶ֛יךָ יְהֹוָ֖ה אֱלֹהֵ֣י אֲבֹתָ֑ם אֱלֹהֵ֧י אַבְרָהָ֛ם אֱלֹהֵ֥י יִצְחָ֖ק וֵאלֹהֵ֥י יַעֲקֹֽב׃</div><div><small>בְּדִיל דִיהֵמְנוּן אֲרֵי <b>אִתְגְלִי</b> לָךְ יְיָ אֱלָהָא דְאַבְהַתְהוֹן אֱלָהֵהּ דְאַבְרָהָם אֱלָהֵהּ דְיִצְחָק וֵאֵלָהֵהּ דְיַעֲקֹב:</small></div><div>(<small>ו</small>) וַיֹּ֩אמֶר֩ יְהֹוָ֨ה ל֜וֹ ע֗וֹד הָֽבֵא־נָ֤א יָֽדְךָ֙ בְּחֵיקֶ֔ךָ וַיָּבֵ֥א יָד֖וֹ בְּחֵיק֑וֹ וַיּ֣וֹצִאָ֔הּ וְהִנֵּ֥ה יָד֖וֹ מְצֹרַ֥עַת כַּשָּֽׁלֶג׃</div><div><small>וַאֲמַר יְיָ לֵהּ עוֹד אָעֵיל כְּעַן יְדָךְ בְּעִטְפָךְ וְאָעֵיל יְדֵהּ בְּעִטְפֵהּ וְאַפְקַהּ וְהָא יְדֵהּ <b>חַוְרָא כְתַלְגָא</b>:</small></div><div>(<small>ז</small>) וַיֹּ֗אמֶר הָשֵׁ֤ב יָֽדְךָ֙ אֶל־חֵיקֶ֔ךָ וַיָּ֥שֶׁב יָד֖וֹ אֶל־חֵיק֑וֹ וַיּֽוֹצִאָהּ֙ מֵֽחֵיק֔וֹ וְהִנֵּה־שָׁ֖בָה כִּבְשָׂרֽוֹ׃</div><div><small>וַאֲמַר אָתֵיב יְדָךְ לְעִטְפָךְ וַאֲתֵיב יְדֵהּ לְעִטְפֵהּ וְאַפְקַהּ מֵעִטְפֵהּ וְהָא תָבַת הֲוַת כְּבִשְׂרֵהּ:</small></div><div>(<small>ח</small>) וְהָיָה֙ אִם־לֹ֣א יַאֲמִ֣ינוּ לָ֔ךְ וְלֹ֣א יִשְׁמְע֔וּ לְקֹ֖ל הָאֹ֣ת הָרִאשׁ֑וֹן וְהֶֽאֱמִ֔ינוּ לְקֹ֖ל הָאֹ֥ת הָאַחֲרֽוֹן׃</div><div><small>וִיהֵי אִם לָא יְהֵמְנוּן לָךְ וְלָא <b>יְקַבְּלוּן</b> לְקַל אָתָא קַדְמָאָה וִיהֵמְנוּן לְקַל אָתָא בַתְרָאָה:</small></div><div>(<small>ט</small>) וְהָיָ֡ה אִם־לֹ֣א יַאֲמִ֡ינוּ גַּם֩ לִשְׁנֵ֨י הָאֹת֜וֹת הָאֵ֗לֶּה וְלֹ֤א יִשְׁמְעוּן֙ לְקֹלֶ֔ךָ וְלָקַחְתָּ֙ מִמֵּימֵ֣י הַיְאֹ֔ר וְשָׁפַכְתָּ֖ הַיַּבָּשָׁ֑ה וְהָי֤וּ הַמַּ֙יִם֙ אֲשֶׁ֣ר תִּקַּ֣ח מִן־הַיְאֹ֔ר וְהָי֥וּ לְדָ֖ם בַּיַּבָּֽשֶׁת׃</div><div><small>וִיהֵי אִם לָא יְהֵמְנוּן אַף לִתְרֵין אָתַיָא הָאִלֵּין וְלָא <b>יְקַבְּלוּן מִנָךְ</b> וְתִסַב מִמַיָא דִבְנַהֲרָא וְתֵשׁוֹד לְיַבֶּשְׁתָּא וִיהוֹן מַיָא דִי תִסַב מִן נַהֲרָא וִיהוֹן לִדְמָא בְּיַבֶּשְׁתָּא:</small></div><div>(<small>י</small>) וַיֹּ֨אמֶר מֹשֶׁ֣ה אֶל־יְהֹוָה֮ בִּ֣י אֲדֹנָי֒ לֹא֩ אִ֨ישׁ דְּבָרִ֜ים אָנֹ֗כִי גַּ֤ם מִתְּמוֹל֙ גַּ֣ם מִשִּׁלְשֹׁ֔ם גַּ֛ם מֵאָ֥ז דַּבֶּרְךָ֖ אֶל־עַבְדֶּ֑ךָ כִּ֧י כְבַד־פֶּ֛ה וּכְבַ֥ד לָשׁ֖וֹן אָנֹֽכִי׃</div><div><small>וַאֲמַר משֶׁה <b>קֳדָם</b> יְיָ בְּבָעוּ יְיָ לָא גְבַר דְמִלוּל אֲנָא אַף מִתְּמַלִי אַף מִדְקָמוֹהִי אַף מֵעִדַן דְמַלֶלְתָּא עִם עַבְדָךְ אֲרֵי <b>יַקִיר מַמְלָל</b> וְעַמִיק לִישָׁן אֲנָא:</small></div><div>(<small>יא</small>) וַיֹּ֨אמֶר יְהֹוָ֜ה אֵלָ֗יו מִ֣י שָׂ֣ם פֶּה֮ לָֽאָדָם֒ א֚וֹ מִֽי־יָשׂ֣וּם אִלֵּ֔ם א֣וֹ חֵרֵ֔שׁ א֥וֹ פִקֵּ֖חַ א֣וֹ עִוֵּ֑ר הֲלֹ֥א אָנֹכִ֖י יְהֹוָֽה׃</div><div><small>וַאֲמַר יְיָ לֵהּ מָן שַׁוִי פּוּמָא לַאֲנָשָׁא אוֹ מָן שַׁוִי אִלְמָא אוֹ חֵרְשָׁא אוֹ פִקְחָא אוֹ עַוִירָא הֲלָא אֲנָא יְיָ:</small></div><div>(<small>יב</small>) וְעַתָּ֖ה לֵ֑ךְ וְאָנֹכִי֙ אֶֽהְיֶ֣ה עִם־פִּ֔יךָ וְהוֹרֵיתִ֖יךָ אֲשֶׁ֥ר תְּדַבֵּֽר׃</div><div><small>וּכְעַן אֱזֵיל <b>וּמֵימְרִי</b> יְהֵא עִם פּוּמָךְ וְאַלֵפִנָךְ דִי תְמַלֵל:</small></div><div>(<small>יג</small>) וַיֹּ֖אמֶר בִּ֣י אֲדֹנָ֑י שְֽׁלַֽח־נָ֖א בְּיַד־תִּשְׁלָֽח׃</div><div><small>וַאֲמַר בְּבָעוּ יְיָ שְׁלַח כְּעַן בְּיַד <b>מָן דְכָשַׁר דְתִשְׁלַח</b>:</small></div><div>(<small>יד</small>) וַיִּֽחַר־אַ֨ף יְהֹוָ֜ה בְּמֹשֶׁ֗ה וַיֹּ֙אמֶר֙ הֲלֹ֨א אַהֲרֹ֤ן אָחִ֙יךָ֙ הַלֵּוִ֔י יָדַ֕עְתִּי כִּֽי־דַבֵּ֥ר יְדַבֵּ֖ר ה֑וּא וְגַ֤ם הִנֵּה־הוּא֙ יֹצֵ֣א לִקְרָאתֶ֔ךָ וְרָאֲךָ֖ וְשָׂמַ֥ח בְּלִבּֽוֹ׃</div><div><small>וּתְקֵיף רוּגְזָא דַיְיָ בְּמשֶׁה וַאֲמַר הֲלָא אַהֲרֹן אָחוּךְ לֵוָאֵי <b>גְלֵי קֳדָמַי</b> אֲרֵי מַלָלָא יְמַלֵל הוּא וְאַף הָא הוּא נָפֵק לְקַדָמוּתָךְ וְיֶחֱזִנָךְ וְיֶחְדֵי בְלִבֵּהּ:</small></div><div>(<small>טו</small>) וְדִבַּרְתָּ֣ אֵלָ֔יו וְשַׂמְתָּ֥ אֶת־הַדְּבָרִ֖ים בְּפִ֑יו וְאָנֹכִ֗י אֶֽהְיֶ֤ה עִם־פִּ֙יךָ֙ וְעִם־פִּ֔יהוּ וְהוֹרֵיתִ֣י אֶתְכֶ֔ם אֵ֖ת אֲשֶׁ֥ר תַּעֲשֽׂוּן׃</div><div><small>וּתְמַלֵל עִמֵהּ וּתְשַׁוִי יָת פִּתְגָמַיָא בְּפוּמֵהּ <b>וּמֵימְרִי</b> יְהֵי עִם פּוּמָךְ וְעִם פּוּמֵהּ וְאַלֵיף יָתְכוֹן יָת דִי תַעְבְּדוּן:</small></div><div>(<small>טז</small>) וְדִבֶּר־ה֥וּא לְךָ֖ אֶל־הָעָ֑ם וְהָ֤יָה הוּא֙ יִֽהְיֶה־לְּךָ֣ לְפֶ֔ה וְאַתָּ֖ה תִּֽהְיֶה־לּ֥וֹ לֵֽאלֹהִֽים׃</div><div><small>וִימַלֵל הוּא לָךְ לְעַמָא וִיהֵי הוּא יְהֵי לָךְ לִמְתֻרְגְמָן וְאַתְּ תְּהֵי לֵהּ לְרָב:</small></div><div>(<small>יז</small>) וְאֶת־הַמַּטֶּ֥ה הַזֶּ֖ה תִּקַּ֣ח בְּיָדֶ֑ךָ אֲשֶׁ֥ר תַּעֲשֶׂה־בּ֖וֹ אֶת־הָאֹתֹֽת׃ <span class=""mam-spi-pe"">{פ}</span> </div><div><small>וְיָת חֻטְרָא הָדֵין תִּסַב בִּידָךְ דְתַעְבֵּד בֵּהּ יָת אָתַיָא:</small></div>","<div>3 (16) Go, and gather the elders of Yisra᾽el together, and say to them, The Lord God of your fathers, the God of Avraham, of Yiżĥaq, and of Ya῾aqov, has appeared to me, saying, I have surely visited you, and seen that which is done to you in Miżrayim:</div><div>(17) and I have said, I will bring you up out of the affliction of Miżrayim to the land of the Kena῾ani, and the Ḥitti, and the Emori, and the Perizzi, and the Ḥivvi, and the Yevusi, to a land flowing with milk and honey.</div><div>(18) And they shall hearken to thy voice: and thou shalt come, thou and the elders of Yisra᾽el, to the king of Miżrayim, and you shall say to him, The Lord God of the Hebrews has met with us: and now let us go, we pray thee, three days’ journey into the wilderness, that we may sacrifice to the Lord our God.</div><div>(19) And I know that the king of Miżrayim will not let you go, if not by a mighty hand.</div><div>(20) And I will stretch out my hand, and smite Miżrayim with all my wonders which I will do in their midst: and after that he will let you go.</div><div>(21) And I will give this people favour in the sight of Miżrayim: and it shall come to pass, that, when you go, you shall not go empty:</div><div>(22) but every woman shall ask of her neighbour, and of her that sojourns in her house, jewels of silver, and jewels of gold, and garments: and you shall put them on your sons, and on your daughters; and you shall despoil Miżrayim.</div><div>4 (1) And Moshe answered and said, But, behold they will not believe me, nor hearken to my voice: for they will say, The Lord has not appeared to thee.</div><div>(2) And the Lord said to him, What is that in thy hand?</div><div>(3) And he said, A rod. And he said, Cast it on the ground. And he cast it on the ground, and it turned into a snake; and Moshe fled from it.</div><div>(4) And the Lord said to Moshe, Put out thy hand, and take it by its tail. And he put out his hand, and caught it, and it became a rod in his hand:</div><div>(5) that they may believe that the Lord God of their fathers, the God of Avraham, the God of Yiżĥaq, and the God of Ya῾aqov, has appeared to thee.</div><div>(6) And the Lord said furthermore to him, Put now thy hand into thy bosom. And he put his hand into his bosom: and when he took it out, behold, his hand was diseased, as white as snow.</div><div>(7) And he said, Put thy hand into thy bosom again. And he put his hand into his bosom again; and when he took it out of his bosom, behold, it was turned again as his other flesh.</div><div>(8) And it shall come to pass, if they will not believe thee, nor hearken to the voice of the first sign, that they will believe the voice of the latter sign.</div><div>(9) And it shall come to pass, if they will not believe even these two signs, nor hearken to thy voice, that thou shalt take of the water of the River, and pour it upon the dry land: and the water which thou dost take out of the River shall become blood on the dry land.</div><div>(10) And Moshe said to the Lord, O my Lord, I am not an eloquent man, neither yesterday nor the day before, nor since thou hast spoken to thy servant: but I am slow of speech, and of a slow tongue.</div><div>(11) And the Lord said to him, Who has made man’s mouth? or who makes a man dumb, or deaf, or seeing, or blind? is it not I the Lord?</div><div>(12) Now therefore go, and I will be with thy mouth, and teach thee what thou shalt say.</div><div>(13) And he said, O my Lord, send, I pray thee, by the hand of him whom thou wilt send.</div><div>(14) And the anger of the Lord burned against Moshe, and he said, Is not Aharon the Levite thy brother? I know that he can speak well. And also, behold, he comes to meet thee: and when he sees thee, he will be glad in his heart.</div><div>(15) And thou shalt speak to him, and put the words in his mouth: and I will be with thy mouth, and with his mouth, and will teach you what you shall do.</div><div>(16) And he shall be thy spokesman to the people: and he shall be to thee instead of a mouth, and thou shalt be to him instead of God.</div><div>(17) And thou shalt take this rod in thy hand, with which thou shalt do the signs.</div>",""
"Shemos","חק לישראל - פרשת שמות יום שישי","5","Exodus 4:18-31","<div>ד (<small>יח</small>) וַיֵּ֨לֶךְ מֹשֶׁ֜ה וַיָּ֣שׇׁב <b>׀</b> אֶל־יֶ֣תֶר חֹֽתְנ֗וֹ וַיֹּ֤אמֶר לוֹ֙ אֵ֣לְכָה נָּ֗א וְאָשׁ֙וּבָה֙ אֶל־אַחַ֣י אֲשֶׁר־בְּמִצְרַ֔יִם וְאֶרְאֶ֖ה הַעוֹדָ֣ם חַיִּ֑ים וַיֹּ֧אמֶר יִתְר֛וֹ לְמֹשֶׁ֖ה לֵ֥ךְ לְשָׁלֽוֹם׃</div><div><small>וַאֲזַל משֶׁה וְתָב לְוָת יֶתֶר חֲמוֹהִי וַאֲמַר לֵהּ אֵיזִיל <b>כְּעַן</b> וְאֵיתוּב לְוָת אַחַי דִי בְמִצְרַיִם וְאֶחֱזֵי הַעַד כְּעַן קַיָמִין וַאֲמַר יִתְרוֹ לְמשֶׁה אֱזֵיל לִשְׁלָם:</small></div><div>(<small>יט</small>) וַיֹּ֨אמֶר יְהֹוָ֤ה אֶל־מֹשֶׁה֙ בְּמִדְיָ֔ן לֵ֖ךְ שֻׁ֣ב מִצְרָ֑יִם כִּי־מֵ֙תוּ֙ כׇּל־הָ֣אֲנָשִׁ֔ים הַֽמְבַקְשִׁ֖ים אֶת־נַפְשֶֽׁךָ׃</div><div><small>וַאֲמַר יְיָ לְמשֶׁה בְּמִדְיָן אֱזֵיל תּוּב לְמִצְרָיִם אֲרֵי מִיתוּ כָּל גֻבְרַיָא דִבְעוֹ <b>לְמִקְטְלָךְ</b>:</small></div><div>(<small>כ</small>) וַיִּקַּ֨ח מֹשֶׁ֜ה אֶת־אִשְׁתּ֣וֹ וְאֶת־בָּנָ֗יו וַיַּרְכִּבֵם֙ עַֽל־הַחֲמֹ֔ר וַיָּ֖שׇׁב אַ֣רְצָה מִצְרָ֑יִם וַיִּקַּ֥ח מֹשֶׁ֛ה אֶת־מַטֵּ֥ה הָאֱלֹהִ֖ים בְּיָדֽוֹ׃</div><div><small>וּדְבַר משֶׁה יָת אִתְּתֵהּ וְיָת בְּנוֹהִי וְאַרְכְּבִנוּן עַל חֲמָרָא וְתָב לְאַרְעָא דְמִצְרָיִם וּנְסִיב משֶׁה יָת חוּטְרָא <b>דְאִתְעֲבִידוּ בֵּהּ נִסִין מִן קֳדָם</b> יְיָ בִּידֵהּ:</small></div><div>(<small>כא</small>) וַיֹּ֣אמֶר יְהֹוָה֮ אֶל־מֹשֶׁה֒ בְּלֶכְתְּךָ֙ לָשׁ֣וּב מִצְרַ֔יְמָה רְאֵ֗ה כׇּל־הַמֹּֽפְתִים֙ אֲשֶׁר־שַׂ֣מְתִּי בְיָדֶ֔ךָ וַעֲשִׂיתָ֖ם לִפְנֵ֣י פַרְעֹ֑ה וַאֲנִי֙ אֲחַזֵּ֣ק אֶת־לִבּ֔וֹ וְלֹ֥א יְשַׁלַּ֖ח אֶת־הָעָֽם׃</div><div><small>וַאֲמַר יְיָ לְמשֶׁה בִּמְהָכָךְ לְמִתּוּב לְמִצְרַיִם חֲזֵי כָּל מוֹפְתַיָא דִי שַׁוֵיתִי בִידָךְ וְתַעְבְּדִנוּן קֳדָם פַּרְעֹה וַאֲנָא אַתְקֵיף יָת לִבֵּהּ וְלָא יְשַּׁלַח יָת עַמָא:</small></div><div>(<small>כב</small>) וְאָמַרְתָּ֖ אֶל־פַּרְעֹ֑ה כֹּ֚ה אָמַ֣ר יְהֹוָ֔ה בְּנִ֥י בְכֹרִ֖י יִשְׂרָאֵֽל׃</div><div><small>וְתֵימַר לְוָת פַּרְעֹה כִּדְנַן אֲמַר יְיָ בְּרִי בוּכְרִי יִשְׂרָאֵל:</small></div><div>(<small>כג</small>) וָאֹמַ֣ר אֵלֶ֗יךָ שַׁלַּ֤ח אֶת־בְּנִי֙ וְיַֽעַבְדֵ֔נִי וַתְּמָאֵ֖ן לְשַׁלְּח֑וֹ הִנֵּה֙ אָנֹכִ֣י הֹרֵ֔ג אֶת־בִּנְךָ֖ בְּכֹרֶֽךָ׃</div><div><small>וַאֲמָרִית לָךְ שַׁלַח יָת בְּרִי וְיִפְלַח <b>קֳדָמַי</b> וְאִם סָרִיב אַתְּ לְשַׁלָחוּתֵהּ הָא אֲנָא קָטִיל יָת בְּרָךְ בּוּכְרָךְ:</small></div><div>(<small>כד</small>) וַיְהִ֥י בַדֶּ֖רֶךְ בַּמָּל֑וֹן וַיִּפְגְּשֵׁ֣הוּ יְהֹוָ֔ה וַיְבַקֵּ֖שׁ הֲמִיתֽוֹ׃</div><div><small>וַהֲוָה בְאָרְחָא בְּבֵית מְבָתָא וַעֲרַע בֵּהּ <b>מַלְאֲכָא</b> דַיְיָ וּבְעָא לְמִקְטְלֵהּ:</small></div><div>(<small>כה</small>) וַתִּקַּ֨ח צִפֹּרָ֜ה צֹ֗ר וַתִּכְרֹת֙ אֶת־עׇרְלַ֣ת בְּנָ֔הּ וַתַּגַּ֖ע לְרַגְלָ֑יו וַתֹּ֕אמֶר כִּ֧י חֲתַן־דָּמִ֛ים אַתָּ֖ה לִֽי׃</div><div><small>וּנְסֵיבַת צִפּוֹרָה טִנָרָא וּגְזָרַת יָת עָרְלַת בְּרַהּ <b>וּקְרִיבַת לָקֳדָמוֹהִי</b> וַאֲמֶרֶת אֲרֵי <b>בִדְמָא דִמְהֻלְתָּא הָדֵין אִתְיְהֵב חַתְנָא לָנָא</b>:</small></div><div>(<small>כו</small>) וַיִּ֖רֶף מִמֶּ֑נּוּ אָ֚ז אָֽמְרָ֔ה חֲתַ֥ן דָּמִ֖ים לַמּוּלֹֽת׃ <span class=""mam-spi-pe"">{פ}</span> </div><div><small>וְנָח מִנֵהּ בְּכֵן אֲמֶרֶת <b>אִלוּלֵי דְמָא דִמְהֻלְתָּא הָדֵין אִתְחַיַב חַתְנָא קְטוֹל</b>:</small></div><div>(<small>כז</small>) וַיֹּ֤אמֶר יְהֹוָה֙ אֶֽל־אַהֲרֹ֔ן לֵ֛ךְ לִקְרַ֥את מֹשֶׁ֖ה הַמִּדְבָּ֑רָה וַיֵּ֗לֶךְ וַֽיִּפְגְּשֵׁ֛הוּ בְּהַ֥ר הָאֱלֹהִ֖ים וַיִּשַּׁק־לֽוֹ׃</div><div><small>וַאֲמַר יְיָ לְאַהֲרֹן אֱזֵיל לְקַדָמוּת משֶׁה לְמַדְבְּרָא וַאֲזַל וְעַרְעֵהּ בְּטוּרָא <b>דְאִתְגְלֵי עֲלוֹהִי יְקָרָא</b> דַיְיָ וּנְשַׁק לֵהּ:</small></div><div>(<small>כח</small>) וַיַּגֵּ֤ד מֹשֶׁה֙ לְאַֽהֲרֹ֔ן אֵ֛ת כׇּל־דִּבְרֵ֥י יְהֹוָ֖ה אֲשֶׁ֣ר שְׁלָח֑וֹ וְאֵ֥ת כׇּל־הָאֹתֹ֖ת אֲשֶׁ֥ר צִוָּֽהוּ׃</div><div><small>וְחַוִי משֶׁה לְאַהֲרֹן יָת כָּל פִּתְגָמַיָא דַיְיָ דִי שַׁלְחֵהּ וְיָת כָּל אָתַיָא דִי פַקְדֵהּ:</small></div><div>(<small>כט</small>) וַיֵּ֥לֶךְ מֹשֶׁ֖ה וְאַהֲרֹ֑ן וַיַּ֣אַסְפ֔וּ אֶת־כׇּל־זִקְנֵ֖י בְּנֵ֥י יִשְׂרָאֵֽל׃</div><div><small>וַאֲזַל משֶׁה וְאַהֲרֹן וּכְנָשׁוּ יָת כָּל סָבֵי בְּנֵי יִשְׂרָאֵל:</small></div><div>(<small>ל</small>) וַיְדַבֵּ֣ר אַהֲרֹ֔ן אֵ֚ת כׇּל־הַדְּבָרִ֔ים אֲשֶׁר־דִּבֶּ֥ר יְהֹוָ֖ה אֶל־מֹשֶׁ֑ה וַיַּ֥עַשׂ הָאֹתֹ֖ת לְעֵינֵ֥י הָעָֽם׃</div><div><small>וּמַלִיל אַהֲרֹן יָת כָּל פִּתְגָמַיָא דִי מַלִיל יְיָ עִם משֶׁה וַעֲבַד אָתַיָא לְעֵינֵי עַמָא:</small></div><div>(<small>לא</small>) וַֽיַּאֲמֵ֖ן הָעָ֑ם וַֽיִּשְׁמְע֡וּ כִּֽי־פָקַ֨ד יְהֹוָ֜ה אֶת־בְּנֵ֣י יִשְׂרָאֵ֗ל וְכִ֤י רָאָה֙ אֶת־עׇנְיָ֔ם וַֽיִּקְּד֖וּ וַיִּֽשְׁתַּחֲוֽוּ׃</div><div><small>וְהֵימִן עַמָא וּשְׁמָעוּ אֲרֵי דְכִיר יְיָ יָת בְּנֵי יִשְׂרָאֵל וַאֲרֵי <b>גְלֵי קֳדָמוֹהִי</b> יָת שִׁעְבּוּדְהוֹן וּכְרָעוּ וּסְגִידוּ:</small></div>","<div>4 (18) And Moshe went and returned to Yeter his father in law, and said to him, Let me go, I pray thee, and return to my brethren who are in Miżrayim, and see whether they are still alive. And Yitro said to Moshe, Go in peace.</div><div>(19) And the Lord said to Moshe in Midyan, Go return to Miżrayim: for all the men are dead who sought thy life.</div><div>(20) And Moshe took his wife and his sons, and set them upon an ass, and he returned to the land of Miżrayim: and Moshe took the rod of God in his hand.</div><div>(21) And the Lord said to Moshe, When thou goest to return to Miżrayim, see that thou do before Par῾o all those wonders which I have put in thy hand: but I will harden his heart, that he shall not let the people go.</div><div>(22) And thou shalt say to Par῾o, Thus says the Lord, Yisra᾽el is my son, my firstborn:</div><div>(23) and I say to thee, Let my son go, that he may serve me: and if thou refuse to let him go, behold, I will slay thy son, thy firstborn.</div><div>(24) And it came to pass on the way, in the place where they spent the night, that the Lord met him, and sought to kill him.</div><div>(25) Then Żippora took a sharp stone, and cut off the foreskin of her son, and cast it at his feet, and said, Surely a bloody bridegroom art thou to me.</div><div>(26) So he let him go: then she said, A bloody bridegroom thou art, because of the circumcision.</div><div>(27) And the Lord said to Aharon, Go to the wilderness to meet Moshe. And he went, and met him in the mount of God, and kissed him.</div><div>(28) And Moshe told Aharon all the words of the Lord who had sent him, and all the signs which he had commanded him.</div><div>(29) And Moshe and Aharon went and gathered together all the elders of the children of Yisra᾽el:</div><div>(30) and Aharon spoke all the words which the Lord had spoken to Moshe, and did the signs in the sight of the people.</div><div>(31) And the people believed: and when they heard that the Lord had visited the children of Yisra᾽el, and that he had looked upon their affliction, then they bowed their heads and worshipped.</div>",""
"Shemos","חק לישראל - פרשת שמות יום שישי","6","Exodus 5:1-6:1","<div>ה (<small>א</small>) וְאַחַ֗ר בָּ֚אוּ מֹשֶׁ֣ה וְאַהֲרֹ֔ן וַיֹּאמְר֖וּ אֶל־פַּרְעֹ֑ה כֹּֽה־אָמַ֤ר יְהֹוָה֙ אֱלֹהֵ֣י יִשְׂרָאֵ֔ל שַׁלַּח֙ אֶת־עַמִּ֔י וְיָחֹ֥גּוּ לִ֖י בַּמִּדְבָּֽר׃</div><div><small>וּבָתַר כֵּן עַלוּ משֶׁה וְאַהֲרֹן וַאֲמָרוּ לְפַרְעֹה כִּדְנַן אֲמַר יְיָ אֱלָהָא דְיִשְׂרָאֵל שַׁלַח יָת עַמִי וִיחַגוּן <b>קֳדָמַי</b> בְּמַדְבְּרָא:</small></div><div>(<small>ב</small>) וַיֹּ֣אמֶר פַּרְעֹ֔ה מִ֤י יְהֹוָה֙ אֲשֶׁ֣ר אֶשְׁמַ֣ע בְּקֹל֔וֹ לְשַׁלַּ֖ח אֶת־יִשְׂרָאֵ֑ל לֹ֤א יָדַ֙עְתִּי֙ אֶת־יְהֹוָ֔ה וְגַ֥ם אֶת־יִשְׂרָאֵ֖ל לֹ֥א אֲשַׁלֵּֽחַ׃</div><div><small>וַאֲמַר פַּרְעֹה <b>שְׁמָא</b> דַיְיָ <b>לָא אִתְגְלִי לִי</b> דִי אֲקַבֵּל <b>לְמֵמְרֵהּ</b> לְשַׁלָחָא יָת יִשְׂרָאֵל לָא אִתְגְלִי לִי <b>שְׁמָא</b> דַיְיָ וְאַף יָת יִשְׂרָאֵל לָא אֲשַׁלַח:</small></div><div>(<small>ג</small>) וַיֹּ֣אמְר֔וּ אֱלֹהֵ֥י הָעִבְרִ֖ים נִקְרָ֣א עָלֵ֑ינוּ נֵ֣לְכָה נָּ֡א דֶּ֩רֶךְ֩ שְׁלֹ֨שֶׁת יָמִ֜ים בַּמִּדְבָּ֗ר וְנִזְבְּחָה֙ לַֽיהֹוָ֣ה אֱלֹהֵ֔ינוּ פֶּ֨ן־יִפְגָּעֵ֔נוּ בַּדֶּ֖בֶר א֥וֹ בֶחָֽרֶב׃</div><div><small>וַאֲמָרוּ אֱלָהָא דִיהוּדָאֵי אִתְגְלִי עֲלָנָא נֵיזֵיל <b>כְּעַן</b> מַהֲלַךְ תְּלָתָא יוֹמִין בְּמַדְבְּרָא וּנְדַבַּח <b>קֳדָם</b> יְיָ אֱלָהָנָא דִלְמָא יְעַרְעִנָנָא בְּמוֹתָא אוֹ בִקְטוֹל:</small></div><div>(<small>ד</small>) וַיֹּ֤אמֶר אֲלֵהֶם֙ מֶ֣לֶךְ מִצְרַ֔יִם לָ֚מָּה מֹשֶׁ֣ה וְאַהֲרֹ֔ן תַּפְרִ֥יעוּ אֶת־הָעָ֖ם מִמַּֽעֲשָׂ֑יו לְכ֖וּ לְסִבְלֹתֵיכֶֽם׃</div><div><small>וַאֲמַר לְהוֹן מַלְכָּא דְמִצְרַיִם לְמָא משֶׁה וְאַהֲרֹן תְּבַטְלוּן יָת עַמָא מֵעוֹבָדֵהוֹן אֱזִילוּ לְפָלְחָנְכוֹן:</small></div><div>(<small>ה</small>) וַיֹּ֣אמֶר פַּרְעֹ֔ה הֵן־רַבִּ֥ים עַתָּ֖ה עַ֣ם הָאָ֑רֶץ וְהִשְׁבַּתֶּ֥ם אֹתָ֖ם מִסִּבְלֹתָֽם׃</div><div><small>וַאֲמַר פַּרְעֹה הָא סַגִיאִין כְּעַן עַמָא דְאַרְעָא וּתְבַטְלוּן יָתְהוֹן מִפָּלְחָנְהוֹן:</small></div><div>(<small>ו</small>) וַיְצַ֥ו פַּרְעֹ֖ה בַּיּ֣וֹם הַה֑וּא אֶת־הַנֹּגְשִׂ֣ים בָּעָ֔ם וְאֶת־שֹׁטְרָ֖יו לֵאמֹֽר׃</div><div><small>וּפַקִיד פַּרְעֹה בְּיוֹמָא הַהוּא יָת שִׁלְטוֹנִין דְעַמָא וְיָת סָרְכוֹהִי לְמֵימָר:</small></div><div>(<small>ז</small>) לֹ֣א תֹאסִפ֞וּן לָתֵ֨ת תֶּ֧בֶן לָעָ֛ם לִלְבֹּ֥ן הַלְּבֵנִ֖ים כִּתְמ֣וֹל שִׁלְשֹׁ֑ם הֵ֚ם יֵֽלְכ֔וּ וְקֹשְׁשׁ֥וּ לָהֶ֖ם תֶּֽבֶן׃</div><div><small>לָא תוֹסְפוּן לְמִיתַּן תִּבְנָא לְעַמָא לְמִרְמֵי לִבְנִין כְּמִתְּמַלֵי וּמִדְקָמוֹהִי אִנוּן יְהָכוּן וִיגַבְּבוּן לְהוֹן תִּבְנָא:</small></div><div>(<small>ח</small>) וְאֶת־מַתְכֹּ֨נֶת הַלְּבֵנִ֜ים אֲשֶׁ֣ר הֵם֩ עֹשִׂ֨ים תְּמ֤וֹל שִׁלְשֹׁם֙ תָּשִׂ֣ימוּ עֲלֵיהֶ֔ם לֹ֥א תִגְרְע֖וּ מִמֶּ֑נּוּ כִּֽי־נִרְפִּ֣ים הֵ֔ם עַל־כֵּ֗ן הֵ֤ם צֹֽעֲקִים֙ לֵאמֹ֔ר נֵלְכָ֖ה נִזְבְּחָ֥ה לֵאלֹהֵֽינוּ׃</div><div><small>וְיָת סְכוֹם לְבֵנַיָא דִי אִנוּן עָבְדִין מִתְּמַלֵי וּמִדְקָמוֹהִי תְּמַנוּן עֲלֵיהוֹן לָא תִמְנְעוּן מִנֵהּ אֲרֵי בַטְלָנִין אִנוּן עַל כֵּן אִנוּן צָוְחִין לְמֵימַר נֵיזֵיל נְדַבַּח <b>קֳדָם</b> אֱלָהָנָא</small></div><div>(<small>ט</small>) תִּכְבַּ֧ד הָעֲבֹדָ֛ה עַל־הָאֲנָשִׁ֖ים וְיַעֲשׂוּ־בָ֑הּ וְאַל־יִשְׁע֖וּ בְּדִבְרֵי־שָֽׁקֶר׃</div><div><small>תִּתָּקַף פָּלְחָנָא עַל גֻבְרַיָא וְיִתְעַסְקוּן בַּהּ וְלָא <b>יִתְעַסְקוּן</b> בְּפִתְגָמִין בְּטֵלִין:</small></div><div>(<small>י</small>) וַיֵּ֨צְא֜וּ נֹגְשֵׂ֤י הָעָם֙ וְשֹׁ֣טְרָ֔יו וַיֹּאמְר֥וּ אֶל־הָעָ֖ם לֵאמֹ֑ר כֹּ֚ה אָמַ֣ר פַּרְעֹ֔ה אֵינֶ֛נִּי נֹתֵ֥ן לָכֶ֖ם תֶּֽבֶן׃</div><div><small>וּנְפָקוּ שִׁלְטוֹנֵי עַמָא וְסָרְכוֹהִי וַאֲמָרוּ לְעַמָא לְמֵימָר כִּדְנַן אֲמַר פַּרְעֹה לֵית אֲנָא יָהֵב לְכוֹן תִּבְנָא:</small></div><div>(<small>יא</small>) אַתֶּ֗ם לְכ֨וּ קְח֤וּ לָכֶם֙ תֶּ֔בֶן מֵאֲשֶׁ֖ר תִּמְצָ֑אוּ כִּ֣י אֵ֥ין נִגְרָ֛ע מֵעֲבֹדַתְכֶ֖ם דָּבָֽר׃</div><div><small>אַתּוּן אֱזִילוּ סִיבוּ לְכוֹן תִּבְנָא מֵאֲתַר דְתַשְׁכְּחוּן אֲרֵי לָא יִתִּמְנַע מִפָּלְחָנְכוֹן מִדָעַם:</small></div><div>(<small>יב</small>) וַיָּ֥פֶץ הָעָ֖ם בְּכׇל־אֶ֣רֶץ מִצְרָ֑יִם לְקֹשֵׁ֥שׁ קַ֖שׁ לַתֶּֽבֶן׃</div><div><small>וְאִתְבַּדַר עַמָא בְּכָל אַרְעָא דְמִצְרָיִם לְגַבָּבָא גִילֵי לְתִבְנָא:</small></div><div>(<small>יג</small>) וְהַנֹּגְשִׂ֖ים אָצִ֣ים לֵאמֹ֑ר כַּלּ֤וּ מַעֲשֵׂיכֶם֙ דְּבַר־י֣וֹם בְּיוֹמ֔וֹ כַּאֲשֶׁ֖ר בִּהְי֥וֹת הַתֶּֽבֶן׃</div><div><small>וְשִׁלְטוֹנַיָא דָחֲקִין לְמֵימָר אַשְׁלִימוּ עוֹבָדֵיכוֹן פִּתְגַם יוֹם בְּיוֹמֵהּ כְּמָא דַהֲוֵיתוּן עָבְדִין כַּד <b>אִתְיְהֵב</b> לְכוֹן תִּבְנָא:</small></div><div>(<small>יד</small>) וַיֻּכּ֗וּ שֹֽׁטְרֵי֙ בְּנֵ֣י יִשְׂרָאֵ֔ל אֲשֶׁר־שָׂ֣מוּ עֲלֵהֶ֔ם נֹגְשֵׂ֥י פַרְעֹ֖ה לֵאמֹ֑ר מַדּ֡וּעַ לֹא֩ כִלִּיתֶ֨ם חׇקְכֶ֤ם לִלְבֹּן֙ כִּתְמ֣וֹל שִׁלְשֹׁ֔ם גַּם־תְּמ֖וֹל גַּם־הַיּֽוֹם׃</div><div><small>וּלְקוֹ סָרְכֵי בְּנֵי יִשְׂרָאֵל דִי מַנִיאוּ עֲלֵיהוֹן שִׁלְטוֹנֵי פַרְעֹה לְמֵימָר מָא דֵין לָא אַשְׁלֶמְתּוּן גְזֵרָתְכוֹן לְמִרְמֵי (לִבְנִין) כְּמֵאִתְמַלֵי וּמִדְקָמוֹהִי אַף תְּמַלֵי אַף יוֹמָא דֵין:</small></div><div>(<small>טו</small>) וַיָּבֹ֗אוּ שֹֽׁטְרֵי֙ בְּנֵ֣י יִשְׂרָאֵ֔ל וַיִּצְעֲק֥וּ אֶל־פַּרְעֹ֖ה לֵאמֹ֑ר לָ֧מָּה תַעֲשֶׂ֦ה כֹ֖ה לַעֲבָדֶֽיךָ׃</div><div><small>וַאֲתוֹ סָרְכֵי בְּנֵי יִשְׂרָאֵל וּצְוָחוּ (קֳדָם) לְפַרְעֹה לְמֵימָר לְמָא תַעְבֵּד כְּדֵין לְעַבְדָיךְ:</small></div><div>(<small>טז</small>) תֶּ֗בֶן אֵ֤ין נִתָּן֙ לַעֲבָדֶ֔יךָ וּלְבֵנִ֛ים אֹמְרִ֥ים לָ֖נוּ עֲשׂ֑וּ וְהִנֵּ֧ה עֲבָדֶ֛יךָ מֻכִּ֖ים וְחָטָ֥את עַמֶּֽךָ׃</div><div><small>תִּבְנָא לָא מִתְיְהֵב לְעַבְדָיךְ וּלְבֵנַיָא אָמְרִין לָנָא עִבִידוּ וְהָא עַבְדָיךְ לָקָן <b>וְחָטָן עֲלֵיהוֹן</b> עַמָךְ:</small></div><div>(<small>יז</small>) וַיֹּ֛אמֶר נִרְפִּ֥ים אַתֶּ֖ם נִרְפִּ֑ים עַל־כֵּן֙ אַתֶּ֣ם אֹֽמְרִ֔ים נֵלְכָ֖ה נִזְבְּחָ֥ה לַֽיהֹוָֽה׃</div><div><small>וַאֲמַר בַּטְלָנִין אַתּוּן בַּטְלָנִין עַל כֵּן אַתּוּן אָמְרִין נֵזֵיל נְדַבַּח <b>קֳדָם</b> יְיָ:</small></div><div>(<small>יח</small>) וְעַתָּה֙ לְכ֣וּ עִבְד֔וּ וְתֶ֖בֶן לֹא־יִנָּתֵ֣ן לָכֶ֑ם וְתֹ֥כֶן לְבֵנִ֖ים תִּתֵּֽנוּ׃</div><div><small>וּכְעַן אֱזִילוּ פְלָחוּ וְתִבְנָא לָא יִתְיְהֵב לְכוֹן וּסְכוֹם לְבֵינַיָא תִּתְּנוּן:</small></div><div>(<small>יט</small>) וַיִּרְא֞וּ שֹֽׁטְרֵ֧י בְנֵֽי־יִשְׂרָאֵ֛ל אֹתָ֖ם בְּרָ֣ע לֵאמֹ֑ר לֹא־תִגְרְע֥וּ מִלִּבְנֵיכֶ֖ם דְּבַר־י֥וֹם בְּיוֹמֽוֹ׃</div><div><small>וַחֲזוֹ סָרְכֵי בְנֵי יִשְׂרָאֵל יָתְהוֹן בְּבִישׁ לְמֵימָר לָא תִמְנְעוּן מִלִבְנֵיכוֹן פִּתְגַם יוֹם בְּיוֹמֵהּ:</small></div><div>(<small>כ</small>) וַֽיִּפְגְּעוּ֙ אֶת־מֹשֶׁ֣ה וְאֶֽת־אַהֲרֹ֔ן נִצָּבִ֖ים לִקְרָאתָ֑ם בְּצֵאתָ֖ם מֵאֵ֥ת פַּרְעֹֽה׃</div><div><small>וַעֲרָעוּ יָת משֶׁה וְיָת אַהֲרֹן קָיְמִין לְקַדָמוּתְהוֹן בְּמִפַּקְהוֹן מִקֳדָם פַּרְעֹה:</small></div><div>(<small>כא</small>) וַיֹּאמְר֣וּ אֲלֵהֶ֔ם יֵ֧רֶא יְהֹוָ֛ה עֲלֵיכֶ֖ם וְיִשְׁפֹּ֑ט אֲשֶׁ֧ר הִבְאַשְׁתֶּ֣ם אֶת־רֵיחֵ֗נוּ בְּעֵינֵ֤י פַרְעֹה֙ וּבְעֵינֵ֣י עֲבָדָ֔יו לָֽתֶת־חֶ֥רֶב בְּיָדָ֖ם לְהׇרְגֵֽנוּ׃</div><div><small>וַאֲמָרוּ לְהוֹן <b>יִתְגְלֵי</b> יְיָ עֲלֵיכוֹן <b>וְיִתְפְּרַע</b> דִי אַבְאֶשְׁתּוּן יָת רֵיחָנָא בְּעֵינֵי פַרְעֹה וּבְעֵינֵי עַבְדוֹהִי לְמִתַּן חַרְבָּא בִּידֵיהוֹן לְקַטָלוּתָנָא:</small></div><div>(<small>כב</small>) וַיָּ֧שׇׁב מֹשֶׁ֛ה אֶל־יְהֹוָ֖ה וַיֹּאמַ֑ר אֲדֹנָ֗י לָמָ֤ה הֲרֵעֹ֙תָה֙ לָעָ֣ם הַזֶּ֔ה לָ֥מָּה זֶּ֖ה שְׁלַחְתָּֽנִי׃</div><div><small>וְתָב משֶׁה <b>קֳדָם</b> יְיָ וַאֲמַר יְיָ לְמָא אַבְאֵשְׁתָּא לְעַמָא הָדֵין וּלְמָא דְנַן שְׁלַחְתָּנִי:</small></div><div>(<small>כג</small>) וּמֵאָ֞ז בָּ֤אתִי אֶל־פַּרְעֹה֙ לְדַבֵּ֣ר בִּשְׁמֶ֔ךָ הֵרַ֖ע לָעָ֣ם הַזֶּ֑ה וְהַצֵּ֥ל לֹא־הִצַּ֖לְתָּ אֶת־עַמֶּֽךָ׃</div><div><small>וּמֵעִדַן עַלִית לְוָת פַּרְעֹה לְמַלָלָא בִשְׁמָךְ אַבְאֵשׁ לְעַמָּא הָדֵין וְשֵׁזָבָא לָא שֵׁזַבְתָּא יָת עַמָךְ:</small></div><div>ו (<small>א</small>) וַיֹּ֤אמֶר יְהֹוָה֙ אֶל־מֹשֶׁ֔ה עַתָּ֣ה תִרְאֶ֔ה אֲשֶׁ֥ר אֶֽעֱשֶׂ֖ה לְפַרְעֹ֑ה כִּ֣י בְיָ֤ד חֲזָקָה֙ יְשַׁלְּחֵ֔ם וּבְיָ֣ד חֲזָקָ֔ה יְגָרְשֵׁ֖ם מֵאַרְצֽוֹ׃ <span class=""mam-spi-samekh"">{ס}</span>        </div><div><small>וַאֲמַר יְיָ לְמשֶׁה כְּעַן תֶּחֱזֵי דְאֶעְבֵּד לְפַרְעֹה אֲרֵי בִידָא תַקִיפָא יְשַׁלְחִנוּן וּבִידָא תַקִיפָא יְתָרֵכִנוּן מֵאַרְעֵהּ:</small></div>","<div>5 (1) And afterwards Moshe and Aharon went in, and told Par῾o, Thus says the Lord God of Yisra᾽el, Let my people go, that they may hold a feast to me in the wilderness.</div><div>(2) And Par῾o said, Who is the Lord, that I should obey his voice to let Yisra᾽el go? I know not the Lord, nor will I let Yisra᾽el go.</div><div>(3) And they said, The God of the Hebrews has met with us: let us go, we pray thee, three days’ journey into the desert, and sacrifice to the Lord our God; lest he fall upon us with pestilence, or with the sword.</div><div>(4) And the king of Miżrayim said to them, Why do you, Moshe and Aharon, distract the people from their works? get you to your burdens.</div><div>(5) And Par῾o, said, Behold, the people of the land now are many, and you make them rest from their burdens.</div><div>(6) And Par῾o the same day commanded the taskmasters of the people, and their officers, saying,</div><div>(7) You shall no more give the people straw to make brick, as heretofore: let them go and gather straw for themselves.</div><div>(8) And the quantity of the bricks, which they did make heretofore, you shall lay upon them; you shall not diminish aught of it: for they are idle; therefore they cry, saying, Let us go and sacrifice to our God.</div><div>(9) Let more work be laid upon the men, that they may labour in it; and let them not regard vain words.</div><div>(10) And the taskmasters of the people went out, and their officers, and they spoke to the people, saying, Thus says Par῾o, I will not give you straw.</div><div>(11) Go, get you straw wherever you can find it: yet nothing of your work shall be diminished.</div><div>(12) So the people were scattered abroad throughout all the land of Miżrayim to gather stubble for straw.</div><div>(13) And the taskmasters urged them on, saying, Fulfill your work, your daily tasks, as when there was straw.</div><div>(14) And the officers of the children of Yisra᾽el, whom Par῾o’s taskmasters had set over them, were beaten, saying, Wherefore have you not fulfilled your task in making brick both yesterday and today, as heretofore?</div><div>(15) Then the officers of the children of Yisra᾽el came and cried to Par῾o, saying, Why dost thou deal thus with thy servants?</div><div>(16) There is no straw given to thy servants, and they say to us, Make bricks: and, behold, thy servants are beaten; but the fault is in thy own people.</div><div>(17) But he said, You are idle, you are idle: therefore you say, Let us go and do sacrifice to the Lord.</div><div>(18) Go therefore now, and work; for no straw shall be given you, yet shall you deliver the quantity of bricks.</div><div>(19) And the officers of the children of Yisra᾽el saw that they were in evil case, after it was said, You shall not in any way reduce your bricks or your daily task.</div><div>(20) And they met Moshe and Aharon, who stood in the way, as they came out from Par῾o.</div><div>(21) And they said to them, The Lord look upon you, and judge; because you have made us abhorrent in the eyes of Par῾o, and in the eyes of his servants, to put a sword in their hand to slay us.</div><div>(22) And Moshe returned to the Lord, and said, Lord, why hast thou dealt ill with this people? why is it that thou hast sent me?</div><div>(23) for since I came to Par῾o to speak in thy name, he has done evil to this people; neither hast thou delivered thy people at all.</div><div>6 (1) Then the Lord said to Moshe, Now shalt thou see what I will do to Par῾o: for with a strong hand shall he let them go, and with a strong hand shall he drive them out of his land.</div>",""
"Shemos","חק לישראל - פרשת שמות יום שישי","7","","<h1><b>הפטרה</b></h1>","",""
"Shemos","חק לישראל - פרשת שמות יום שישי","8","","<p><small>הפטרת שמות כמנהג הספרדים:</small></p>
","",""
"Shemos","חק לישראל - פרשת שמות יום שישי","9","Jeremiah 1:1-2:3","<div>א (<small>א</small>) דִּבְרֵ֥י יִרְמְיָ֖הוּ בֶּן־חִלְקִיָּ֑הוּ מִן־הַכֹּֽהֲנִים֙ אֲשֶׁ֣ר בַּעֲנָת֔וֹת בְּאֶ֖רֶץ בִּנְיָמִֽן׃ (<small>ב</small>) אֲשֶׁ֨ר הָיָ֤ה דְבַר־יְהֹוָה֙ אֵלָ֔יו בִּימֵ֛י יֹאשִׁיָּ֥הוּ בֶן־אָמ֖וֹן מֶ֣לֶךְ יְהוּדָ֑ה בִּשְׁלֹשׁ־עֶשְׂרֵ֥ה שָׁנָ֖ה לְמׇלְכֽוֹ׃ (<small>ג</small>) וַיְהִ֗י בִּימֵ֨י יְהוֹיָקִ֤ים בֶּן־יֹאשִׁיָּ֙הוּ֙ מֶ֣לֶךְ יְהוּדָ֔ה עַד־תֹּם֙ עַשְׁתֵּ֣י עֶשְׂרֵ֣ה שָׁנָ֔ה לְצִדְקִיָּ֥הוּ בֶן־יֹאשִׁיָּ֖הוּ מֶ֣לֶךְ יְהוּדָ֑ה עַד־גְּל֥וֹת יְרוּשָׁלַ֖͏ִם בַּחֹ֥דֶשׁ הַֽחֲמִישִֽׁי׃ <span class=""mam-spi-pe"">{פ}</span>  (<small>ד</small>) וַיְהִ֥י דְבַר־יְהֹוָ֖ה אֵלַ֥י לֵאמֹֽר׃ (<small>ה</small>) בְּטֶ֨רֶם <span class=""mam-kq""><span class=""mam-kq-k"">(אצורך)</span> <span class=""mam-kq-q"">[אֶצׇּרְךָ֤]</span></span> בַבֶּ֙טֶן֙ יְדַעְתִּ֔יךָ וּבְטֶ֛רֶם תֵּצֵ֥א מֵרֶ֖חֶם הִקְדַּשְׁתִּ֑יךָ נָבִ֥יא לַגּוֹיִ֖ם נְתַתִּֽיךָ׃ (<small>ו</small>) וָאֹמַ֗ר אֲהָהּ֙ אֲדֹנָ֣י יֱהֹוִ֔ה הִנֵּ֥ה לֹֽא־יָדַ֖עְתִּי דַּבֵּ֑ר כִּי־נַ֖עַר אָנֹֽכִי׃ <span class=""mam-spi-samekh"">{ס}</span>         (<small>ז</small>) וַיֹּ֤אמֶר יְהֹוָה֙ אֵלַ֔י אַל־תֹּאמַ֖ר נַ֣עַר אָנֹ֑כִי כִּ֠י עַֽל־כׇּל־אֲשֶׁ֤ר אֶֽשְׁלָחֲךָ֙ תֵּלֵ֔ךְ וְאֵ֛ת כׇּל־אֲשֶׁ֥ר אֲצַוְּךָ֖ תְּדַבֵּֽר׃ (<small>ח</small>) אַל־תִּירָ֖א מִפְּנֵיהֶ֑ם כִּֽי־אִתְּךָ֥ אֲנִ֛י לְהַצִּלֶ֖ךָ נְאֻם־יְהֹוָֽה׃ (<small>ט</small>) וַיִּשְׁלַ֤ח יְהֹוָה֙ אֶת־יָד֔וֹ וַיַּגַּ֖ע עַל־פִּ֑י וַיֹּ֤אמֶר יְהֹוָה֙ אֵלַ֔י הִנֵּ֛ה נָתַ֥תִּי דְבָרַ֖י בְּפִֽיךָ׃ (<small>י</small>) רְאֵ֞ה הִפְקַדְתִּ֣יךָ <b>׀</b> הַיּ֣וֹם הַזֶּ֗ה עַל־הַגּוֹיִם֙ וְעַל־הַמַּמְלָכ֔וֹת לִנְת֥וֹשׁ וְלִנְת֖וֹץ וּלְהַאֲבִ֣יד וְלַהֲר֑וֹס לִבְנ֖וֹת וְלִנְטֽוֹעַ׃ <span class=""mam-spi-pe"">{פ}</span>  (<small>יא</small>) וַיְהִ֤י דְבַר־יְהֹוָה֙ אֵלַ֣י לֵאמֹ֔ר מָה־אַתָּ֥ה רֹאֶ֖ה יִרְמְיָ֑הוּ וָאֹמַ֕ר מַקֵּ֥ל שָׁקֵ֖ד אֲנִ֥י רֹאֶֽה׃ (<small>יב</small>) וַיֹּ֧אמֶר יְהֹוָ֛ה אֵלַ֖י הֵיטַ֣בְתָּ לִרְא֑וֹת כִּֽי־שֹׁקֵ֥ד אֲנִ֛י עַל־דְּבָרִ֖י לַעֲשֹׂתֽוֹ׃ <span class=""mam-spi-samekh"">{ס}</span>         (<small>יג</small>) וַיְהִ֨י דְבַר־יְהֹוָ֤ה <small>׀</small> אֵלַי֙ שֵׁנִ֣ית לֵאמֹ֔ר מָ֥ה אַתָּ֖ה רֹאֶ֑ה וָאֹמַ֗ר סִ֤יר נָפ֙וּחַ֙ אֲנִ֣י רֹאֶ֔ה וּפָנָ֖יו מִפְּנֵ֥י צָפֽוֹנָה׃ (<small>יד</small>) וַיֹּ֥אמֶר יְהֹוָ֖ה אֵלָ֑י מִצָּפוֹן֙ תִּפָּתַ֣ח הָרָעָ֔ה עַ֥ל כׇּל־יֹשְׁבֵ֖י הָאָֽרֶץ׃ (<small>טו</small>) כִּ֣י <b>׀</b> הִנְנִ֣י קֹרֵ֗א לְכׇֽל־מִשְׁפְּח֛וֹת מַמְלְכ֥וֹת צָפ֖וֹנָה נְאֻם־יְהֹוָ֑ה וּבָ֡אוּ וְֽנָתְנוּ֩ אִ֨ישׁ כִּסְא֜וֹ פֶּ֣תַח <b>׀</b> שַׁעֲרֵ֣י יְרוּשָׁלַ֗͏ִם וְעַ֤ל כׇּל־חוֹמֹתֶ֙יהָ֙ סָבִ֔יב וְעַ֖ל כׇּל־עָרֵ֥י יְהוּדָֽה׃ (<small>טז</small>) וְדִבַּרְתִּ֤י מִשְׁפָּטַי֙ אוֹתָ֔ם עַ֖ל כׇּל־רָעָתָ֑ם אֲשֶׁ֣ר עֲזָב֗וּנִי וַֽיְקַטְּרוּ֙ לֵאלֹהִ֣ים אֲחֵרִ֔ים וַיִּֽשְׁתַּחֲו֖וּ לְמַעֲשֵׂ֥י יְדֵיהֶֽם׃ (<small>יז</small>) וְאַתָּה֙ תֶּאְזֹ֣ר מׇתְנֶ֔יךָ וְקַמְתָּ֙ וְדִבַּרְתָּ֣ אֲלֵיהֶ֔ם אֵ֛ת כׇּל־אֲשֶׁ֥ר אָנֹכִ֖י אֲצַוֶּ֑ךָּ אַל־תֵּחַת֙ מִפְּנֵיהֶ֔ם פֶּֽן־אֲחִתְּךָ֖ לִפְנֵיהֶֽם׃ (<small>יח</small>) וַאֲנִ֞י הִנֵּ֧ה נְתַתִּ֣יךָ הַיּ֗וֹם לְעִ֨יר מִבְצָ֜ר וּלְעַמּ֥וּד בַּרְזֶ֛ל וּלְחֹמ֥וֹת נְחֹ֖שֶׁת עַל־כׇּל־הָאָ֑רֶץ לְמַלְכֵ֤י יְהוּדָה֙ לְשָׂרֶ֔יהָ לְכֹהֲנֶ֖יהָ וּלְעַ֥ם הָאָֽרֶץ׃ (<small>יט</small>) וְנִלְחֲמ֥וּ אֵלֶ֖יךָ וְלֹא־י֣וּכְלוּ לָ֑ךְ כִּי־אִתְּךָ֥ אֲנִ֛י נְאֻם־יְהֹוָ֖ה לְהַצִּילֶֽךָ׃ <span class=""mam-spi-pe"">{פ}</span>  ב (<small>א</small>) וַיְהִ֥י דְבַר־יְהֹוָ֖ה אֵלַ֥י לֵאמֹֽר׃ (<small>ב</small>) הָלֹ֡ךְ וְֽקָרָ֩אתָ֩ בְאׇזְנֵ֨י יְרוּשָׁלַ֜͏ִם לֵאמֹ֗ר כֹּ֚ה אָמַ֣ר יְהֹוָ֔ה זָכַ֤רְתִּי לָךְ֙ חֶ֣סֶד נְעוּרַ֔יִךְ אַהֲבַ֖ת כְּלוּלֹתָ֑יִךְ לֶכְתֵּ֤ךְ אַֽחֲרַי֙ בַּמִּדְבָּ֔ר בְּאֶ֖רֶץ לֹ֥א זְרוּעָֽה׃ (<small>ג</small>) קֹ֤דֶשׁ יִשְׂרָאֵל֙ לַיהֹוָ֔ה רֵאשִׁ֖ית תְּבוּאָתֹ֑ה כׇּל־אֹכְלָ֣יו יֶאְשָׁ֔מוּ רָעָ֛ה תָּבֹ֥א אֲלֵיהֶ֖ם נְאֻם־יְהֹוָֽה׃ <span class=""mam-spi-pe"">{פ}</span> </div>","<div>1 (1) The words of Yirmeyahu the son of Ḥilqiyyahu, of the priests who were in ῾Anatot in the land of Binyamin: (2) to whom the word of the Lord came in the days of Yoshiyyahu the son of Amon king of Yehuda, in the thirteenth year of his reign. (3) It came also in the days of Yehoyaqim the son of Yoshiyyahu king of Yehuda to the end of the eleventh year of Żidqiyyahu the son of Yoshiyyahu king of Yehuda, to the carrying away of Yerushalayim captive in the fifth month. (4) Then the word of the Lord came to me, saying, (5) Before I formed thee in the belly I knew thee; and before thou didst come out of the womb I sanctified thee, and I ordained thee a prophet to the nations. (6) Then said I, Ah, Lord God! behold, I cannot speak: for I am a child. (7) But the Lord said to me, Say not, I am a child: for thou shalt go to all to whom I shall send thee, and whatever I command thee thou shalt speak. (8) Do not be afraid of them: for I am with thee to deliver thee, says the Lord. (9) Then the Lord put out his hand, and touched my mouth. And the Lord said to me, Behold, I have put my words in thy mouth. (10) See, I have this day set thee over the nations and over the kingdoms, to root out, and to pull down, and to destroy, and to throw down, to build, and to plant. (11) Moreover the word of the Lord came to me, saying, What dost thou see, Yirmeyahu? And I said, I see a rod of an almond tree. (12) Then the Lord said to me, Thou hast seen well: for I will hasten my word to perform it. (13) And the word of the Lord came to me a second time, saying, What dost thou see? And I said, I see a boiling pot; and its face is from the north. (14) Then the Lord said to me, Out of the north the evil shall break forth upon all the inhabitants of the land. (15) For, lo, I will call all the families of the kingdoms of the north, says the Lord; and they shall come, and they shall set everyone his throne at the entrance of the gates of Yerushalayim, and against all its walls round about, and against all the cities of Yehuda. (16) And I will utter my judgments against them regarding all their wickedness, in that they have forsaken me, and have burned incense to other gods, and worshipped the works of their own hands. (17) Thou therefore gird up thy loins, and arise, and speak to them all that I command thee: do not be dismayed at them, lest I dismay thee before them. (18) For, behold, I have made thee this day a fortified city, and an iron pillar, and walls of brass against the whole land, against the kings of Yehuda, against its princes, against its priests, and against the people of the land. (19) And they shall fight against thee; but they shall not prevail against thee; for I am with thee, says the Lord, to deliver thee. 2 (1) Moreover the word of the Lord came to me, saying, (2) Go and cry in the ears of Yerushalayim, saying, Thus says the Lord; I remember in thy favour, the devotion of thy youth, thy love as a bride, when thou didst go after me in the wilderness, in a land that was not sown. (3) Israel is holy to the Lord, the firstfruits of his increase: all that devour him shall be held guilty; evil shall come upon them, says the Lord.</div>",""
"Shemos","חק לישראל - פרשת שמות יום שישי","10","","<p><small>הפטרת שמות כמנהג האשכנזים:</small></p>
","",""
"Shemos","חק לישראל - פרשת שמות יום שישי","11","","","",""
"Shemos","חק לישראל - פרשת שמות יום שישי","12","Isaiah 27:6-29:23","<span class=""segment""><small>(ו)</small> הַבָּאִים֙ יַשְׁרֵ֣שׁ יַֽעֲקֹ֔ב יָצִ֥יץ וּפָרַ֖ח יִשְׂרָאֵ֑ל וּמָלְא֥וּ פְנֵי־תֵבֵ֖ל תְּנוּבָֽה׃ <span>{פ}</span><br></span> <span class=""segment""><small>(ז)</small> הַכְּמַכַּ֥ת מַכֵּ֖הוּ הִכָּ֑הוּ אִם־כְּהֶ֥רֶג הֲרֻגָ֖יו הֹרָֽג׃</span> <span class=""segment""><small>(ח)</small> בְּסַאסְּאָ֖ה בְּשַׁלְחָ֣הּ תְּרִיבֶ֑נָּה הָגָ֛ה בְּרוּח֥וֹ הַקָּשָׁ֖ה בְּי֥וֹם קָדִֽים׃</span> <span class=""segment""><small>(ט)</small> לָכֵ֗ן בְּזֹאת֙ יְכֻפַּ֣ר עֲוֺֽן־יַעֲקֹ֔ב וְזֶ֕ה כׇּל־פְּרִ֖י הָסִ֣ר חַטָּאת֑וֹ בְּשׂוּמ֣וֹ <b>׀</b> כׇּל־אַבְנֵ֣י מִזְבֵּ֗חַ כְּאַבְנֵי־גִר֙ מְנֻפָּצ֔וֹת לֹא־יָקֻ֥מוּ אֲשֵׁרִ֖ים וְחַמָּנִֽים׃</span> <span class=""segment""><small>(י)</small> כִּ֣י עִ֤יר בְּצוּרָה֙ בָּדָ֔ד נָוֶ֕ה מְשֻׁלָּ֥ח וְנֶעֱזָ֖ב כַּמִּדְבָּ֑ר שָׁ֣ם יִרְעֶ֥ה עֵ֛גֶל וְשָׁ֥ם יִרְבָּ֖ץ וְכִלָּ֥ה סְעִפֶֽיהָ׃</span> <span class=""segment""><small>(יא)</small> בִּיבֹ֤שׁ קְצִירָהּ֙ תִּשָּׁבַ֔רְנָה נָשִׁ֕ים בָּא֖וֹת מְאִיר֣וֹת אוֹתָ֑הּ כִּ֣י לֹ֤א עַם־בִּינוֹת֙ ה֔וּא עַל־כֵּן֙ לֹא־יְרַחֲמֶ֣נּוּ עֹשֵׂ֔הוּ וְיֹצְר֖וֹ לֹ֥א יְחֻנֶּֽנּוּ׃ <span>{פ}</span><br></span> <span class=""segment""><small>(יב)</small> וְהָיָה֙ בַּיּ֣וֹם הַה֔וּא יַחְבֹּ֧ט יְהֹוָ֛ה מִשִּׁבֹּ֥לֶת הַנָּהָ֖ר עַד־נַ֣חַל מִצְרָ֑יִם וְאַתֶּ֧ם תְּלֻקְּט֛וּ לְאַחַ֥ד אֶחָ֖ד בְּנֵ֥י יִשְׂרָאֵֽל׃ <span>{פ}</span><br></span> <span class=""segment""><small>(יג)</small> וְהָיָ֣ה <b>׀</b> בַּיּ֣וֹם הַה֗וּא יִתָּקַע֮ בְּשׁוֹפָ֣ר גָּדוֹל֒ וּבָ֗אוּ הָאֹֽבְדִים֙ בְּאֶ֣רֶץ אַשּׁ֔וּר וְהַנִּדָּחִ֖ים בְּאֶ֣רֶץ מִצְרָ֑יִם וְהִשְׁתַּחֲו֧וּ לַֽיהֹוָ֛ה בְּהַ֥ר הַקֹּ֖דֶשׁ בִּירוּשָׁלָֽ͏ִם׃ <span>{פ}</span><br></span> <span class=""segment""><small>(א)</small> ה֗וֹי עֲטֶ֤רֶת גֵּאוּת֙ שִׁכֹּרֵ֣י אֶפְרַ֔יִם וְצִ֥יץ נֹבֵ֖ל צְבִ֣י תִפְאַרְתּ֑וֹ אֲשֶׁ֛ר עַל־רֹ֥אשׁ גֵּֽיא־שְׁמָנִ֖ים הֲל֥וּמֵי יָֽיִן׃</span> <span class=""segment""><small>(ב)</small> הִנֵּ֨ה חָזָ֤ק וְאַמִּץ֙ לַֽאדֹנָ֔י כְּזֶ֥רֶם בָּרָ֖ד שַׂ֣עַר קָ֑טֶב כְּ֠זֶ֠רֶם מַ֣יִם כַּבִּירִ֥ים שֹׁטְפִ֛ים הִנִּ֥יחַ לָאָ֖רֶץ בְּיָֽד׃</span> <span class=""segment""><small>(ג)</small> בְּרַגְלַ֖יִם תֵּרָמַ֑סְנָה עֲטֶ֥רֶת גֵּא֖וּת שִׁכּוֹרֵ֥י אֶפְרָֽיִם׃</span> <span class=""segment""><small>(ד)</small> וְֽהָ֨יְתָ֜ה צִיצַ֤ת נֹבֵל֙ צְבִ֣י תִפְאַרְתּ֔וֹ אֲשֶׁ֥ר עַל־רֹ֖אשׁ גֵּ֣יא שְׁמָנִ֑ים כְּבִכּוּרָהּ֙ בְּטֶ֣רֶם קַ֔יִץ אֲשֶׁ֨ר יִרְאֶ֤ה הָרֹאֶה֙ אוֹתָ֔הּ בְּעוֹדָ֥הּ בְּכַפּ֖וֹ יִבְלָעֶֽנָּה׃ <span>{ס}</span>        </span> <span class=""segment""><small>(ה)</small> בַּיּ֣וֹם הַה֗וּא יִֽהְיֶה֙ יְהֹוָ֣ה צְבָא֔וֹת לַעֲטֶ֣רֶת צְבִ֔י וְלִצְפִירַ֖ת תִּפְאָרָ֑ה לִשְׁאָ֖ר עַמּֽוֹ׃</span> <span class=""segment""><small>(ו)</small> וּלְר֖וּחַ מִשְׁפָּ֑ט לַיּוֹשֵׁב֙ עַל־הַמִּשְׁפָּ֔ט וְלִ֨גְבוּרָ֔ה מְשִׁיבֵ֥י מִלְחָמָ֖ה שָֽׁעְרָה׃ <span>{ס}</span>        </span> <span class=""segment""><small>(ז)</small> וְגַם־אֵ֙לֶּה֙ בַּיַּ֣יִן שָׁג֔וּ וּבַשֵּׁכָ֖ר תָּע֑וּ כֹּהֵ֣ן וְנָבִיא֩ שָׁג֨וּ בַשֵּׁכָ֜ר נִבְלְע֣וּ מִן־הַיַּ֗יִן תָּעוּ֙ מִן־הַשֵּׁכָ֔ר שָׁגוּ֙ בָּרֹאֶ֔ה פָּק֖וּ פְּלִילִיָּֽה׃</span> <span class=""segment""><small>(ח)</small> כִּ֚י כׇּל־שֻׁלְחָנ֔וֹת מָלְא֖וּ קִ֣יא צֹאָ֑ה בְּלִ֖י מָקֽוֹם׃ <span>{פ}</span><br></span> <span class=""segment""><small>(ט)</small> אֶת־מִי֙ יוֹרֶ֣ה דֵעָ֔ה וְאֶת־מִ֖י יָבִ֣ין שְׁמוּעָ֑ה גְּמוּלֵי֙ מֵחָלָ֔ב עַתִּיקֵ֖י מִשָּׁדָֽיִם׃</span> <span class=""segment""><small>(י)</small> כִּ֣י צַ֤ו לָצָו֙ צַ֣ו לָצָ֔ו קַ֥ו לָקָ֖ו קַ֣ו לָקָ֑ו זְעֵ֥יר שָׁ֖ם זְעֵ֥יר שָֽׁם׃</span> <span class=""segment""><small>(יא)</small> כִּ֚י בְּלַעֲגֵ֣י שָׂפָ֔ה וּבְלָשׁ֖וֹן אַחֶ֑רֶת יְדַבֵּ֖ר אֶל־הָעָ֥ם הַזֶּֽה׃</span> <span class=""segment""><small>(יב)</small> אֲשֶׁ֣ר <b>׀</b> אָמַ֣ר אֲלֵיהֶ֗ם זֹ֤את הַמְּנוּחָה֙ הָנִ֣יחוּ לֶעָיֵ֔ף וְזֹ֖את הַמַּרְגֵּעָ֑ה וְלֹ֥א אָב֖וּא שְׁמֽוֹעַ׃</span> <span class=""segment""><small>(יג)</small> וְהָיָ֨ה לָהֶ֜ם דְּבַר־יְהֹוָ֗ה צַ֣ו לָצָ֞ו צַ֤ו לָצָו֙ קַ֤ו לָקָו֙ קַ֣ו לָקָ֔ו זְעֵ֥יר שָׁ֖ם זְעֵ֣יר שָׁ֑ם לְמַ֨עַן יֵלְכ֜וּ וְכָשְׁל֤וּ אָחוֹר֙ וְנִשְׁבָּ֔רוּ וְנוֹקְשׁ֖וּ וְנִלְכָּֽדוּ׃ <span>{פ}</span><br></span> <span class=""segment""><small>(יד)</small> לָכֵ֛ן שִׁמְע֥וּ דְבַר־יְהֹוָ֖ה אַנְשֵׁ֣י לָצ֑וֹן מֹֽשְׁלֵי֙ הָעָ֣ם הַזֶּ֔ה אֲשֶׁ֖ר בִּירוּשָׁלָֽ͏ִם׃</span> <span class=""segment""><small>(טו)</small> כִּ֣י אֲמַרְתֶּ֗ם כָּרַ֤תְנֽוּ בְרִית֙ אֶת־מָ֔וֶת וְעִם־שְׁא֖וֹל עָשִׂ֣ינוּ חֹזֶ֑ה <span class=""mam-kq""><span class=""mam-kq-k"">(שיט)</span> <span class=""mam-kq-q"">[שׁ֣וֹט]</span></span> שׁוֹטֵ֤ף כִּי־<span class=""mam-kq""><span class=""mam-kq-q"">[יַֽעֲבֹר֙]</span> <span class=""mam-kq-k"">(עבר)</span></span> לֹ֣א יְבוֹאֵ֔נוּ כִּ֣י שַׂ֧מְנוּ כָזָ֛ב מַחְסֵ֖נוּ וּבַשֶּׁ֥קֶר נִסְתָּֽרְנוּ׃ <span>{פ}</span><br></span> <span class=""segment""><small>(טז)</small> לָכֵ֗ן כֹּ֤ה אָמַר֙ אֲדֹנָ֣י יֱהֹוִ֔ה הִנְנִ֛י יִסַּ֥ד בְּצִיּ֖וֹן אָ֑בֶן אֶ֣בֶן בֹּ֜חַן פִּנַּ֤ת יִקְרַת֙ מוּסָ֣ד מוּסָּ֔ד הַֽמַּאֲמִ֖ין לֹ֥א יָחִֽישׁ׃</span> <span class=""segment""><small>(יז)</small> וְשַׂמְתִּ֤י מִשְׁפָּט֙ לְקָ֔ו וּצְדָקָ֖ה לְמִשְׁקָ֑לֶת וְיָעָ֤ה בָרָד֙ מַחְסֵ֣ה כָזָ֔ב וְסֵ֥תֶר מַ֖יִם יִשְׁטֹֽפוּ׃ <span>{ס}</span>        </span> <span class=""segment""><small>(יח)</small> וְכֻפַּ֤ר בְּרִֽיתְכֶם֙ אֶת־מָ֔וֶת וְחָזוּתְכֶ֥ם אֶת־שְׁא֖וֹל לֹ֣א תָק֑וּם שׁ֤וֹט שׁוֹטֵף֙ כִּ֣י יַֽעֲבֹ֔ר וִהְיִ֥יתֶם ל֖וֹ לְמִרְמָֽס׃</span> <span class=""segment""><small>(יט)</small> מִדֵּ֤י עׇבְרוֹ֙ יִקַּ֣ח אֶתְכֶ֔ם כִּֽי־בַבֹּ֧קֶר בַּבֹּ֛קֶר יַעֲבֹ֖ר בַּיּ֣וֹם וּבַלָּ֑יְלָה וְהָיָ֥ה רַק־זְוָעָ֖ה הָבִ֥ין שְׁמוּעָֽה׃</span> <span class=""segment""><small>(כ)</small> כִּֽי־קָצַ֥ר הַמַּצָּ֖ע מֵהִשְׂתָּרֵ֑עַ וְהַמַּסֵּכָ֥ה צָ֖רָה כְּהִתְכַּנֵּֽס׃</span> <span class=""segment""><small>(כא)</small> כִּ֤י כְהַר־פְּרָצִים֙ יָק֣וּם יְהֹוָ֔ה כְּעֵ֖מֶק בְּגִבְע֣וֹן יִרְגָּ֑ז לַֽעֲשׂ֤וֹת מַעֲשֵׂ֙הוּ֙ זָ֣ר מַעֲשֵׂ֔הוּ וְלַֽעֲבֹד֙ עֲבֹ֣דָת֔וֹ נׇכְרִיָּ֖ה עֲבֹדָתֽוֹ׃</span> <span class=""segment""><small>(כב)</small> וְעַתָּה֙ אַל־תִּתְלוֹצָ֔צוּ פֶּֽן־יֶחְזְק֖וּ מֽוֹסְרֵיכֶ֑ם כִּֽי־כָלָ֨ה וְנֶחֱרָצָ֜ה שָׁמַ֗עְתִּי מֵאֵ֨ת אֲדֹנָ֧י יֱהֹוִ֛ה צְבָא֖וֹת עַל־כׇּל־הָאָֽרֶץ׃ <span>{פ}</span><br></span> <span class=""segment""><small>(כג)</small> הַאֲזִ֥ינוּ וְשִׁמְע֖וּ קוֹלִ֑י הַקְשִׁ֥יבוּ וְשִׁמְע֖וּ אִמְרָתִֽי׃</span> <span class=""segment""><small>(כד)</small> הֲכֹ֣ל הַיּ֔וֹם יַחֲרֹ֥שׁ הַחֹרֵ֖שׁ לִזְרֹ֑עַ יְפַתַּ֥ח וִֽישַׂדֵּ֖ד אַדְמָתֽוֹ׃</span> <span class=""segment""><small>(כה)</small> הֲלוֹא֙ אִם־שִׁוָּ֣ה פָנֶ֔יהָ וְהֵפִ֥יץ קֶ֖צַח וְכַמֹּ֣ן יִזְרֹ֑ק וְשָׂ֨ם חִטָּ֤ה שׂוֹרָה֙ וּשְׂעֹרָ֣ה נִסְמָ֔ן וְכֻסֶּ֖מֶת גְּבֻלָתֽוֹ׃</span> <span class=""segment""><small>(כו)</small> וְיִסְּר֥וֹ לַמִּשְׁפָּ֖ט אֱלֹהָ֥יו יוֹרֶֽנּוּ׃</span> <span class=""segment""><small>(כז)</small> כִּ֣י לֹ֤א בֶחָרוּץ֙ י֣וּדַשׁ קֶ֔צַח וְאוֹפַ֣ן עֲגָלָ֔ה עַל־כַּמֹּ֖ן יוּסָּ֑ב כִּ֧י בַמַּטֶּ֛ה יֵחָ֥בֶט קֶ֖צַח וְכַמֹּ֥ן בַּשָּֽׁבֶט׃</span> <span class=""segment""><small>(כח)</small> לֶ֣חֶם יוּדָ֔ק כִּ֛י לֹ֥א לָנֶ֖צַח אָד֣וֹשׁ יְדוּשֶׁ֑נּוּ וְ֠הָמַ֠ם גִּלְגַּ֧ל עֶגְלָת֛וֹ וּפָרָשָׁ֖יו לֹ֥א יְדֻקֶּֽנּוּ׃</span> <span class=""segment""><small>(כט)</small> גַּם־זֹ֕את מֵעִ֛ם יְהֹוָ֥ה צְבָא֖וֹת יָצָ֑אָה הִפְלִ֣א עֵצָ֔ה הִגְדִּ֖יל תּוּשִׁיָּֽה׃ <span>{פ}</span><br></span> <span class=""segment""><small>(א)</small> ה֚וֹי אֲרִיאֵ֣ל אֲרִיאֵ֔ל קִרְיַ֖ת חָנָ֣ה דָוִ֑ד סְפ֥וּ שָׁנָ֛ה עַל־שָׁנָ֖ה חַגִּ֥ים יִנְקֹֽפוּ׃</span> <span class=""segment""><small>(ב)</small> וַהֲצִיק֖וֹתִי לַאֲרִיאֵ֑ל וְהָיְתָ֤ה תַאֲנִיָּה֙ וַאֲנִיָּ֔ה וְהָ֥יְתָה לִּ֖י כַּאֲרִיאֵֽל׃</span> <span class=""segment""><small>(ג)</small> וְחָנִ֥יתִי כַדּ֖וּר עָלָ֑יִךְ וְצַרְתִּ֤י עָלַ֙יִךְ֙ מֻצָּ֔ב וַהֲקִימֹתִ֥י עָלַ֖יִךְ מְצֻרֹֽת׃</span> <span class=""segment""><small>(ד)</small> וְשָׁפַלְתְּ֙ מֵאֶ֣רֶץ תְּדַבֵּ֔רִי וּמֵעָפָ֖ר תִּשַּׁ֣ח אִמְרָתֵ֑ךְ וְֽ֠הָיָ֠ה כְּא֤וֹב מֵאֶ֙רֶץ֙ קוֹלֵ֔ךְ וּמֵעָפָ֖ר אִמְרָתֵ֥ךְ תְּצַפְצֵֽף׃</span> <span class=""segment""><small>(ה)</small> וְהָיָ֛ה כְּאָבָ֥ק דַּ֖ק הֲמ֣וֹן זָרָ֑יִךְ וּכְמֹ֤ץ עֹבֵר֙ הֲמ֣וֹן עָרִיצִ֔ים וְהָיָ֖ה לְפֶ֥תַע פִּתְאֹֽם׃</span> <span class=""segment""><small>(ו)</small> מֵעִ֨ם יְהֹוָ֤ה צְבָאוֹת֙ תִּפָּקֵ֔ד בְּרַ֥עַם וּבְרַ֖עַשׁ וְק֣וֹל גָּד֑וֹל סוּפָה֙ וּסְעָרָ֔ה וְלַ֖הַב אֵ֥שׁ אוֹכֵלָֽה׃</span> <span class=""segment""><small>(ז)</small> וְהָיָ֗ה כַּֽחֲלוֹם֙ חֲז֣וֹן לַ֔יְלָה הֲמוֹן֙ כׇּל־הַגּוֹיִ֔ם הַצֹּבְאִ֖ים עַל־אֲרִיאֵ֑ל וְכׇל־צֹבֶ֙יהָ֙ וּמְצֹ֣דָתָ֔הּ וְהַמְּצִיקִ֖ים לָֽהּ׃</span> <span class=""segment""><small>(ח)</small> וְהָיָ֡ה כַּאֲשֶׁר֩ יַחֲלֹ֨ם הָרָעֵ֜ב וְהִנֵּ֣ה אוֹכֵ֗ל וְהֵקִיץ֮ וְרֵיקָ֣ה נַפְשׁוֹ֒ וְכַאֲשֶׁ֨ר יַחֲלֹ֤ם הַצָּמֵא֙ וְהִנֵּ֣ה שֹׁתֶ֔ה וְהֵקִיץ֙ וְהִנֵּ֣ה עָיֵ֔ף וְנַפְשׁ֖וֹ שׁוֹקֵקָ֑ה כֵּ֣ן יִֽהְיֶ֗ה הֲמוֹן֙ כׇּל־הַגּוֹיִ֔ם הַצֹּבְאִ֖ים עַל־הַ֥ר צִיּֽוֹן׃ <span>{פ}</span><br></span> <span class=""segment""><small>(ט)</small> הִתְמַהְמְה֣וּ וּתְמָ֔הוּ הִשְׁתַּעַשְׁע֖וּ וָשֹׁ֑עוּ שָׁכְר֣וּ וְלֹא־יַ֔יִן נָע֖וּ וְלֹ֥א שֵׁכָֽר׃</span> <span class=""segment""><small>(י)</small> כִּֽי־נָסַ֨ךְ עֲלֵיכֶ֤ם יְהֹוָה֙ ר֣וּחַ תַּרְדֵּמָ֔ה וַיְעַצֵּ֖ם אֶת־עֵינֵיכֶ֑ם אֶת־הַנְּבִיאִ֛ים וְאֶת־רָאשֵׁיכֶ֥ם הַחֹזִ֖ים כִּסָּֽה׃</span> <span class=""segment""><small>(יא)</small> וַתְּהִ֨י לָכֶ֜ם חָז֣וּת הַכֹּ֗ל כְּדִבְרֵי֮ הַסֵּ֣פֶר הֶחָתוּם֒ אֲשֶֽׁר־יִתְּנ֣וּ אֹת֗וֹ אֶל־יוֹדֵ֥עַ <span class=""mam-kq""><span class=""mam-kq-k"">(הספר)</span> <span class=""mam-kq-q"">[סֵ֛פֶר]</span></span> לֵאמֹ֖ר קְרָ֣א נָא־זֶ֑ה וְאָמַר֙ לֹ֣א אוּכַ֔ל כִּ֥י חָת֖וּם הֽוּא׃</span> <span class=""segment""><small>(יב)</small> וְנִתַּ֣ן הַסֵּ֗פֶר עַל֩ אֲשֶׁ֨ר לֹא־יָדַ֥ע סֵ֛פֶר לֵאמֹ֖ר קְרָ֣א נָא־זֶ֑ה וְאָמַ֕ר לֹ֥א יָדַ֖עְתִּי סֵֽפֶר׃ <span>{ס}</span>        </span> <span class=""segment""><small>(יג)</small> וַיֹּ֣אמֶר אֲדֹנָ֗י יַ֚עַן כִּ֤י נִגַּשׁ֙ הָעָ֣ם הַזֶּ֔ה בְּפִ֤יו וּבִשְׂפָתָיו֙ כִּבְּד֔וּנִי וְלִבּ֖וֹ רִחַ֣ק מִמֶּ֑נִּי וַתְּהִ֤י יִרְאָתָם֙ אֹתִ֔י מִצְוַ֥ת אֲנָשִׁ֖ים מְלֻמָּדָֽה׃</span> <span class=""segment""><small>(יד)</small> לָכֵ֗ן הִנְנִ֥י יוֹסִ֛ף לְהַפְלִ֥יא אֶת־הָעָם־הַזֶּ֖ה הַפְלֵ֣א וָפֶ֑לֶא וְאָֽבְדָה֙ חׇכְמַ֣ת חֲכָמָ֔יו וּבִינַ֥ת נְבֹנָ֖יו תִּסְתַּתָּֽר׃ <span>{ס}</span>        </span> <span class=""segment""><small>(טו)</small> ה֛וֹי הַמַּעֲמִיקִ֥ים מֵֽיְהֹוָ֖ה לַסְתִּ֣ר עֵצָ֑ה וְהָיָ֤ה בְמַחְשָׁךְ֙ מַֽעֲשֵׂיהֶ֔ם וַיֹּ֣אמְר֔וּ מִ֥י רֹאֵ֖נוּ וּמִ֥י יֹֽדְעֵֽנוּ׃</span> <span class=""segment""><small>(טז)</small> הַ֨פְכְּכֶ֔ם אִם־כְּחֹ֥מֶר הַיֹּצֵ֖ר יֵחָשֵׁ֑ב כִּֽי־יֹאמַ֨ר מַעֲשֶׂ֤ה לְעֹשֵׂ֙הוּ֙ לֹ֣א עָשָׂ֔נִי וְיֵ֛צֶר אָמַ֥ר לְיֹצְר֖וֹ לֹ֥א הֵבִֽין׃</span> <span class=""segment""><small>(יז)</small> הֲלוֹא־עוֹד֙ מְעַ֣ט מִזְעָ֔ר וְשָׁ֥ב לְבָנ֖וֹן לַכַּרְמֶ֑ל וְהַכַּרְמֶ֖ל לַיַּ֥עַר יֵחָשֵֽׁב׃</span> <span class=""segment""><small>(יח)</small> וְשָׁמְע֧וּ בַיּוֹם־הַה֛וּא הַחֵרְשִׁ֖ים דִּבְרֵי־סֵ֑פֶר וּמֵאֹ֣פֶל וּמֵחֹ֔שֶׁךְ עֵינֵ֥י עִוְרִ֖ים תִּרְאֶֽינָה׃</span> <span class=""segment""><small>(יט)</small> וְיָסְפ֧וּ עֲנָוִ֛ים בַּֽיהֹוָ֖ה שִׂמְחָ֑ה וְאֶבְיוֹנֵ֣י אָדָ֔ם בִּקְד֥וֹשׁ יִשְׂרָאֵ֖ל יָגִֽילוּ׃</span> <span class=""segment""><small>(כ)</small> כִּי־אָפֵ֥ס עָרִ֖יץ וְכָ֣לָה לֵ֑ץ וְנִכְרְת֖וּ כׇּל־שֹׁ֥קְדֵי אָֽוֶן׃</span> <span class=""segment""><small>(כא)</small> מַחֲטִיאֵ֤י אָדָם֙ בְּדָבָ֔ר וְלַמּוֹכִ֥יחַ בַּשַּׁ֖עַר יְקֹשׁ֑וּן וַיַּטּ֥וּ בַתֹּ֖הוּ צַדִּֽיק׃ <span>{פ}</span><br></span> <span class=""segment""><small>(כב)</small> לָכֵ֗ן כֹּֽה־אָמַ֤ר יְהֹוָה֙ אֶל־בֵּ֣ית יַעֲקֹ֔ב אֲשֶׁ֥ר פָּדָ֖ה אֶת־אַבְרָהָ֑ם לֹֽא־עַתָּ֤ה יֵבוֹשׁ֙ יַעֲקֹ֔ב וְלֹ֥א עַתָּ֖ה פָּנָ֥יו יֶֽחֱוָֽרוּ׃</span> <span class=""segment""><small>(כג)</small> כִּ֣י בִ֠רְאֹת֠וֹ יְלָדָ֞יו מַעֲשֵׂ֥ה יָדַ֛י בְּקִרְבּ֖וֹ יַקְדִּ֣ישֽׁוּ שְׁמִ֑י וְהִקְדִּ֙ישׁוּ֙ אֶת־קְד֣וֹשׁ יַֽעֲקֹ֔ב וְאֶת־אֱלֹהֵ֥י יִשְׂרָאֵ֖ל יַעֲרִֽיצוּ׃</span> ","<span class=""segment""><small>(6)</small> [In days] to come Jacob shall strike root,<br>Israel shall sprout and blossom,<br>And the face of the world<br>Shall be covered with fruit.<br></span> <span class=""segment""><small>(7)</small> Was he beaten as his beater has been?<br>Did he suffer such slaughter as his slayers?</span> <span class=""segment""><small>(8)</small> Assailing them<sup>-f</sup> with fury unchained,<br>His pitiless blast bore them off<br>On a day of gale.<br></span> <span class=""segment""><small>(9)</small> Assuredly, by this alone<br>Shall Jacob’s sin be purged away;<br>This is the only price<br>For removing his guilt:<br>That he make all the altar-stones<br>Like shattered blocks of chalk—<br>With no sacred post left standing,<br>Nor any incense altar.</span> <span class=""segment""><small>(10)</small> Thus fortified cities lie desolate,<br>Homesteads deserted, forsaken like a wilderness;<br>There calves graze, there they lie down<br>And consume its boughs.</span> <span class=""segment""><small>(11)</small> When its crown is withered, they break;<sup>-h</sup><br>Women come and make fires with them.<br>For they are a people without understanding;<br>That is why<br>Their Maker will show them no mercy,<br>Their Creator will deny them grace.<br></span> <span class=""segment""><small>(12)</small> And in that day, the L<small>ORD</small> will beat out [the peoples like grain] from the channel of the Euphrates to the Wadi of Egypt; and you shall be picked up one by one, O children of Israel!</span> <span class=""segment""><small>(13)</small> And in that day, a great ram’s horn shall be sounded; and the strayed who are in the land of Assyria and the expelled who are in the land of Egypt shall come and worship the L<small>ORD</small> on the holy mount, in Jerusalem.</span> <span class=""segment""><small>(1)</small> Ah, the proud crowns of the drunkards of Ephraim,<br>Whose glorious beauty is but wilted flowers<br>On the heads of men bloated with rich food,<br>Who are overcome by wine!<br></span> <span class=""segment""><small>(2)</small> Lo, my Lord has something strong and mighty,<br>Like a storm of hail,<br>A shower of pestilence.<br>Something like a storm of massive, torrential rain<br>Shall be hurled with force to the ground.</span> <span class=""segment""><small>(3)</small> Trampled underfoot shall be<br>The proud crowns of the drunkards of Ephraim,</span> <span class=""segment""><small>(4)</small> The wilted flowers—<br>On the heads of men bloated with rich food—<br>That are his glorious beauty.<br>They shall be like an early fig<br>Before the fruit harvest;<br>Whoever sees it devours it<br>While it is still in his hand.<sup>-c</sup><br></span> <span class=""segment""><small>(5)</small> In that day, the L<small>ORD</small> of Hosts shall become a crown of beauty and a diadem of glory for the remnant of His people,</span> <span class=""segment""><small>(6)</small> and a spirit of judgment for him who sits in judgment and of valor for those who repel attacks at the gate.<br></span> <span class=""segment""><small>(7)</small> But these are also muddled by wine<br>And dazed by liquor:<br>Priest and prophet<br>Are muddled by liquor;<br>They are confused by wine,<br>They are dazed by liquor;<br>They are muddled in their visions,<br>They stumble in judgment.</span> <span class=""segment""><small>(8)</small> Yea, all tables are covered<br>With vomit and filth,<br>So that no space is left.<br></span> <span class=""segment""><small>(9)</small> “To whom would he give instruction?<br>To whom expound a message?<br>To those newly weaned from milk,<br>Just taken away from the breast?</span> <span class=""segment""><small>(10)</small> That same mutter upon mutter,<br>Murmur upon murmur,<br>Now here, now there!”<br></span> <span class=""segment""><small>(11)</small> Truly, as one who speaks to that people in a stammering jargon and an alien tongue</span> <span class=""segment""><small>(12)</small> is he who declares to them, “This is the resting place, let the weary rest; this is the place of re<br>pose.” They refuse to listen.</span> <span class=""segment""><small>(13)</small> To them the word of the L<small>ORD</small> is:<br><br>“Mutter upon mutter,<br>Murmur upon murmur,<br>Now here, now there.”<br>And so they will march,<br>But they shall fall backward,<br>And be injured and snared and captured.<br></span> <span class=""segment""><small>(14)</small> Hear now the word of the L<small>ORD</small>,<br>You men of mockery,<br>Who govern that people<sup>-g</sup><br>In Jerusalem!</span> <span class=""segment""><small>(15)</small> For you have said,<br>“We have made a covenant with Death,<br>Concluded a pact with Sheol.<br>When the sweeping flood passes through,<br>It shall not reach us;<br>For we have made falsehood our refuge,<br>Taken shelter in treachery.”</span> <span class=""segment""><small>(16)</small> Assuredly,<br>Thus said the Lord G<small>OD</small>:<br>“Behold, I will found in Zion,<br>Stone by stone,<br>A tower of precious cornerstones,<sup>-h</sup><br>Exceedingly firm;<br>He who trusts need not fear.</span> <span class=""segment""><small>(17)</small> But I will apply judgment as a measuring line<br>And retribution as weights;<br>Hail shall sweep away the refuge of falsehood,<br>And flood-waters engulf your shelter.</span> <span class=""segment""><small>(18)</small> Your covenant with Death shall be annulled,<br>Your pact with Sheol shall not endure;<br>When the sweeping flood passes through,<br>You shall be its victims.</span> <span class=""segment""><small>(19)</small> It shall catch you<br>Every time it passes through;<br>It shall pass through every morning,<br>Every day and every night.<br>And it shall be sheer horror<br>To grasp the message.”<br></span> <span class=""segment""><small>(20)</small> The couch is too short for stretching out,<br>And the cover too narrow for curling up!<br></span> <span class=""segment""><small>(21)</small> For the L<small>ORD</small> will arise<br>As on the hill of Perazim,<br>He will rouse Himself<br>As in the vale of Gibeon,<br>To do His work—<br>Strange is His work!<br>And to perform His task—<br>Astounding is His task!</span> <span class=""segment""><small>(22)</small> Therefore, refrain from mockery,<br>Lest your bonds be tightened.<br>For I have heard a decree of destruction<br>From my Lord G<small>OD</small> of Hosts<br>Against all the land.<br></span> <span class=""segment""><small>(23)</small> Give diligent ear to my words,<br>Attend carefully to what I say.</span> <span class=""segment""><small>(24)</small> Does he who plows to sow<br>Plow all the time,<br>Breaking up and furrowing his land?</span> <span class=""segment""><small>(25)</small> When he has smoothed its surface,<br>Does he not rather broadcast black cumin<br>And scatter cumin,<br>Or set wheat in a row,<br>Barley in a strip,<br>And emmer in a patch?</span> <span class=""segment""><small>(26)</small> For He teaches him the right manner,<br>His God instructs him.</span> <span class=""segment""><small>(27)</small> So, too, black cumin is not threshed with a threshing board,<br>Nor is the wheel of a threshing sledge rolled over cumin;<br>But black cumin is beaten out with a stick<br>And cumin with a rod.</span> <span class=""segment""><small>(28)</small> It is cereal that is crushed.<br>For even if<sup>-n</sup> he threshes it thoroughly,<br>And the wheel of his sledge and his horses overwhelm it,<sup>-h</sup><br>He does not crush it.</span> <span class=""segment""><small>(29)</small> That, too, is ordered by the L<small>ORD</small> of Hosts;<br>His counsel is unfathomable,<br>His wisdom marvelous.</span> <span class=""segment""><small>(1)</small> “Ah, Ariel, Ariel,<br>City where David camped!<br>Add year to year,<br>Let festivals come in their cycles!</span> <span class=""segment""><small>(2)</small> And I will harass Ariel,<br>And there shall be sorrow and sighing.<br>She shall be to Me like Ariel.<sup>-b</sup></span> <span class=""segment""><small>(3)</small> And I will camp against you round about;<sup>-c</sup><br>I will lay siege to you with a mound,<sup>-b</sup><br>And I will set up siegeworks against you.</span> <span class=""segment""><small>(4)</small> And you shall speak from lower than the ground,<br>Your speech shall be humbler than the sod;<br>Your speech shall sound like a ghost’s from the ground,<br>Your voice shall chirp from the sod.</span> <span class=""segment""><small>(5)</small> And like fine dust shall be<br>The multitude of your strangers;<sup>-d</sup><br>And like flying chaff,<br>The multitude of tyrants.”<br><br>And suddenly, in an instant,</span> <span class=""segment""><small>(6)</small> She shall be remembered of the L<small>ORD</small> of Hosts<br>With roaring, and shaking, and deafening noise,<br>Storm, and tempest, and blaze of consuming fire.</span> <span class=""segment""><small>(7)</small> Then, like a dream, a vision of the night,<br>Shall be the multitude of nations<br>That war upon Ariel,<br>And all her besiegers, and the siegeworks against her,<br>And those who harass her.</span> <span class=""segment""><small>(8)</small> Like one who is hungry<br>And dreams he is eating,<br>But wakes to find himself empty;<br>And like one who is thirsty<br>And dreams he is drinking,<br>But wakes to find himself faint<br>And utterly parched—<br>So shall be all the multitude of nations<br>That war upon Mount Zion.<br></span> <span class=""segment""><small>(9)</small> Act stupid and be stupefied!<br>Act blind and be blinded!<br>(They are drunk, but not from wine,<br>They stagger, but not from liquor.)</span> <span class=""segment""><small>(10)</small> For the L<small>ORD</small> has spread over you<br>A spirit of deep sleep,<br>And has shut your eyes, the prophets,<br>And covered your heads, the seers;</span> <span class=""segment""><small>(11)</small> So that all prophecy has been to you<br>Like the words of a sealed document.<br><br>If it is handed to one who can read and he is asked to read it, he will say, “I can’t, because it is sealed”;</span> <span class=""segment""><small>(12)</small> and if the document is handed to one who cannot read and he is asked to read it, he will say, “I can’t read.”<br></span> <span class=""segment""><small>(13)</small> My Lord said:<br>Because that people has approached [Me] with its mouth<br>And honored Me with its lips,<br>But has kept its heart far from Me,<br>And its worship of Me has been<br>A commandment of men, learned by rote—</span> <span class=""segment""><small>(14)</small> Truly, I shall further baffle that people<br>With bafflement upon bafflement;<br>And the wisdom of its wise shall fail,<br>And the prudence of its prudent shall vanish.<br></span> <span class=""segment""><small>(15)</small> Ha! Those who would hide their plans<br>Deep from the L<small>ORD</small>!<br>Who do their work in dark places<br>And say, “Who sees us, who takes note of us?”</span> <span class=""segment""><small>(16)</small> How perverse of you!<br>Should the potter be accounted as the clay?<sup>-e</sup><br>Should what is made say of its Maker,<br>“He did not make me,”<br>And what is formed say of Him who formed it,<br>“He did not understand”?<sup>-f</sup></span> <span class=""segment""><small>(17)</small> Surely, in a little while,<br>Lebanon will be transformed into farm land,<br>And farm land accounted as mere brush.</span> <span class=""segment""><small>(18)</small> In that day, the deaf shall hear even written words,<br>And the eyes of the blind shall see<br>Even in darkness and obscurity.</span> <span class=""segment""><small>(19)</small> Then the humble shall have increasing joy through the L<small>ORD</small>,<br>And the neediest of men shall exult<br>In the Holy One of Israel.</span> <span class=""segment""><small>(20)</small> For the tyrant shall be no more,<br>The scoffer shall cease to be;<br>And those diligent for evil shall be wiped out,</span> <span class=""segment""><small>(21)</small> Who cause men to lose their lawsuits,<br>Laying a snare for the arbiter at the gate,<br>And wronging by falsehood<br>Him who was in the right.<br></span> <span class=""segment""><small>(22)</small> Assuredly, thus said the L<small>ORD</small> to the House of Jacob, Who redeemed Abraham:<sup>-g</sup><br><br>No more shall Jacob be shamed,<br>No longer his face grow pale.<br></span> <span class=""segment""><small>(23)</small> For when he—that is, his children—behold what My hands have wrought in his midst, they will hallow My name.<br><br>Men will hallow the Holy One of Jacob<br>And stand in awe of the God of Israel.</span> ",""
"Shemos","חק לישראל - פרשת שמות יום שישי","13","","<p><small>אחר קריאת פרשת השבוע שנים מקרא ואחד תרגום והפטרה, ומזמור ה' מלך גאות לבש או מזמור שיר ליום השבת וה' מלך, יצל''ח דברו משנה והלכה מסדר טהרות שהוא נגד היסוד בחינת היום.</small></p>
","",""
"Shemos","חק לישראל - פרשת שמות יום שישי","14","","<h1><b>משנה</b></h1>","",""
"Shemos","חק לישראל - פרשת שמות יום שישי","15","Mishnah Parah 3","<div>א. שִׁבְעַת יָמִים קֹדֶם לִשְׂרֵפַת הַפָּרָה מַפְרִישִׁין כֹּהֵן הַשּׂוֹרֵף אֶת הַפָּרָה מִבֵּיתוֹ לַלִּשְׁכָּה שֶׁעַל פְּנֵי הַבִּירָה, צָפוֹנָה מִזְרָחָה, וּבֵית אֶבֶן הָיְתָה נִקְרֵאת, וּמַזִּין עָלָיו כָּל שִׁבְעַת הַיָּמִים מִכָּל חַטָּאוֹת שֶׁהָיוּ שָׁם. רַבִּי יוֹסֵי אוֹמֵר, לֹא הָיוּ מַזִּין עָלָיו אֶלָּא בַשְּׁלִישִׁי וּבַשְּׁבִיעִי בִּלְבָד. רַבִּי חֲנִינָא סְגָן הַכֹּהֲנִים אוֹמֵר, עַל הַכֹּהֵן הַשּׂוֹרֵף אֶת הַפָּרָה, מַזִּין כָּל שִׁבְעַת הַיָּמִים. וְעַל שֶׁל יוֹם הַכִּפּוּרִים, לֹא הָיוּ מַזִּין עָלָיו אֶלָּא בַשְּׁלִישִׁי וּבַשְּׁבִיעִי בִּלְבָד: 
</div><div>ב. חֲצֵרוֹת הָיוּ בִירוּשָׁלַיִם בְּנוּיוֹת עַל גַּבֵּי סֶלַע וְתַחְתֵּיהֶם חָלוּל, מִפְּנֵי קֶבֶר הַתְּהוֹם. וּמְבִיאִים נָשִׁים עֻבָּרוֹת וְיוֹלְדוֹת שָׁם וּמְגַדְּלוֹת שָׁם אֶת בְּנֵיהֶן. וּמְבִיאִים שְׁוָרִים וְעַל גַּבֵּיהֶן דְּלָתוֹת, וְתִינוֹקוֹת יוֹשְׁבִין עַל גַּבֵּיהֶן וְכוֹסוֹת שֶׁל אֶבֶן בְּיָדָם. הִגִּיעוּ לַשִּׁלּוֹחַ, יָרְדוּ וּמִלְאוּם, וְעָלוּ וְיָשְׁבוּ עַל גַּבֵּיהֶן. רַבִּי יוֹסֵי אוֹמֵר, מִמְּקוֹמוֹ הָיָה מְשַׁלְשֵׁל וּמְמַלֵּא: 
</div><div>ג. בָּאוּ לְהַר הַבַּיִת וְיָרְדוּ. הַר הַבַּיִת וְהָעֲזָרוֹת, תַּחְתֵּיהֶם חָלוּל, מִפְּנֵי קֶבֶר הַתְּהוֹם. וּבְפֶתַח הָעֲזָרָה הָיָה מְתֻקָּן קָלָל שֶׁל חַטָּאת, וּמְבִיאִין זָכָר שֶׁל רְחֵלִים וְקוֹשְׁרִים חֶבֶל בֵּין קַרְנָיו, וְקוֹשְׁרִים מַקֵּל וּמְסַבֵּךְ בְּרֹאשׁוֹ שֶׁל חֶבֶל, וְזוֹרְקוֹ לְתוֹךְ הַקָּלָל, וּמַכֶּה אֶת הַזָּכָר וְנִרְתָּע לַאֲחוֹרָיו, וְנוֹטֵל וּמְקַדֵּשׁ, כְּדֵי שֶׁיֵּרָאֶה עַל פְּנֵי הַמָּיִם. רַבִּי יוֹסֵי אוֹמֵר, אַל תִּתְּנוּ מָקוֹם לַצְּדוֹקִים לִרְדּוֹת, אֶלָּא הוּא נוֹטֵל וּמְקַדֵּשׁ: 
</div><div>ד. לֹא הָיוּ עוֹשִׂין, לֹא חַטָּאת עַל גַּבֵּי חַטָּאת, וְלֹא תִינוֹק עַל גַּבֵּי חֲבֵרוֹ. וּצְרִיכִין הָיוּ הַתִּינוֹקוֹת לְהַזּוֹת, דִּבְרֵי רַבִּי יוֹסֵי הַגְּלִילִי. רַבִּי עֲקִיבָא אוֹמֵר, לֹא הָיוּ צְרִיכִין לְהַזּוֹת: 
</div><div>ה. לֹא מָצְאוּ מִשֶּׁבַע, עוֹשִׂין מִשֵּׁשׁ, מֵחָמֵשׁ, מֵאַרְבַּע, מִשָּׁלשׁ, מִשְּׁתַּיִם וּמֵאֶחָת. וּמִי עֲשָׂאָם. הָרִאשׁוֹנָה עָשָׂה משֶׁה, וְהַשְּׁנִיָּה עָשָׂה עֶזְרָא, וְחָמֵשׁ, מֵעֶזְרָא וָאֵילָךְ, דִּבְרֵי רַבִּי מֵאִיר. וַחֲכָמִים אוֹמְרִים, שֶׁבַע מֵעֶזְרָא וָאֵילָךְ. וּמִי עֲשָׂאָן. שִׁמְעוֹן הַצַּדִּיק וְיוֹחָנָן כֹּהֵן גָּדוֹל עָשׂוּ שְׁתַּיִם שְׁתַּיִם, אֶלְיְהוֹעֵינַי בֶּן הַקּוֹף וַחֲנַמְאֵל הַמִּצְרִי וְיִשְׁמָעֵאל בֶּן פִּיאָבִי עָשׂוּ אַחַת אֶחָת: 
</div><div>ו. וְכֶבֶשׁ הָיוּ עוֹשִׂים מֵהַר הַבַּיִת לְהַר הַמִּשְׁחָה, כִּפִּין עַל גַּבֵּי כִפִּין, וְכִפָּה כְנֶגֶד הָאֹטֶם, מִפְּנֵי קֶבֶר הַתְּהוֹם, שֶׁבּוֹ כֹהֵן הַשּׂוֹרֵף אֶת הַפָּרָה, וּפָרָה וְכָל מְסַעֲדֶיהָ, יוֹצְאִין לְהַר הַמִּשְׁחָה: 
</div><div>ז. לֹא הָיְתָה פָרָה רוֹצָה לָצֵאת, אֵין מוֹצִיאִין עִמָּהּ שְׁחוֹרָה, שֶׁלֹּא יֹאמְרוּ, שְׁחוֹרָה שָׁחֲטוּ. וְלֹא אֲדֻמָּה, שֶׁלֹּא יֹאמְרוּ, שְׁתַּיִם שָׁחֲטוּ. רַבִּי יוֹסֵי אוֹמֵר, לֹא מִשּׁוּם זֶה, אֶלָּא מִשּׁוּם שֶׁנֶּאֱמַר (במדבר יט), וְהוֹצִיא אֹתָהּ, לְבַדָּהּ. וְזִקְנֵי יִשְׂרָאֵל הָיוּ מַקְדִּימִים בְּרַגְלֵיהֶם לְהַר הַמִּשְׁחָה, וּבֵית טְבִילָה הָיָה שָׁם. וּמְטַמְּאִים הָיוּ אֶת הַכֹּהֵן הַשּׂוֹרֵף אֶת הַפָּרָה, מִפְּנֵי הַצְּדוֹקִים, שֶׁלֹּא יִהְיוּ אוֹמְרִים, בִּמְעֹרְבֵי שֶׁמֶשׁ הָיְתָה נַעֲשֵׂית: 
</div><div>ח. סָמְכוּ יְדֵיהֶם עָלָיו וְאָמְרוּ לוֹ, אִישִׁי כֹּהֵן גָּדוֹל, טְבֹל אֶחָת. יָרַד וְטָבַל וְעָלָה וְנִסְתַּפֵּג. וְעֵצִים הָיוּ מְסֻדָּרִים שָׁם, עֲצֵי אֲרָזִים וָאֳרָנִים וּבְרוֹשִׁים וַעֲצֵי תְאֵנָה חֲלָקָה. וְעוֹשִׂין אוֹתָהּ כְּמִין מִגְדָּל, וּמְפַתְּחִין בָּהּ חַלּוֹנוֹת, וַחֲזִיתָהּ מַעֲרָבָה: 
</div><div>ט. כְּפָתוּהָ בְחֶבֶל שֶׁל מֶגֶג וּנְתָנוּהָ עַל גַּב הַמַּעֲרָכָה, רֹאשָׁהּ בַּדָּרוֹם וּפָנֶיהָ לַמַּעֲרָב. הַכֹּהֵן עוֹמֵד בַּמִּזְרָח וּפָנָיו לַמַּעֲרָב. שָׁחַט בִּימִינוֹ וְקִבֵּל בִּשְׂמֹאלוֹ. רַבִּי יְהוּדָה אוֹמֵר, בִּימִינוֹ הָיָה מְקַבֵּל וְנוֹתֵן לִשְׂמֹאלוֹ, וּמַזֶּה בִימִינוֹ. טָבַל וְהִזָּה שֶׁבַע פְּעָמִים כְּנֶגֶד בֵּית קֹדֶשׁ הַקֳּדָשִׁים. עַל כָּל הַזָּיָה, טְבִילָה. גָּמַר מִלְּהַזּוֹת, קִנַּח אֶת יָדוֹ בְּגוּפָהּ שֶׁל פָּרָה. יָרַד וְהִצִּית אֶת הָאֵשׁ בַּאֲלִיתוֹת. רַבִּי עֲקִיבָא אוֹמֵר, בַּחֲרִיּוֹת: 
</div><div>י. נִבְקְעָה, וְעָמַד חוּץ מִגִּתָּהּ. נָטַל עֵץ אֶרֶז וְאֵזוֹב וּשְׁנִי תוֹלַעַת. אָמַר לָהֶן, עֵץ אֶרֶז זֶה, עֵץ אֶרֶז זֶה. אֵזוֹב זֶה, אֵזוֹב זֶה. שְׁנִי תוֹלַעַת זֶה, שְׁנִי תוֹלַעַת זֶה. שָׁלשׁ פְּעָמִים עַל כָּל דָּבָר וְדָבָר. וְהֵם אוֹמְרִים לוֹ, הֵין וְהֵין, שָׁלשׁ פְּעָמִים עַל כָּל דָּבָר וְדָבָר: 
</div><div>יא. כְּרָכָן בִּשְׁיָרֵי הַלָּשׁוֹן וְהִשְׁלִיךְ לְתוֹךְ שְׂרֵפָתָהּ. נִשְׂרְפָה, חוֹבְטִין אוֹתָהּ בְּמַקְלוֹת, וְכוֹבְרִין אוֹתָהּ בִּכְבָרוֹת. רַבִּי יִשְׁמָעֵאל אוֹמֵר, בְּמַקָּבוֹת שֶׁל אֶבֶן וּבִכְבָרוֹת שֶׁל אֶבֶן הָיְתָה נַעֲשֵׂית. שָׁחוֹר שֶׁיֶּשׁ בּוֹ אֵפֶר, כּוֹתְשִׁין אוֹתוֹ. וְשֶׁאֵין בּוֹ, מַנִּיחִין אוֹתוֹ. הָעֶצֶם, בֵּין כָּךְ וּבֵין כָּךְ הָיָה נִכְתָּשׁ. וְחוֹלְקִים אוֹתוֹ לִשְׁלשָׁה חֲלָקִים, אֶחָד נִתָּן בַּחֵיל, וְאֶחָד נִתָּן בְּהַר הַמִּשְׁחָה, וְאֶחָד הָיָה מִתְחַלֵּק לְכָל הַמִּשְׁמָרוֹת: 
</div>","<div>1. Seven days before the burning of the [red] cow they would separate the priest who was to burn the cow from his house to a chamber that was facing the north-eastern corner of the birah, and which was called the Stone Chamber. They would sprinkle upon him throughout the seven days with [a mixture of] all the sin-offerings that were there. Rabbi Yose said: they sprinkled upon him only on the third and the seventh days. Rabbi Hanina the vice-chief of the priests said: on the priest that was to burn the cow they sprinkled all the seven days, but on the one that was to perform the service on Yom Kippur they sprinkled on the third and the seventh days only.</div><div>2. Courtyards were built in Jerusalem over rock, and beneath them there was a hollow which served as a protection against a grave in the depths. And they used to bring there pregnant women, and there they gave birth to their children and there they raised them. And they brought oxen, upon whose backs were placed doors, and the children sat upon them with stone cups in their hands. When they reached the Shiloah spring they got down and filled the cups with water and then they ascended and sat again on the doors. Rabbi Yose said: each child used to let down his cup and fill it from his place.</div><div>3. They arrived at the Temple Mount and got down. Beneath the Temple Mount and the courts was a hollow which served as a protection against a grave in the depths. And at the entrance of the courtyard there was the jar of the ashes of the sin-offerings. They would bring a male from among the sheep and tie a rope between its horns, and a stick or a bushy twig was tied at the other end of the rope, and this was thrown into the jar. They then struck the male [sheep] was so that it started backwards. And [a child] took the ashes and put it [enough] so that it could be seen upon the water. Rabbi Yose said: do not give the Sadducees an opportunity to rule! Rather, [a child] himself took it and mixed it.</div><div>4. One may not bring a sin-offering by virtue of [the purifications made for] another sin-offering, nor one child by virtue of [the preparations made for] another. The children had to be sprinkle on each other, the words of Rabbi Yose the Galilean. Rabbi Akiva says: they did not need to sprinkle.</div><div>5. If they did not find the residue of the ashes of the seven [red cows] they performed the sprinkling with those of six, of five, of four, of three, of two or of one. And who prepared these? Moses prepared the first, Ezra prepared the second, and five were prepared from the time of Ezra, the words of Rabbi Meir. But the sages say: seven from the time of Ezra. And who prepared them? Shimon the Just and Yohanan the high priest prepared two; Elihoenai the son of Ha-Kof and Hanamel the Egyptian and Ishmael the son of Piabi prepared one each.</div><div>6. They made a ramp from the Temple Mount to the Mount of Olives, being constructed of arches above arches, each arch placed directly above each foundation [of the arch below] as a protection against a grave in the depths, whereby the priest who was to burn the cow, the cow itself and all who aided in its preparation went forth to the Mount of olives.</div><div>7. If the cow refused to go out, they may not take out with it a black one lest people say, ""They slaughtered a black cow"" nor another red [cow] lest people say, ""They slaughtered two."" Rabbi Yose says: it was not for this reason but because it is said ""And he shall bring her out"" by herself. The elders of Israel used to go first by foot to the Mount of Olives, where there was a place of immersion. The priest that was to burn the cow was (deliberately) made unclean on account of the Sadducees so that they should not be able to say, ""It can be done only by those on whom the sun has set.""</div><div>8. They laid their hands upon him and said, ""My Lord the high priest, perform immersion once."" He went down and immersed himself and came up and dried himself. Different kinds of wood were set in order there: cedar wood, pine, spruce and the wood of smooth fig trees. They made it in the shape of a tower and opened air holes in it; and its foreside was turned towards the west.</div><div>9. They bound it with a rope of reed and placed it on the pile with its head towards the south and its face towards the west. The priest stood in the east with his face towards the west. He slaughtered with his right hand and received the blood with his left. Rabbi Judah said: he received the blood with his right hand and put it in his left hand. He sprinkled with his right. Seven times he dipped his finger in the blood and sprinkled it towards the Holy of Holies, dipping once again for each sprinkling. When he finished the sprinkling he wiped his hand on the body of the cow, came down and kindled the fire with wood chips. Rabbi Akiva said: with dry branches of palm-trees.</div><div>10. It burst and he stood outside its pit and he took the cedar wood, hyssop and scarlet wool. He said to them, ""Is this cedarwood? Is this cedarwood?"" ""Is this hyssop? Is this hyssop?"" ""Is this scarlet wool? Is this scarlet wool?"" Three times he repeated each question and they answered him ""Yes, yes"" three times to each question.</div><div>11. He then wrapped them together with the remains of the strip of wool and cast them into the fire. When it was burnt up they would beat it with sticks and then sift it with sieves. Rabbi Ishmael says: this was done with stone hammers and stone sieves. If there was a black coal on which there were some ashes they would crush it but if there were no [ashes] they would leave it. A bone was crushed in either case. It was then divided into three parts: one part was deposited on the hel, one on the Mount of Olives, and one was divided among the priestly watches.</div>",""
"Shemos","חק לישראל - פרשת שמות יום שישי","16","","<h1><b>גמרא</b></h1>","",""
"Shemos","חק לישראל - פרשת שמות יום שישי","17","Niddah 15b:4-7","אָמַר רַב שְׁמוּאֵל מִשְּׁמֵיהּ דְרִבִּי יוֹחָנָן אִשָּׁה שֶׁיֵּשׁ לָה וֶסֶת בַּעְלָהּ מְחַשֵּׁב יְמֵי וֶסְתָּהּ וּבָא עָלֶיהָ. אָמַר לֵיהּ רַב שְׁמוּאֵל בַּר יֵיבָא לְרִבִּי אַבָּא. אָמַר רִבִּי יוֹחָנָן אֲפִלּוּ יַלְדָה דִבְזִיזָא לְמִטְבַּל אָמַר לֵיהּ אֲטוּ וַדַּאי רָאֲתָה מִי אָמַר רִבִּי יוֹחָנָן אִימוּר דְאָמַר רִבִּי יוֹחָנָן סָפֵק רָאֲתָה סָפֵק לֹא רָאֲתָה וְאִם תִּמְצָא לוֹמַר רָאֲתָה אִימָא טָבְלָה אֲבָל וַדַּאי רָאֲתָה מִי יֵימַר דְּטָבְלָה הֲוָה לֵיהּ סָפֵק וּוַדַּאי וְאֵין סָפֵק מוֹצִיא מִידֵי וַדָּאי:","<div><b>Rav Shmuel says in the name of Rabbi Yoḥanan:</b> With regard to <b>a woman who has</b> a fixed menstrual <b>cycle,</b> and her husband was away for seven days after the expected onset of her period, at which point he returned home, <b>her husband calculates the days of her cycle; and</b> if in the elapsed time it was possible for her to immerse and purify herself, he can presume that she did so, and <b>he may engage in intercourse with her</b> even without asking her whether she is pure.</div><div><b>Rav Shmuel bar Yeiva said to Rabbi Abba:</b> Did <b>Rabbi Yoḥanan state</b> this ruling <b>even</b> with regard to <b>a young girl, who is embarrassed to</b> go and <b>immerse</b> herself, in which case one can claim that if her husband was away she would not have gone to the ritual bath?</div><div>Rabbi Abba <b>said to</b> Rav Shmuel bar Yeiva: <b>Is that to say</b> that Rabbi Yoḥanan applied this <i>halakha</i> to all cases? <b>Did Rabbi Yoḥanan say</b> that a woman who <b>definitely saw</b> blood is also permitted to her husband? You can <b>say that Rabbi Yoḥanan said</b> his ruling with regard to a case where <b>it is uncertain</b> whether the woman <b>saw</b> blood and <b>it is uncertain</b> whether <b>she did not see</b> blood, <b>and</b> therefore her husband may engage in intercourse with her, as one can reason as follows: <b>If you say</b> that <b>she saw</b> blood, one can still <b>say</b> that perhaps <b>she immersed.</b></div><div><b>But</b> if <b>she definitely saw</b> blood, it is not permitted for the husband to engage in intercourse with her. The reason is: <b>Who is to say that she immersed? It is</b> a conflict between <b>an uncertainty</b> as to whether or not she immersed, <b>and a certainty</b> that she saw blood, <b>and</b> there is a principle that <b>an uncertainty does not override a certainty.</b> In the case of a young girl, since it is uncertain whether she saw blood, and it is uncertain whether she immersed, she is permitted to her husband.</div>",""
"Shemos","חק לישראל - פרשת שמות יום שישי","18","","<h1><b>זוהר</b></h1>","",""
"Shemos","חק לישראל - פרשת שמות יום שישי","19","Zohar, Yitro 27","רִבִּי שִׁמְעוֹן אָמַר הָאי מָאן דְּאַשְׁלִים תְּלַת סְעוּדָתֵי בְּשַׁבְּתָא קָלָא נָפִיק וּמַכְרְזָא עֲלֵיהּ (ישעיה נ''ח) אָז תִּתְעַנַּג עַל יְיָ דָּא סְעוּדָתָא חֲדָא לָקֳבֵל (ויקרא רפ''ח ב') עַתִּיקָא קַדִּישָׁא דְכָל קַדִּישִׁין. וְהִרְכַּבְתִּיךָ עַל בָּמֳתֵי אָרֶץ דָּא סְעוּדָתָא תִנְיָינָא לָקֳבֵל חַקְלָא דְתַפּוּחִין קַדִּישִׁין. וְהַאֲכַלְתִּיךָ נַחֲלַת יַעֲקֹב אָבִיךָ דָּא הוּא שְׁלִימוּ דְאִשְׁתְּלִים בִּזְעֵיר אַנְפִּין וּלְקָבְלַיְיהוּ בָעֵי לְאַשְׁלָמָא סְעוּדָתֵיה וּבָעֵי לְאִתְעַנְּגָא בְכֻלְּהוּ סְעוּדָתֵי וּלְמֵחֱדֵי בְכָל חָד וְחָד מִנַּיְיהוּ מִשּׁוּם דְּאִיהוּ מְהֵימְנוּתָא שְׁלֵימָתָא וּבְגִין כָּךְ שַׁבְּתָא אִתְיְיקַר מִכָּל שְׁאַר זִמְנִין וְחַגִּין מִשּׁוּם דְּכֹלָּא בֵיהּ אִשְׁתְּכַח וְלָא אִשְׁתְּכַח הֲכִי בְּכֻלְּהוּ זְמַנֵּי וְחַגֵּי. אָמַר רִבִּי חִיָּיא בְּגִין כָּךְ מִשּׁוּם דְּיִשְׁתְּכַח כֹּלָא בֵּיהּ אִדְכַּר תְּלַת זִמְנִין דִּכְתִיב (בראשית ב') וַיְכַל אֱלֹהִים בַּיּוֹם הַשְּׁבִיעִי. וַיִשְׁבֹת בַּיּוֹם הַשְּׁבִיעִי. וַיְבָרֶךְ אֱלֹהִים אֶת יוֹם הַשְּׁבִיעִי:","",""
"Shemos","חק לישראל - פרשת שמות יום שישי","20","","רַבִּי שִׁמְעוֹן אָמַר. מִי שֶׁהִשְׁלִים שָׁלֹשׁ סְעֻדּוֹת בַּשַּׁבָּת, קוֹל יוֹצֵא וּמַכְרִיז עָלָיו, אָז תִּתְעַנַּג עַל ה', זֶהוּ סְעֻדָּה אַחַת כְּנֶגֶד עַתִּיקָא קַדִּישָׁא דְּכָל קַדִּישִׁין. וְהִרְכַּבְתִּיךְ עַל בָּמָתֵי אָרֶץ, זֶהוּ סְעֻדָּה שְׁנִיָּה, כְּנֶגֶד שְׂדֵה תַּפּוּחִים הַקְּדוֹשִׁים, שֶׁהוּא הַמַּלְכוּת. וְהַאֲכַלְתִּיךְ נַחֲלַת יַעֲקֹב אָבִיךְ, זֶהוּ הַשְּׁלֵמוּת שֶׁנִּשְׁלָם בִּזְעֵיר אַנְפִּין. בִּסְעֻדָּה שְׁלִישִׁית. וּכְנֶגְדָם צָרִיךְ לְהַשְׁלִים סְעֻדּוֹתָיו, וְצָרִיךְ לְהִתְעַנֵּג בְּכָל הַסְּעֻדּוֹת, וְלִשְׂמֹחַ בְּכָל אַחַת וְאַחַת מֵהֶן, מִשּׁוּם שֶׁהִיא אֱמוּנָה שְׁלֵמָה. וּמִשּׁוּם זֶה חָשׁוּב הַשַּׁבָּת יוֹתֵר מִכָּל שְׁאָר הַזְּמַנִּים וְהַחֲגִים, מִשּׁוּם שֶׁהַכֹּל נִמְצָא בּוֹ, וְלֹא נִמְצָא כֵּן בְּכָל הַזְּמַנִּים וְהַחַגִּים. אָמַר רַבִּי חִיָּא מִשּׁוּם כָּךְ, מִשּׁוּם שֶׁנִּמְצָא הַכֹּל בּוֹ, נִזְכָּר שָׁלֹשׁ פְּעָמִים, שֶׁכָּתוּב, וַיְּכַל אֱלֹקִים בַּיּוֹם הַשְּׁבִיעִי, וַיִּשְׁבּוֹת בַּיּוֹם הַשְּׁבִיעִי, וַיְּבָרֶךְ אֱלֹקִים אֶת יוֹם הַשְּׁבִיעִי. וַיְבָרֶךְ אֱלֹהִים אֶת יוֹם הַשְּׁבִיעִי:","",""
"Shemos","חק לישראל - פרשת שמות יום שישי","21","","<h1><b>הלכה פסוקה</b></h1>","",""
"Shemos","חק לישראל - פרשת שמות יום שישי","22","Mishneh Torah, Sabbath 5:11-12","<div><b>א. </b>מֻתָּר לְהַדְלִיק לְכַתְּחִלָּה בִּשְׁאָר שְׁמָנִים כְּגוֹן שֶׁמֶן צְנוֹן וְשׂוּמְשְׂמִין וְלֶפֶת וְכָל כַּיּוֹצֵא בָּהֵן. אֵין אָסוּר אֶלָּא אֵלּוּ שֶׁמָּנוּ חֲכָמִים בִּלְבָד:</div><div><b>ב. </b>לֹא יִתֵּן אָדָם כְּלִי מְנוּקָב מָלֵא שֶׁמֶן עַל פִּי הַנֵּר בִּשְׁבִיל שֶׁיְּהֵא מְנַטֵּף וְלֹא יְמַלֵּא קְעָרָה שֶׁמֶן וְיִתְּנֶנָּה בְּצַד הַנֵר וְיִתֵּן רֹאשׁ הַפְּתִילָה לְתוֹכָהּ בִּשְׁבִיל שֶׁתְּהֵא שׁוֹאֶבֶת גְּזֵירָה שֶׁמָּא יִקַּח מִן הַשֶּׁמֶן שֶׁבַכְּלִי שֶׁהֲרֵי לֹא נִמְאַס בַּנֵּר וְאָסוּר לֵיהָנוֹת בְּשַׁבָּת מִן הַשֶּׁמֶן שֶׁהֻדְלַק בּוֹ וַאֲפִלּוּ כָּבְתָה הַנֵּר וַאֲפִלּוּ נָטַף מִן הַנֵּר מִפְּנֵי שֶׁהוּא מוּקְצֶה מַחֲמַת אִסּוּר. וְאִם חִבֶּר הַכְּלִי שֶׁיֵּשׁ בּוֹ הַשֶּׁמֶן אֶל הַנֵּר בְּסִיד וּבְחַרְסִית וְכַיּוֹצֵא בָּהֵן מֻתָּר:</div>","<div>It is permissible from the outset to light with other oils, such as radish oil, sesame [oil], turnip oil and all that are similar to them. There is no prohibition except only [with] those that the Sages enumerated.</div><div>One may not put a perforated vessel full of oil above the opening of a lamp so that [the oil] drip. Nor may he fill a dish with oil and put it next to the lamp and place the head of the wick in it so that it draw [from the oil. It is] a decree lest he take form the oil in the vessel, since it is surely not made disgusting by the lamp (as it would if the oil was sitting below the flame in a lamp). And it is forbidden to benefit from the oil that was lit on Shabbat and even if the lamp was extinguished, and even if [the oil] dripped out; since it is designated (<i>muktseh</i>) on account of the prohibition. But if he connects the vessel that has the oil in it to the lamp, with lime, clay or that which is similar to them, it is permissible.</div>",""
"Shemos","חק לישראל - פרשת שמות יום שישי","23","","<h1><b>מוסר</b></h1>","",""
"Shemos","חק לישראל - פרשת שמות יום שישי","24","","<div><strong><span style=""color: #999999;"">ספר חרדים דף ע""ב ע""ב</span></strong></div><div>כְּתִיב (משלי כ''ב) חָזִּיתָ אִישׁ מָהִיר בִּמְלַאכְתּוֹ כְּלוֹמַר בְּלֹא רוֹב מַחֲשָׁבוֹת לָעוֹלָם הַזֶּה אֶלָּא מְקַצֵר וְעוֹלֶה וּמַשָּׂאוֹ שֶׁל עוֹלָם יַנִּיחַ לְהַקָּדוֹשׁ בָּרוּךְ הוּא וְהוּא יִשָּׂא מַשָּׂאוֹ יִתְבָּרָךְ וְהַיְינוּ (תהלים נ''ה) הַשְׁלֵךְ עַל ה' יְהָבְךָ יְהָבְךָ מִיעוּט וְלֹא יְהָבוֹ אֶלָּא תִשָּׂא יְהָבוֹ וְהוּא כִּבְיָכוֹל יְכַלְכְּלֶךָ וְהַיְינוּ (שם קי''ט) אַשְׁרֵי תְמִימֵי דָרֶךְ שֶׁאֵינָם מַרְבִּים מַחֲשָׁבוֹת בְּעִנְיָינֵי הָעוֹלָם שֶׁגּוֹרֵם בִּטּוּל תּוֹרָה וְהַיְינוּ דִמְסַיֵּים הַהוֹלְכִים בְּתוֹרַת ה' וְהַיְינוּ (שם) סֵעֲפִים שָׂנֵאתִי לְפִי שֶׁתּוֹרָתְךָ אֲהָבְתִּי וְאִם אֶתְמַשֵּׁךְ בְּהִרְהוּרִים וּמַחֲשָׁבוֹת דְהַיְינוּ סֵעֲפִים נִמְצֵאתִי מִתְבַּטֵּל מִתּוֹרָתְךָ שֶׁאָהָבְתִּי. כְּתִיב (שם) מָה אָהַבְתִּי תוֹרָתֶךָ כָּל הַיּוֹם הִיא שִׂיחָתִי לְפִי שֶׁהָאָדָם אוֹהֵב מְאֹד לִשְׁמוֹעַ חִדּוּשִׁים וּדְבָרִים בְּטֵלִים וְזֶה פְּגַם הָאָדָם שִׁבַּח דָּוִד עַצְמוֹ כִּי רַבָּה אַהֲבָתוֹ בְּתוֹרָתוֹ יִתְבָּרַךְ וְהִיא שִׂיחָתוֹ וּבְחִדּוּשִׁים שֶׁלָּהּ הוּא מִתְעַנֵג וּמֵשִׂיחַ לֹא בְשִׂיחוֹת וְחִדוּשֵׁי הָעוֹלָם הַזֶּה. וְעַל יְדֵי כֵן יִכּוֹנוּ מַחְשְׁבוֹתָיו אֲשֶׁר זַרְעוֹ בוֹ לְמִינֵהוּ וְיִזְכֶּה לְזֶרַע קדֶשׁ וְאַשְׁרֵי חֶלְקוֹ:</div>","",""
"Vayechi","חק לישראל - פרשת ויחי יום ראשון","1","","<h1><b>תורה</b></h1>","",""
"Vayechi","חק לישראל - פרשת ויחי יום ראשון","2","","<small>יכוין בקריאת ששה פסוקים אלו שהם כנגד וֵ דמילוי יו''ד דשם ב''ן להשאיר בו הארה מתוספת נשמה משבת שעברה:</small>","",""
"Vayechi","חק לישראל - פרשת ויחי יום ראשון","3","Genesis 47:28-48:2","<div>מז (<small>כח</small>) וַיְחִ֤י יַעֲקֹב֙ בְּאֶ֣רֶץ מִצְרַ֔יִם שְׁבַ֥ע עֶשְׂרֵ֖ה שָׁנָ֑ה וַיְהִ֤י יְמֵֽי־יַעֲקֹב֙ שְׁנֵ֣י חַיָּ֔יו שֶׁ֣בַע שָׁנִ֔ים וְאַרְבָּעִ֥ים וּמְאַ֖ת שָׁנָֽה׃</div><div><small>וַחֲיָא יַעֲקֹב בְּאַרְעָא דְמִצְרַיִם שְׁבַע עֶשְׂרֵי שְׁנִין וַהֲווֹ יוֹמֵי יַעֲקֹב שְׁנֵי חַיּוֹהִי מְאָה וְאַרְבְּעִין וּשְׁבַע שְׁנִין:</small></div><div>(<small>כט</small>) וַיִּקְרְב֣וּ יְמֵֽי־יִשְׂרָאֵל֮ לָמוּת֒ וַיִּקְרָ֣א <b>׀</b> לִבְנ֣וֹ לְיוֹסֵ֗ף וַיֹּ֤אמֶר לוֹ֙ אִם־נָ֨א מָצָ֤אתִי חֵן֙ בְּעֵינֶ֔יךָ שִֽׂים־נָ֥א יָדְךָ֖ תַּ֣חַת יְרֵכִ֑י וְעָשִׂ֤יתָ עִמָּדִי֙ חֶ֣סֶד וֶאֱמֶ֔ת אַל־נָ֥א תִקְבְּרֵ֖נִי בְּמִצְרָֽיִם׃</div><div><small>וּקְרִיבוּ יוֹמֵי יִשְׂרָאֵל לִמְמַת וּקְרָא לִבְרֵיהּ לְיוֹסֵף וַאֲמַר לֵיהּ אִם <b>כְּעַן</b> אַשְׁכָּחִית רַחֲמִין בְּעֵינָיךְ שַׁוִּי כְעַן יְדָךְ תְּחוֹת יַרְכִּי וְתַעְבֵּד עִמִּי <b>טִיבוּ</b> וּקְשׁוֹט לָא <b>כְעַן</b> תִּקְבְּרִנַּנִי בְּמִצְרָיִם:</small></div><div>(<small>ל</small>) וְשָֽׁכַבְתִּי֙ עִם־אֲבֹתַ֔י וּנְשָׂאתַ֙נִי֙ מִמִּצְרַ֔יִם וּקְבַרְתַּ֖נִי בִּקְבֻרָתָ֑ם וַיֹּאמַ֕ר אָנֹכִ֖י אֶֽעֱשֶׂ֥ה כִדְבָרֶֽךָ׃</div><div><small>וְאִשְׁכּוּב עִם אֲבָהָתַי וְתִטְּלִנַּנִי מִמִּצְרַיִם וְתִקְבְּרִנַּנִי בִּקְבֻרְתְּהוֹן וַאֲמַר אֲנָא אֶעְבֵּד כְּפִתְגָּמָךְ:</small></div><div>(<small>לא</small>) וַיֹּ֗אמֶר הִשָּֽׁבְעָה֙ לִ֔י וַיִּשָּׁבַ֖ע ל֑וֹ וַיִּשְׁתַּ֥חוּ יִשְׂרָאֵ֖ל עַל־רֹ֥אשׁ הַמִּטָּֽה׃ <span class=""mam-spi-pe"">{פ}</span> </div><div><small>וַאֲמַר קַיַּם לִי וְקַיִּים לֵיהּ וּסְגִיד יִשְׂרָאֵל עַל רֵישׁ עַרְסָא:</small></div><div>מח (<small>א</small>) וַיְהִ֗י אַחֲרֵי֙ הַדְּבָרִ֣ים הָאֵ֔לֶּה וַיֹּ֣אמֶר לְיוֹסֵ֔ף הִנֵּ֥ה אָבִ֖יךָ חֹלֶ֑ה וַיִּקַּ֞ח אֶת־שְׁנֵ֤י בָנָיו֙ עִמּ֔וֹ אֶת־מְנַשֶּׁ֖ה וְאֶת־אֶפְרָֽיִם׃</div><div><small>וַהֲוָה בָּתַר פִּתְגָּמַיָּא הָאִלֵּין וַאֲמַר לְיוֹסֵף הָא אֲבוּךְ <b>שְׁכִיב</b> מְרָע וּדְבַר יָת תְּרֵין בְּנוֹהִי עִמֵּיהּ יָת מְנַשֶּׁה וְיָת אֶפְרָיִם:</small></div><div>(<small>ב</small>) וַיַּגֵּ֣ד לְיַעֲקֹ֔ב וַיֹּ֕אמֶר הִנֵּ֛ה בִּנְךָ֥ יוֹסֵ֖ף בָּ֣א אֵלֶ֑יךָ וַיִּתְחַזֵּק֙ יִשְׂרָאֵ֔ל וַיֵּ֖שֶׁב עַל־הַמִּטָּֽה׃</div><div><small>וְחַוִּי לְיַעֲקֹב וַאֲמַר הָא בְּרָךְ יוֹסֵף אֲתָא לְוָתָךְ וְאַתְקַף יִשְׂרָאֵל וִיתֵיב עַל עַרְסָא:</small></div>","<div>47 (28) And Ya῾aqov lived in the land of Miżrayim seventeen years: so the whole age of Ya῾aqov was a hundred and forty seven years.</div><div>(29) And the time drew near for Yisra᾽el to die: and he called his son Yosef, and said to him, If now I have found favour in thy sight, put, I pray thee, thy hand under my thigh, and deal kindly and truly with me; bury me not, I pray thee, in Miżrayim:</div><div>(30) but I will lie with my fathers, and thou shalt carry me out of Miżrayim, and bury me in their buryingplace.</div><div>(31) And he said, I will do as thou hast said. And he said, Swear to me. And he swore to him. And Yisra᾽el bowed himself upon the bed’s head.</div><div>48 (1) And it came to pass after these things, that one told Yosef, Behold, thy father is sick: and he took with him his two sons, Menashshe and Efrayim.</div><div>(2) And one told Ya῾aqov, and said, Behold, thy son Yosef comes to thee: and Yisra᾽el strengthened himself, and sat upon the bed.</div>",""
"Vayechi","חק לישראל - פרשת ויחי יום ראשון","4","","<h1><b>נביאים</b></h1>","",""
"Vayechi","חק לישראל - פרשת ויחי יום ראשון","5","I Kings 2:1-6","<div>ב (<small>א</small>) וַיִּקְרְב֥וּ יְמֵֽי־דָוִ֖ד לָמ֑וּת וַיְצַ֛ו אֶת־שְׁלֹמֹ֥ה בְנ֖וֹ לֵאמֹֽר׃</div><div><small>וּקְרִיבוּ יוֹמֵי דָוִד לִמְמָת וּפַקֵיד יַת שְׁלֹמֹה בְּרֵיהּ לְמֵימָר:</small></div><div>(<small>ב</small>) אָנֹכִ֣י הֹלֵ֔ךְ בְּדֶ֖רֶךְ כׇּל־הָאָ֑רֶץ וְחָזַקְתָּ֖ וְהָיִ֥יתָֽ לְאִֽישׁ׃</div><div><small>אֲנָא אָזֵיל בְּאוֹרַח כָּל אַרְעָא וְתִתְקֵיף וּתְהֵא לִגְבַר דָחֵיל חֶטְאִין:</small></div><div>(<small>ג</small>) וְשָׁמַרְתָּ֞ אֶת־מִשְׁמֶ֣רֶת <b>׀</b> יְהֹוָ֣ה אֱלֹהֶ֗יךָ לָלֶ֤כֶת בִּדְרָכָיו֙ לִשְׁמֹ֨ר חֻקֹּתָ֤יו מִצְוֺתָיו֙ וּמִשְׁפָּטָ֣יו וְעֵדְוֺתָ֔יו כַּכָּת֖וּב בְּתוֹרַ֣ת מֹשֶׁ֑ה לְמַ֣עַן תַּשְׂכִּ֗יל אֵ֚ת כׇּל־אֲשֶׁ֣ר תַּעֲשֶׂ֔ה וְאֵ֛ת כׇּל־אֲשֶׁ֥ר תִּפְנֶ֖ה שָֽׁם׃</div><div><small>וְתִטַר יַת מַטְרַת מֵימְרָא דַייָ אֱלָהָךְ לִמְהַךְ בְּאוֹרְחָן דְתַקְנָן קֳדָמוֹהִי לְמִטַר קְיָמוֹהִי פִּקוּדוֹהִי וְדִינוֹהִי וְסַהֲדוּתֵיהּ כְּמָא דִכְתִיב בְּאוֹרַיְתָא דְמֹשֶׁה בְּדִיל דְתַצְלַח יַת כָּל דְתַעְבֵיד וְיַת כָּל אֲתַר דְתִתְפְּנֵי לְתַמָן:</small></div><div>(<small>ד</small>) לְמַ֩עַן֩ יָקִ֨ים יְהֹוָ֜ה אֶת־דְּבָר֗וֹ אֲשֶׁ֨ר דִּבֶּ֣ר עָלַי֮ לֵאמֹר֒ אִם־יִשְׁמְר֨וּ בָנֶ֜יךָ אֶת־דַּרְכָּ֗ם לָלֶ֤כֶת לְפָנַי֙ בֶּאֱמֶ֔ת בְּכׇל־לְבָבָ֖ם וּבְכׇל־נַפְשָׁ֑ם לֵאמֹ֕ר לֹֽא־יִכָּרֵ֤ת לְךָ֙ אִ֔ישׁ מֵעַ֖ל כִּסֵּ֥א יִשְׂרָאֵֽל׃</div><div><small>בְּדִיל דִי יְקַיֵם יְיָ יַת פִּתְגָמוֹהִי דִי מַלֵיל עֲלַי לְמֵימָר אִם יִטְרוּן בְּנָךְ יַת אָרְחֵיהוֹן לִמְהַךְ קֳדָמַי בִּקְשׁוֹט בְּכָל לִבְּהוֹן וּבְכָל נַפְשֵׁיהוֹן לְמֵימַר לָא יִפְּסוֹק לָךְ גְבַר מֵעַל כּוּרְסֵי מַלְכוּתָא דְיִשְׂרָאֵל:</small></div><div>(<small>ה</small>) וְגַ֣ם אַתָּ֣ה יָדַ֡עְתָּ אֵת֩ אֲשֶׁר־עָ֨שָׂה לִ֜י יוֹאָ֣ב בֶּן־צְרוּיָ֗ה אֲשֶׁ֣ר עָשָׂ֣ה לִשְׁנֵֽי־שָׂרֵ֣י צִבְא֣וֹת יִ֠שְׂרָאֵ֠ל לְאַבְנֵ֨ר בֶּן־נֵ֜ר וְלַעֲמָשָׂ֤א בֶן־יֶ֙תֶר֙ וַיַּ֣הַרְגֵ֔ם וַיָּ֥שֶׂם דְּמֵֽי־מִלְחָמָ֖ה בְּשָׁלֹ֑ם וַיִּתֵּ֞ן דְּמֵ֣י מִלְחָמָ֗ה בַּחֲגֹֽרָתוֹ֙ אֲשֶׁ֣ר בְּמׇתְנָ֔יו וּֽבְנַעֲל֖וֹ אֲשֶׁ֥ר בְּרַגְלָֽיו׃</div><div><small>וְאַף אַתְּ יְדַעְתְּ יַת דַעֲבַד לִי יוֹאָב בַּר צְרוּיָה דַעֲבַד לִתְרֵין רַבָּנֵי חֵילְוָתָא דְיִשְׂרָאֵל לְאַבְנֵר בַּר נֵר וְלַעֲמָשָׂא בַר יֶתֶר דְקַטְלִינוּן בְּעָרְמוּתֵיהּ וּדְמֵי דִי יִתְחַשֵׁב לֵיהּ דְמֵיהוֹן עֲלוֹהִי כְּדַם תְבִירֵי קְרָבָא וִיתֵיב לְהוֹן בִּכְמַנַת שְׁלָמָא וַאֲשַׁד דִמְהוֹן בְּאַסְפְּנִיקֵי דִי בְחַרְצֵיהּ וְדַשׁ בְּטָלָרִיתָא דִי בְרִגְלוֹהִי:</small></div><div>(<small>ו</small>) וְעָשִׂ֖יתָ כְּחׇכְמָתֶ֑ךָ וְלֹֽא־תוֹרֵ֧ד שֵׂיבָת֛וֹ בְּשָׁלֹ֖ם שְׁאֹֽל׃</div><div><small>וְתַעְבֵּיד כְּחוּכְמָתָךְ וְלָא תָחֵית שִׂיבָתֵיהּ בִּשְׁלָמָא לִשְׁאוֹל:</small></div>","<div>2 (1) Now the days of David drew near that he should die; and he charged Shelomo his son, saying,</div><div>(2) I go the way of all the earth: be thou strong therefore, and show thyself a man;</div><div>(3) and keep the charge of the Lord thy God, to walk in his ways, to keep his statutes, and his commandments, and his judgments, and his testimonies, as it is written in the Tora of Moshe, that thou mayst prosper in all that thou doest, and wherever thou turnest thyself:</div><div>(4) that the Lord may continue his word which he spoke concerning me, saying, If thy children take heed to their way, to walk before me in truth with all their heart and with all their soul, there shall not fail thee (said he) a man on the throne of Yisra᾽el.</div><div>(5) Moreover thou knowst also what Yo᾽av the son of Żeruya did to me, and what he did to the two captains of the hosts of Yisra᾽el, to Avner the son of Ner, and to ῾Amasa the son of Yeter, whom he slew, and shed the blood of war in peace, and put the blood of war upon his girdle that was about his loins, and in his shoes that were on his feet.</div><div>(6) Do therefore according to thy wisdom, and let not his hoar head go down to She᾽ol in peace.</div>",""
"Vayechi","חק לישראל - פרשת ויחי יום ראשון","6","","<h1><b>כתובים</b></h1>","",""
"Vayechi","חק לישראל - פרשת ויחי יום ראשון","7","Proverbs 10:31-11:4","<div>י (<small>לא</small>) פִּֽי־צַ֭דִּיק יָנ֣וּב חׇכְמָ֑ה וּלְשׁ֥וֹן תַּ֝הְפֻּכ֗וֹת תִּכָּרֵֽת׃</div><div><small>פּוּמֵיהּ דְצַדִיקָא מַבְעָא חָכְמְתָא וְלִישְׁנָא דַהֲפִיכוּ נִתְפְּסַק:</small></div><div>(<small>לב</small>) שִׂפְתֵ֣י צַ֭דִּיק יֵדְע֣וּן רָצ֑וֹן וּפִ֥י רְ֝שָׁעִ֗ים תַּהְפֻּכֽוֹת׃</div><div><small>שִׂפְוָתֵיהּ דְצַדִיקָא יֵדְעוּן צִבְיוֹנָא וּפוּמְהוֹן דְרַשִׁיעֵי מַהֲפָךְ:
</small></div><div>יא (<small>א</small>) מֹאזְנֵ֣י מִ֭רְמָה תּוֹעֲבַ֣ת יְהֹוָ֑ה וְאֶ֖בֶן שְׁלֵמָ֣ה רְצוֹנֽוֹ׃</div><div><small>מְסָחְתָּא דְנִכְלָא מְרַחַקְתֵּיהּ דֵאלָהָא וּבְמַתְקְלָא תְּרִיצָא צִבְיוֹנֵיהּ:</small></div><div>(<small>ב</small>) בָּֽא־זָ֭דוֹן וַיָּבֹ֣א קָל֑וֹן וְֽאֶת־צְנוּעִ֥ים חׇכְמָֽה׃</div><div><small>הֵיךְ דְעֵלָא זֵידוֹנְתָּא עָלֵל צַעֲרָא וּלְאִלֵין דִצְנִיעִין חָכְמְתָא:</small></div><div>(<small>ג</small>) תֻּמַּ֣ת יְשָׁרִ֣ים תַּנְחֵ֑ם וְסֶ֖לֶף בֹּגְדִ֣ים <span class=""mam-kq""><span class=""mam-kq-k"">(ושדם)</span> <span class=""mam-kq-q"">[יְשָׁדֵּֽם]</span></span>׃</div><div><small>תְּמִימוּתָא דִתְרִיצֵי תַדְבֵּר אִנוּן וּנְטַלְטְלוּן בָּזוֹזֵי וְנִדְכִנוּן:</small></div><div>(<small>ד</small>) לֹא־יוֹעִ֣יל ה֭וֹן בְּי֣וֹם עֶבְרָ֑ה וּ֝צְדָקָ֗ה תַּצִּ֥יל מִמָּֽוֶת׃</div><div><small>לָא מַהֲנֵי שִׁקְרָא בְיוֹמָא דְרוּגְזָא וְצִדְקְתָא מְפַלְטָא מִן מוֹתָא בִישָׁא:</small></div>","<div>10 (31) The mouth of the just brings forth wisdom: but the perverse tongue shall be cut off.</div><div>(32) The lips of the righteous know what is acceptable: but the mouth of the wicked is crookedness.</div><div>11 (1) A false balance is abomination to the Lord: but a just weight is his delight.</div><div>(2) When pride comes, then comes shame: but with the lowly is wisdom.</div><div>(3) The integrity of the upright shall guide them: but the perverseness of the faithless shall destroy them.</div><div>(4) Riches profit not in the day of wrath: but righteousness delivers from death.</div>",""
"Vayechi","חק לישראל - פרשת ויחי יום ראשון","8","","<h1><b>משנה</b></h1>","",""
"Vayechi","חק לישראל - פרשת ויחי יום ראשון","9","Mishnah Peah 3","<div>א. מַלְבְּנוֹת הַתְּבוּאָה שֶׁבֵּין הַזֵּיתִים, בֵּית שַׁמַּאי אוֹמְרִים, פֵּאָה מִכָּל אַחַת וְאֶחָת. בֵּית הִלֵּל אוֹמְרִים, מֵאֶחָד עַל הַכֹּל. וּמוֹדִים, שֶׁאִם הָיוּ רָאשֵׁי שׁוּרוֹת מְעֹרָבִין, שֶׁהוּא נוֹתֵן פֵּאָה מֵאֶחָד עַל הַכֹּל: 
</div><div>ב. הַמְנַמֵּר אֶת שָׂדֵהוּ וְשִׁיֵּר קְלָחִים לַחִים, רַבִּי עֲקִיבָא אוֹמֵר, נוֹתֵן פֵּאָה מִכָּל אֶחָד וְאֶחָד. וַחֲכָמִים אוֹמְרִים, מֵאֶחָד עַל הַכֹּל. וּמוֹדִים חֲכָמִים לְרַבִּי עֲקִיבָא בְּזוֹרֵעַ שֶׁבֶת אוֹ חַרְדָּל בִּשְׁלשָׁה מְקוֹמוֹת, שֶׁהוּא נוֹתֵן פֵּאָה מִכָּל אֶחָד וְאֶחָד: 
</div><div>ג. הַמַּחֲלִיק בְּצָלִים לַחִים לַשּׁוּק וּמְקַיֵּם יְבֵשִׁים לַגֹּרֶן, נוֹתֵן פֵּאָה לָאֵלּוּ לְעַצְמָן וְלָאֵלּוּ לְעַצְמָן. וְכֵן בַּאֲפוּנִין, וְכֵן בַּכֶּרֶם. הַמֵּדֵל, נוֹתֵן מִן הַמְשֹׁאָר עַל מַה שֶּׁשִּׁיֵּר. וְהַמַּחֲלִיק מֵאַחַת יַד, נוֹתֵן מִן הַמְשֹׁאָר עַל הַכֹּל: 
</div><div>ד. הָאִמָּהוֹת שֶׁל בְּצָלִים חַיָּבוֹת בְּפֵאָה, וְרַבִּי יוֹסֵי פּוֹטֵר. מַלְבְּנוֹת הַבְּצָלִים שֶׁבֵּין הַיָּרָק, רַבִּי יוֹסֵי אוֹמֵר, פֵּאָה מִכָּל אַחַת וְאֶחָת. וַחֲכָמִים אוֹמְרִים, מֵאַחַת עַל הַכֹּל: 
</div><div>ה. הָאַחִין שֶׁחָלְקוּ, נוֹתְנִין שְׁתֵּי פֵאוֹת. חָזְרוּ וְנִשְׁתַּתְּפוּ, נוֹתְנִין פֵּאָה אַחַת. שְׁנַיִם שֶׁלָּקְחוּ אֶת הָאִילָן, נוֹתְנִין פֵּאָה אַחַת. לָקַח זֶה צְפוֹנוֹ וְזֶה דְרוֹמוֹ, זֶה נוֹתֵן פֵּאָה לְעַצְמוֹ, וְזֶה נוֹתֵן פֵּאָה לְעַצְמוֹ. הַמּוֹכֵר קִלְחֵי אִילָן בְּתוֹךְ שָׂדֵהוּ, נוֹתֵן פֵּאָה מִכָּל אֶחָד וְאֶחָד. אָמַר רַבִּי יְהוּדָה, אֵימָתַי, בִּזְמַן שֶׁלֹּא שִׁיֵּר בַּעַל הַשָּׂדֶה. אֲבָל אִם שִׁיֵּר בַּעַל הַשָּׂדֶה, הוּא נוֹתֵן פֵּאָה לַכֹּל: 
</div><div>ו. רַבִּי אֱלִיעֶזֶר אוֹמֵר, קַרְקַע בֵּית רֹבַע, חַיֶּבֶת בַּפֵּאָה. רַבִּי יְהוֹשֻׁעַ אוֹמֵר, הָעוֹשָׂה סָאתַיִם. רַבִּי טַרְפוֹן אוֹמֵר, שִׁשָּׁה עַל שִׁשָּׁה טְפָחִים. רַבִּי יְהוּדָה בֶן בְּתֵירָה אוֹמֵר, כְּדֵי לִקְצֹר וְלִשְׁנוֹת. וַהֲלָכָה כִּדְבָרָיו. רַבִּי עֲקִיבָא אוֹמֵר, קַרְקַע כָּל שֶׁהוּא, חַיֶּבֶת בַּפֵּאָה, וּבַבִּכּוּרִים, וְלִכְתֹּב עָלָיו פְּרוֹזְבּוּל, וְלִקְנוֹת עִמּוֹ נְכָסִים שֶׁאֵין לָהֶם אַחֲרָיוּת בְּכֶסֶף וּבִשְׁטָר וּבַחֲזָקָה: 
</div><div>ז. הַכּוֹתֵב נְכָסָיו שְׁכִיב מְרַע, שִׁיֵּר קַרְקַע כָּל שֶׁהוּא, מַתְּנָתוֹ מַתָּנָה. לֹא שִׁיֵּר קַרְקַע כָּל שֶׁהוּא, אֵין מַתְּנָתוֹ מַתָּנָה. הַכּוֹתֵב נְכָסָיו לְבָנָיו, וְכָתַב לְאִשְׁתּוֹ קַרְקַע כָּל שֶׁהוּא, אִבְּדָה כְתֻבָּתָהּ. רַבִּי יוֹסֵי אוֹמֵר, אִם קִבְּלָה עָלֶיהָ, אַף עַל פִּי שֶׁלֹּא כָתַב לָהּ, אִבְּדָה כְתֻבָּתָהּ: 
</div><div>ח. הַכּוֹתֵב נְכָסָיו לְעַבְדּוֹ, יָצָא בֶן חוֹרִין. שִׁיֵּר קַרְקַע כָּל שֶׁהוּא, לֹא יָצָא בֶן חוֹרִין. רַבִּי שִׁמְעוֹן אוֹמֵר, לְעוֹלָם הוּא בֶן חוֹרִין, עַד שֶׁיֹּאמַר הֲרֵי כָל נְכָסַי נְתוּנִין לְאִישׁ פְּלוֹנִי עַבְדִּי חוּץ מֵאֶחָד מֵרִבּוֹא שֶׁבָּהֶן: 
</div>","<div>1. Plots of grain between olive trees: Bet Shammai say: peah from each and every plot. But Bet Hillel says: one peah for them all. And they agree that if the ends of the rows enter one into the other, he gives one peah for them all.</div><div>2. One who gives his field a striped appearance and leaves behind moist stalks: Rabbi Akiva says: he gives peah from each and every stripe. But the sages say: from one stripe for the whole field. The sages agree with Rabbi Akiba that one who sows dill or mustard in three places must give peah from each place.</div><div>3. One who clears [his field] of fresh onions for the market and leaves the dry ones [in the ground] for the [time of the] threshing floor, must give peah from these on their own and these on their own. The same applies to beans and to a vineyard. If he, however, he only thins it out, then he gives [peah] from the remainder according to the quantity of that which he left. But if he clears [three from one place] at one time, he gives from the remainder according to the entire quantity.</div><div>4. Onions grown for their seed are liable for peah. But Rabbi Yose exempts them. Plots of onions [growing] between vegetables: Rabbi Yose says: peah must be given from each [plot]. But the sages say: from one [plot] for all.</div><div>5. [Two] brothers who divided [an inheritance] must give [two] peahs. If they afterwards again become partners they give one peah. Two who purchase a tree, they give one peah. If one buys the northern section [of the tree] and the other the southern section, each must give peah separately. One who sells young saplings in his field, [the one who purchases] must give peah from each sapling. Rabbi Judah said: When is this so? When the owner of the field left nothing [for himself]. But if he did leave something [for himself], he gives one peah for the whole.</div><div>6. Rabbi Eliezer says: a piece of ground [large enough to plant] one fourth of a kav is liable for peah. Rabbi Joshua says: it must [be large enough] to grow two seahs. Rabbi Tarfon says: it must be six by six handbreadths. R. Judah ben Batera says: [it must be large enough] for a sickle to cut at least two handfuls and the halakhah is according to his words. Rabbi Akiva says: any size of land is liable for peah and for first-fruits, and [is sufficient] for the writing of the prozbul, and also to acquire through it movable property by money, by deed, or by a claim based on undisturbed possession.</div><div>7. One who is about to die who assigns his property in writing [to another]: If he retains any land [for himself] however small, he renders his gift valid. But if he retains no land whatsoever, his gift is not valid. One who assigns in writing his property to his children, and he assigns to his wife in writing any plot of land, however small, she lost her ketubah. Rabbi Yose says: if she accepted [such an assignment] even though he did not assign it to her in writing she lost her ketubah.</div><div>8. One who assigns in writing his possessions to his slave, [the slave] thereby goes free. If he reserved for himself any land, however small, he does not become free. Rabbi Shimon says: he always becomes free, unless [the master] says: “Behold, all my goods are given to so-and-so my slave, with the exception of one ten-thousandth part of them.”</div>",""
"Vayechi","חק לישראל - פרשת ויחי יום ראשון","10","","<h1><b>גמרא</b></h1>","",""
"Vayechi","חק לישראל - פרשת ויחי יום ראשון","11","Berakhot 6a:7-16","תַּנְיָא אַבָּא בִנְיָמִין אוֹמֵר אֵין תְּפִלָּתוֹ שֶׁל אָדָם נִשְׁמַעַת אֶלָּא בְּבֵית הַכְּנֶסֶת שֶׁנֶּאֱמַר (מ''א ח') לִשְׁמוֹעַ אֶל הָרִנָּה וְאֶל הַתְּפִלָּה בְּמָקוֹם רִנָּה שָׁם תְּהֵא תְפִלָּה. אָמַר רָבִין בַּר רַב אַדָּא אָמַר רִבִּי יִצְחָק מְנַיִן שֶׁהַקָּדוֹשׁ בָּרוּךְ הוּא מָצוּי בְּבֵית הַכְּנֶסֶת שֶׁנֶּאֱמַר (תהלים פ''ב) אֱלֹהִים נִצָב בַּעֲדַת אֵל וּמְנַיִן לַעֲשָׂרָה שֶׁמִּתְפַּלְּלִים שֶׁשְּׁכִינָה עִמָּהֶם שֶׁנֶּאֱמַר אֱלֹהִים נִצָב בַּעֲדַת אֵל. וּמְנַיִן לִשְׁלשָׁה שֶׁיּוֹשְׁבִין בַּדִּין שֶׁשְּׁכִינָה עִמָּהֶם שֶׁנֶּאֱמַר (שם) בְּקֶרֶב אֱלֹהִים יִשְׁפּוֹט. וּמְנַיִן לִשְׁנַיִם שֶׁיּוֹשְׁבִין וְעוֹסְקִין בַּתּוֹרָה שֶׁשְּׁכִינָה עִמָּהֶם שֶׁנֶּאֱמַר (מלאכי ג') אָז נִדְבְּרוּ יִרְאֵי ה' אִישׁ אֶל רֵעֵהוּ וַיַּקְשֵׁב ה' וְגוֹ' מַאי וּלְחוֹשְׁבֵי שְׁמוֹ אָמַר רַב אָשֵׁי חָשַׁב אָדָם לַעֲשׂוֹת מִצְוָה וְנֶאֱנַס וְלֹא עֲשָׂאָהּ מַעֲלֶה עָלָיו הַכָּתוּב כְּאִלּוּ עֲשָׂאָהּ וּמְנַיִן שֶׁאֲפִילוּ אֶחָד שֶׁיּוֹשֵׁב וְעוֹסֵק בַּתּוֹרָה שֶׁשְּׁכִינָה עִמּוֹ שֶׁנֶּאֱמַר (שמות כ') בְּכָל הַמָּקוֹם אֲשֶׁר אַזְכִּיר אֶת שְׁמִי וְגוֹ'. וְכִי מֵאַחַר דַּאֲפִילוּ חַד תְּרֵי מִבָּעְיָא. תְּרֵי מִכְתְּבָן מִלַּיְיהוּ בְּסֵפֶר הַזִּכְרוֹנוֹת. חַד לֹא מִכְתְּבָן מִילֵיהּ בְּסֵפֶר הַזִּכְרוֹנוֹת. וְכִי מֵאַחַר דַּאֲפִילוּ תְּרֵי תְּלָתָא מִבָּעְיָא. מַהוּ דְתֵימָא דִינָא שְׁלָמָא בְעַלְמָא הוּא וְלָא אַתְיָא שְׁכִינָה קָא מַשְׁמַע לָן דְּדִינָא נָמֵי הַיְינוּ תוֹרָה. וְכִי מֵאַחַר דַּאֲפִילוּ תְּלָתָא עֲשָׂרָה מִבָּעְיָא. עֲשָׂרָה קָדְמָה שְׁכִינָה וְאַתְיָא תְּלָתָא עַד דְּיַתְבֵי:","<div><b>It was taught</b> in a <i>baraita</i> that <b>Abba Binyamin said: One’s prayer is only</b> fully <b>heard in a synagogue, as it is stated</b> with regard to King Solomon’s prayer in the Temple: “Yet have You turned toward the prayer of Your servant and to his supplication, Lord my God, <b>to listen to the song and the prayer</b> which Your servant prays before You on this day” (I Kings 8:28). The following verse concludes: “To hear the prayer Your servant directs toward this place” (I Kings 8:29). We see that one’s prayer is heard specifically in the Temple, of which the synagogue is a microcosm (Rav Yoshiyahu Pinto). It may be inferred that <b>in a place of song,</b> a synagogue where God’s praises are sung, <b>there prayer should be.</b></div><div>In explaining Abba Binyamin’s statement, <b>Ravin bar Rav Adda said</b> that <b>Rabbi Yitzḥak said: From where</b> is it derived <b>that the Holy One, Blessed be He, is located in a synagogue? As it is stated: “God stands in the congregation of God;</b> in the midst of the judges He judges” (Psalms 82:1). The congregation of God is the place where people congregate to sing God’s praises, and God is located among His congregation.</div><div><b>And from where</b> is it derived that <b>ten people who pray, the Divine Presence is with them? As it is stated: “God stands in the congregation of God,”</b> and the minimum number of people that constitute a congregation is a quorum of ten.</div><div><b>From where</b> is it derived <b>that three who sit in judgment, the Divine Presence is with them?</b> It is derived from this same verse, <b>as it is stated: “In the midst of the judges He judges,”</b> and the minimum number of judges that comprises a court is three.</div><div><b>From where</b> is it derived <b>that two who sit and engage in Torah</b> study, <b>the Divine Presence is with them? As it is stated: “Then they that feared the Lord spoke one with the other, and the Lord listened,</b> and heard, and a book of remembrance was written before Him, for them that fear the Lord, and that think upon His name” (Malachi 3:16). The Divine Presence listens to any two God-fearing individuals who speak with each other.</div><div>With regard to this verse, the Gemara asks: <b>What</b> is the meaning of the phrase, <b>“And that think upon His name”? Rav Ashi said:</b> If <b>a person intended to perform a mitzva, but due to</b> circumstances <b>beyond</b> his <b>control, he did not perform it, the verse ascribes him</b> credit <b>as if he performed</b> the mitzva, as he is among those that think upon His name.</div><div>The Gemara returns to Ravin bar Rav Adda’s statement: <b>And from where</b> is it derived <b>that when even one who sits and engages in Torah</b> study, <b>the Divine Presence is with him? As it is stated: “In every place where I cause My Name to be mentioned, I will come to you and bless you”</b> (Exodus 20:21); God blesses even a single person who mentions God’s name, a reference to Torah study (<i>Iyyun Ya’akov</i>).</div><div>The Gemara asks: <b>Since</b> the Divine Presence rests <b>even</b> upon <b>one</b> who engages in Torah study, <b>was it necessary</b> to say that the Divine Presence rests upon <b>two</b> who study Torah together? The Gemara answers: There is a difference between them. <b>Two</b> people, <b>their words</b> of Torah <b>are written in the book of remembrance,</b> as it is stated: “And a book of remembrance was written”; however <b>a single</b> individual’s <b>words</b> of Torah <b>are not written in a book of remembrance.</b></div><div>The Gemara continues: <b>Since</b> the Divine Presence rests <b>even</b> upon <b>two</b> who engage in Torah study, is it <b>necessary</b> to mention <b>three?</b> The Gemara answers: Here too, a special verse is necessary <b>lest you say that judgment is merely to</b> keep the <b>peace</b> among the citizenry, <b>and the Divine Presence does not come</b> and rest upon those who sit in judgment as they are not engaged in Torah study. Ravin bar Rav Adda <b>teaches us that</b> sitting in <b>judgment is also Torah.</b></div><div>The Gemara asks: <b>Since</b> the Divine Presence rests <b>even</b> upon <b>three,</b> is it <b>necessary</b> to mention <b>ten?</b> The Gemara answers: <b>The Divine Presence arrives before a group of ten,</b> as the verse: “God stands in the congregation of God,” indicates that when the ten individuals who comprise a congregation arrive, the Divine Presence is already there. For a group of <b>three</b> judges, however, the Divine Presence does not arrive <b>until they sit</b> and begin their deliberations, as in the midst of the judges He judges. God aids them in their judgment, but does not arrive before them.</div>",""
"Vayechi","חק לישראל - פרשת ויחי יום ראשון","12","","<h1><b>זוהר</b></h1>","",""
"Vayechi","חק לישראל - פרשת ויחי יום ראשון","13","Zohar, Vayechi 16","וַיְחִי יַעֲקֹב בְּאֶרֶץ מִצְרַיִם אַמַּאי פָּרַשְׁתָּא דָּא סְתִימָא, רַבִּי יַעֲקֹב אָמַר בְּשַׁעְתָּא דְּמִית יַעֲקֹב אִסְתִּימוּ עֵינֵיהוֹן דְּיִשְׂרָאֵל, רַבִּי יְהוּדָה אָמַר דִּכְדֵין נָחֲתוּ לְגָלוּתָא וְאִשְׁתַּעְבִּידוּ בְּהוֹן, רַבִּי שִׁמְעוֹן אָמַר מַה כְּתִיב לְעֵילָא וַיֵּשֶׁב יִשְׂרָאֵל בְּאֶרֶץ מִצְרַיִם בְּאֶרֶץ גֹּשֶׁן וַיֵּאָחֲזוּ בָּהּ וַיִּפְרוּ וַיִּרְבּוּ מְאֹד וּכְתִיב וַיְחִי יַעֲקֹב דְּלָא אִתְחֲזֵי לְאַפְרָשָׁא בֵּין דָּא לְדָא מַה אִנּוּן קַיְּמֵי בְּתַפְנוּקִין דִּמְלָכִין וְקַבִּילוּ עִנּוּגָא וְכִסוּפִין לְגַרְמַיְהוּ אוֹף יַעֲקֹב נַמִּי קַיָּם בְּתַפְנוּקֵי מְלָכִין בְּעִנּוּגָא וְכִסוּפָא לְגַרְמֵיהּ לָא אִתְפָּרַשׁ דָּא מִן דָּא וְהָכָא אִקְּרֵי וַיְחִי, דְּהָא כָּל יוֹמוֹי לָא אִקְּרֵי וַיְחִי בְּגִין דְּכָל יוֹמוֹי בְּצַעֲרָא הֲווּ בְּצַעֲרָא אִשְׁתַּכְּחָן, עֲלֵיהּ כְּתִיב (איוב ג') לֹא שָׁלַוְתִּי וְלֹא שָׁקַטְתִּי וְלֹא נָחְתִּי וַיָּבֹא רֹגֶז, בָּתַר דְּנָחַת לְמִצְרַיִם אִקְּרֵי וַיְחִי חָמָא לִבְרֵיהּ מַלְכָּא חָמָא לְכָל בְּנוֹי זַכָּאִין צַדִּיקִין וְכֻלְּהוּ בְּתַעֲנוּגֵי וְתַפְנוּקֵי עָלְמָא וְהוּא יָתִיב בֵּינַיְהוּ כַּחֲמָר טָב דְּיָתִיב עַל דּוּרְדְיֵה כְּדֵין אִקְּרֵי וַיְחִי יַעֲקֹב וְלָא פָּרִישׁ בֵּין וַיִּפְרוּ וַיִּרְבּוּ מְאֹד לְוַיְחִי יַעֲקֹב וְהָכִי אִתְחֲזֵי, שְׁבַע עֶשְׂרֵה שָׁנָה, מַאי טַעֲמָא שְׁבַע עֶשְׂרֵה שָׁנָה, אֶלָּא אָמַר רַבִּי שִׁמְעוֹן כָּל יוֹמוֹי דְּיַעֲקֹב בְּצַעֲרָא הֲווּ בְּצַעֲרָא אִעֲבַר לוֹן בְּקַדְּמֵיתָא כֵּיוָן דְּחָמָא לְיוֹסֵף וַהֲוָה קָאִים קַמֵּיהּ כַּד יַעֲקֹב מִסְתַּכַּל בְּיוֹסֵף הַוָּה אִשְׁתַּלִּים בְּנַפְשֵׁיהּ כְּאִלּוּ חָמָא לְאִמֵּיהּ דְּיוֹסֵף דְּשַׁפִּירוּ דְּיוֹסֵף דָּמֵי לְשַׁפִּירוּ דְּרָחֵל וַהֲוָה דָּמִי בְּגַרְמֵיהּ כְּמָה דְּלָא אַעֲבַר עֲלֵיהּ צַעֲרָא בְּיוֹמוֹי וְכַד יוֹסֵף אִתְפָּרַשׁ מִנֵּיהּ כְּדֵין אִתְקַיֵּם לֹא שָׁלַוְתִּי וְלֹא שָׁקַטְתִּי וְלֹא נָחְתִּי וַיָּבֹא רֹגֶז דְּדָא קַשְׁיָא לֵיהּ לְיַעֲקֹב מִכָּל מַה דְּעָבַר וּבְזִמְנָא דְּאִתְפָּרַשׁ יוֹסֵף מִנֵּיהּ מַה כְּתִיב (בראשית ל''ז) יוֹסֵף בֶּן שְׁבַע עֶשְׂרֵה שָׁנָה הָיָה רוֹעֶה וְגוֹ' וְכָל יוֹמִין דְּיַעֲקֹב לָא הַוָּה לֵיהּ צַעֲרָא כְּהַאי וַהֲוָה בָּכֵי כָּל יוֹמָא לְאִנּוּן שְׁבַע עֶשְׂרֵה שָׁנָה דְּיוֹסֵף מַאי קָאֲתִיבוּ לֵיהּ (שם מ''ו) וְיוֹסֵף יָשִׁית יָדוֹ עַל עֵינֶיךָ הֵא לְךָ שְׁבַע עֶשְׂרֵה שָׁנָה אָחֳרָנִין בְּעִנּוּגִין וְתַפְנוּקִין וְהַנָּאוֹת וְכִסוּפִין הֲדָא הוּא דִּכְתִיב וַיְחִי יַעֲקֹב בְּאֶרֶץ מִצְרַיִם שְׁבַע עֶשְׂרֵה שָׁנָה וְגוֹ', תָּאנָא כָּל אִנּוּן שְׁנִין שְׁכִינְתָּא יְקָרָא דְּקֻדְשָׁא בְּרִיךְ הוּא עִמֵּיהּ אִשְׁתַּכְּחָא וּבְגִין כָּךְ חַיִּים אִקְּרוּן:","",""
"Vayechi","חק לישראל - פרשת ויחי יום ראשון","14","","וַיְחִי יַעֲקֹב בְּאֶרֶץ מִצְרַיִם. לָמָּה פָּרָשָׁה זוֹ סְתוּמָה, (שֶׁאֵין רֶוַח כְּלָל בְּסֵפֶר הַתּוֹרָה בֵּין סִיּוּם פָּרָשַׁת וַיִּגַּשׁ לְהַתְחָלַת פָּרָשַׁת וַיְחִי). רַבִּי יַעֲקֹב אָמַר, בְּשָׁעָה שֶׁמֵּת יַעֲקֹב נִסְתְּמוּ עֵינֵיהֶם שֶׁל יִשְׂרָאֵל. רַבִּי יְהוּדָה אָמַר, כִּי אָז, אַחַר מִיתַת יַעֲקֹב, יָרְדוּ לַגָּלוּת וְהַמִּצְרִים הֶעֱבִידוּ אוֹתָם, אֶת יִשְׂרָאֵל. רַבִּי שִׁמְעוֹן אָמַר מַה כָּתוּב לְמַעְלָה, וַיֵּשֶׁב יִשְׂרָאֵל בְּאֶרֶץ מִצְרַיִם בְּאֶרֶץ גֹּשֶן וַיֵּאָחֲזוּ בָהּ וַיִּפְרוּ וַיִּרְבּוּ מְאֹד, שֶׁפֵּרוּשׁוֹ שֶׁהָיוּ שָׁם בְּמַעֲדַנֵּי מְלָכִים. מַה הֵם, בְּנֵי יִשְׂרָאֵל, הָיוּ נִמְצָאִים שָׁם בְּמַעֲדַנֵּי מְלָכִים וְקִבְּלוּ תַּעֲנוּגִים וּמַחֲמַדִים לְעַצְמָם, אַף יַעֲקֹב, גַּם כֵּן הָיָה נִמְצָא בְּמַעֲדַנֵּי מְלָכִים בְּתַעֲנוּג וּמַחֲמַדִים לְעַצְמוֹ, וְעַל כֵּן לֹא נִפְרְדוּ הַפְּסוּקִים זֶה מִזֶּה. וְכָאן בְּמִצְרַיִם נִקְרָא וַיְחִי כְּלוֹמָר שֶׁנֶחֱשָׁב לוֹ חַיִּים, שֶׁהֲרֵי כָּל יָמָיו לֹא נִקְרָא וַיְחִי, מִשּׁוּם שֶׁכָּל יָמָיו הָיוּ בְּצַעַר, וּבְצַעַר הָיוּ נִמְצָאִים, עָלָיו כָּתוּב, (איוב ג') לֹא שָׁלַוְתִּי, בְּבֵית לָבָן, וְלֹא שָׁקַטְתִּי, מֵעֵשָׂו, וְלֹא נָחְתִּי, מִן דִּינָה וּשְׁכֶם, וַיָּבֹא רֹגֶז הוּא הָרֹגֶז שֶׁל מְכִירַת יוֹסֵף. וְאַחַר שֶׁיָּרַד לְמִצְרַיִם נִקְרָא וַיְחִי. רָאָה אֶת בְּנוֹ מֶלֶךְ, רָאָה לְכָל בָּנָיו טְהוֹרִים וְצַדִּיקִים, וְכֻלָּם בְּתַעֲנוּגִים וּמַעֲדַנֵּי עוֹלָם, וְהוּא יוֹשֵׁב בֵּינֵיהֶם, כְּיַיִן טוֹב הַשּׁוֹקֵט עַל שְׁמָרָיו. וְאָז נִקְרָא וַיְחִי יַעֲקֹב, וְעַל כֵּן אֵינוֹ מַפְרִיד, דְּהַיְנוּ שֶׁאֵינוֹ מַשְׁאִיר רֶוַח, בֵּין וַיִּפְרוּ וַיִּרְבּוּ מְאֹד לְוַיְחִי יַעֲקֹב, כִּי כֵּן רָאוּי לִהְיוֹת, שְׁבַע עֶשְׂרֵה שָׁנָה. מַה הַטַּעַם שֶׁל שְׁבַע עֶשְׂרֵה שָׁנָה. אֶלָּא אָמַר רַבִּי שִׁמְעוֹן כָּל יָמָיו שֶׁל יַעֲקֹב הָיוּ בְּצַעַר, וּבְצַעַר עָבְרוּ עָלָיו בַּתְּחִלָּה, כֵּיוָן שֶׁרָאָה אֶת יוֹסֵף, וְהָיָה עוֹמֵד לְפָנָיו, כְּשֶׁיַעֲקֹב הִסְתַּכֵּל בְּיוֹסֵף, הָיְתָה נַפְשׁוֹ נִשְׁלֶמֶת כְּאִלּוּ רָאָה אֶת אִמּוֹ שֶׁל יוֹסֵף, כִּי יָפְיוֹ שֶׁל יוֹסֵף הָיָה דּוֹמֶה לְיָפְיָהּ שֶׁל רָחֵל, וְנִדְמֶה לוֹ, כְּמוֹ שֶׁלֹּא עָבַר עָלָיו צַעַר מִיָּמָיו. וְכַאֲשֶׁר יוֹסֵף נִפְרָד מִמֶּנּוּ, אָז נִתְקַיֵּם, לֹא שָׁלַוְתִּי וְלֹא שָׁקַטְתִּי וְלֹא נָחְתִּי וַיָּבֹא רֹגֶז, כִּי צָרָה זוֹ הָיְתָה קָשָׁה לְיַעֲקֹב מִכָּל מַה שֶּׁעָבַר עָלָיו. וּבְשָׁעָה שֶׁנִּפְרָד מִמֶּנּוּ יוֹסֵף מַה כָּתוּב, יוֹסֵף בֶּן שְׁבַע עֶשְׂרֵה שָׁנָה וְגוֹ', וְכָל יָמָיו שֶׁל יַעֲקֹב לֹא הָיָה לוֹ צַעַר כָּזֶה, וְהָיָה בּוֹכֶה כָּל יוֹם לְאֵלּוּ שְׁבַע עֶשְׂרֵה שָׁנָה שֶׁל יוֹסֵף. מַה עָנוּ לוֹ (מִן הַשָּׁמַיִם). וְיוֹסֵף יָשִׁית יָדוֹ עַל עֵינֶיךְ, הִנֵּה לְךְ שְׁבַע עֶשְׂרֵה שָׁנָה אֲחֵרוֹת, בְּתַעֲנוּגִים וּמַעֲדַנִּים וְהַנָּאוֹת וּמַחֲמַדִים. וְזֶהוּ שֶׁכָּתוּב, וַיְחִי יַעֲקֹב בְּאֶרֶץ מִצְרַיִם, שְׁבַע עֶשְׂרֵה שָׁנָה וְגוֹ'. בֹּא וּרְאֵה, כָּל אֵלּוּ הַשָּׁנִים, שְׁכִינַת כְּבוֹדוֹ שֶׁל הַקָּדוֹשׁ בָּרוּךְ הוּא הָיְתָה נִמְצֵאת עִמּוֹ, וּמִשּׁוּם זֶה, אוֹתָם הַשָּׁנִים שֶׁבְּמִצְרַיִם, נִקְרָאִים חַיִּים.","",""
"Vayechi","חק לישראל - פרשת ויחי יום ראשון","15","","<h1><b>הלכה פסוקה</b></h1>","",""
"Vayechi","חק לישראל - פרשת ויחי יום ראשון","16","Mishneh Torah, Repentance 2:5-7","<div><b>א. </b>(כְּתִיב [משלי כ''ח] מְכַסֶּה פְּשָׁעָיו לֹא יַצְלִיחַ) בַּמֶּה דְבָרִים אֲמוּרִים בַּעֲבֵירוֹת שֶׁבֵּין אָדָם לַחֲבֵירוֹ אֲבָל בַּעֲבֵירוֹת שֶׁבֵּין אָדָם לַמָּקוֹם אֵינוֹ צָרִיךְ לְפַרְסֵם עַצְמוֹ וְעַזּוּת פָּנִים הִיא לוֹ אִם גִּלָּם אֶלָּא שָׁב לִפְנֵי הָאֵל בָּרוּךְ הוּא וּפוֹרֵט חֲטָאָיו לְפָנָיו וּמִתְוַדֶּה עֲלֵיהֶם לִפְנֵי רַבִּים סְתָם וְטוֹבָה הִיא לוֹ שֶׁלֹּא נִתְגַּלֶּה עֲוֹנוֹ שֶׁנֶּאֱמַר (תהלים ל''ב) אַשְׁרֵי נְשׂוּי פֶּשַׁע כְּסוּי חֲטָאָה:</div><div><b>ב. </b>אַף עַל פִּי שֶׁהַתְּשׁובָה וְהַצְעָקָה יָפָה לְעוֹלָם. בַּעֲשָׂרָה יָמִים שֶׁבֵּין רֹאשׁ הַשָּׁנָה וְיוֹם הַכִּפּוּרִים הִיא יָפָה בְּיוֹתֵר וּמִתְקַבֶּלֶת הִיא מִיָּד שֶׁנֶּאֱמַר (ישעיה נ''ה) דִּרְשׁוּ ה' בְּהִמָּצְאוֹ בַמֶּה דְבָרִים אֲמוּרִים בְּיָחִיד אֲבָל צִבּוּר כָּל זְמַן שֶׁעוֹשִׂים תְּשׁוּבָה וְצוֹעֲקִין בְלֵב שָׁלֵם הֵן נֶעֱנִין שֶׁנֶּאֱמַר (דברים ד) כַּה' אֱלֹהֵינוּ בְכָל קָרְאֵנוּ אֵלָיו:</div><div><b>ג. </b>יוֹם הַכִּפּוּרִים הוּא זְמַן תְּשׁוּבָה לַכֹּל לְיָחִיד וּלְרַבִּים וְהוּא קֵץ מְחִילָה וּסְלִיחָה לְיִשְׂרָאֵל לְפִיכָךְ חַיָיבִים הַכֹּל לַעֲשׂוֹת תְּשׁוּבָה וּלְהִתְוַדוֹת בְּיוֹם הַכִּפּוּרִים וּמִצְוַת וִידוּי יוֹם הַכִּפּוּרִים שֶׁיַּתְחִיל בְּעֶרֶב הַיּוֹם קוֹדֶם שֶׁיֹּאכַל שֶׁמָא יֵחָנֵק בִּסְעוּדָה קוֹדֶם שֶׁיִתְוַדֶּה וְאַף עַל פִּי שֶׁהִתְוַדֶּה קוֹדֶם שֶׁיֹּאכַל חוֹזֵר וּמִתְוַדֶּה בְּלֵילֵי יוֹם הַכִּפּוּרִים עַרְבִית וְחוֹזֵר וּמִתְוַדֶּה בְּשַׁחֲרִית וּבְמוּסַף וּבְמִנְחָה וּבִנְעִילָה וְהֵיכָן מִתְוַדֶּה יָחִיד אַחַר תְּפִלָתוֹ וּשְׁלִיחַ צִבּוּר בְּאֶמְצַע תְּפִלָתוֹ בִבְרָכָה רְבִיעִית:</div>","<div>The penitent who confesses publicly is praiseworthy, and it is commendable for him to let the public know his iniquities, and to reveal the sins between himself and his neighbor to others, saying to them: ""Truly, I have sinned against that man, and I have wronged him thus and such, but, behold me this day, I repent and am remorseful"". But he, who is arrogant and reveals not but covers up his sins, is not a wholehearted penitent, of whom it is said: ""He that covereth his sins shall not prosper"" (Prov. 28.13). But that is saying solely concerning sins between man and man, but sins between man and God, the penitent need not make public, on the contrary it would be impudent of him to reveal them. He, however, should repent before God, blessed is he! and before Him he should detail his sins; and then make public confession upon them by simply saying: ""I have sinned"". Such procedure is, indeed, for his own good, even as it is said: ""Blessed is he whose transgression is forgiven, whose sin is covered (Ps. 32.1).<sup class=""footnote-marker"">6</sup><i class=""footnote"">Rosh ha-Shanah, 18a. C.</i></div><div>Although it is ever well to cry out and repent, but during the space of the ten days' time between Rosh ha-Shanah and Yom ha-Kippurim it is exceedingly better, and the supplication is presently accepted, even as it is said: ""Seek ye the Lord while He may be found"" (Is. 55.6). But that is saying solely concerning an individual, but a community every time they cry out a whole hearted repentance they are answered, even as it is said: ""As the Lord our God is in all things that we call upon him for"" (Deut. 6.7).<sup class=""footnote-marker"">7</sup><i class=""footnote"">Rosh ha-Shanah, 18a. C.</i></div><div>Yom ha-Kippurim is the time set aside for repentance for all, the individual as well as the many; for it is the goal of exoneration and quittance in Israel. Because thereof all are obliged to make reparation and confession on the Day of Atonement. The commandment to confess on the Day of Atonement obliges every one to commence it during the afternoon on the ninth day of Tishri, before the evening meal, lest he be sufficated eating his meal before he confess. And, though he did confess before his meal, one is obliged to confess gain during the night prayer of the Day of Atonement, and to repeat the confession during the Morning, Addition, Oblation, and Closing Prayers. At what part of the prayers is the confession made? Every individual delivers it after the silent Benedictions, but the public Reader in the midst of his prayers, after the Fourth Benediction.<sup class=""footnote-marker"">8</sup><i class=""footnote"">Yoma, 87b. C.</i></div>",""
"Vayechi","חק לישראל - פרשת ויחי יום ראשון","17","","<h1><b>מוסר</b></h1>","",""
"Vayechi","חק לישראל - פרשת ויחי יום ראשון","18","","<div><strong><span style=""color: #999999;"">ספר חרדים דף ע""א ע""ב</span></strong></div><div>תְּקַע יָתֵד הַחֲזָקָה אֵצֶל כּוֹתֵל מַעֲרָבִי וְיָתֵד בִּלְבָבְךָ אֲחוּזוֹת קְשׁוּרוֹת יָפֶה בְּחֶבֶל קָלוּעַ בְּשָׁלשׁ קְלִיעוֹת. אֶחָד, אַהֲבָתוֹ בְּלִי פִרוּד (הושע י''א) בְּחַבְלֵי אָדָם אֶמְשָׁכֵם בַּעֲבוֹתוֹת אַהֲבָה. ב', פָּסוּק תּוֹרָה הַמַּתִּיר אֲסִירֵי הַמֶּלֶךְ חַיָּיב מִיתָה וַהֲרֵי הַמֶּלֶךְ יִתְבָּרַךְ אָסַר הַלָּשׁוֹן בִּשְׁתֵּי חוֹמוֹת אַחַת שֶׁל עֶצֶם וְאַחַת שֶׁל בָּשָׂר אֵיךְ לֹא תִּתְבּוֹדֵד עִמוֹ יִתְבָּרַךְ וְהִנֵּה אַתָּה רוֹב זְמַנָּךְ יָחִיד בְּבֶטֶן אִמָּךְ יָחִיד בְּעֵת תִּישָׁן הַגּוּף יְחִידִי וְהַנְּשָׁמָה יְחִידָה הַגּוּף בְּקֶבֶר בָּדָד וְהַנְּשָׁמָה בָּדָד בְּגַן עֵדֶן כָּל צַדִּיק מָדוֹר לְפִי כְבוֹדוֹ ובְגֵהִינָם וַדָּאי כֵּיוָן דִּרְשָׁעִים בַּחשֶׁךְ יִדָּמוּ נִמְצְאוּ לְבַדָּם לָכֵן שְׁמַע בְּקוֹלִי לֵךְ עִמּוֹ תָּמִיד וְלֹא תִפָּרֵד רֶגַע כִּי אִם תִּדְרְשֶׁנּוּ יִדָרֵשׁ לָךְ לֹא יִפְרוֹשׁ מִמְּךָ מַּה נָּאָה וּנְעִימָה לְוִיָּיתוֹ יִתְבָּרַךְ כִּי הוּא אָבִיךָ קָנֶךָ הוּא עָשְׂךָ וַיְכוֹנְנֶךָ:</div>","",""
"Vayechi","חק לישראל - פרשת ויחי יום שני","1","","<h1><b>תורה</b></h1>","",""
"Vayechi","חק לישראל - פרשת ויחי יום שני","2","","<small>יכוין בקריאת ארבע פסוקים אלו שהם כנגד דֲ דמילוי יו''ד דשם ב''ן להשאיר בו הארה מתוספת הרוח משבת שעברה:</small>","",""
"Vayechi","חק לישראל - פרשת ויחי יום שני","3","Genesis 48:3-6","<div>מח (<small>ג</small>) וַיֹּ֤אמֶר יַעֲקֹב֙ אֶל־יוֹסֵ֔ף אֵ֥ל שַׁדַּ֛י נִרְאָֽה־אֵלַ֥י בְּל֖וּז בְּאֶ֣רֶץ כְּנָ֑עַן וַיְבָ֖רֶךְ אֹתִֽי׃</div><div><small>וַאֲמַר יַעֲקֹב לְיוֹסֵף אֵל שַׁדַּי <b>אִתְגְּלִי</b> לִי בְלוּז בְּאַרְעָא דִכְנָעַן וּבָרִיךְ יָתִי:</small></div><div>(<small>ד</small>) וַיֹּ֣אמֶר אֵלַ֗י הִנְנִ֤י מַפְרְךָ֙ וְהִרְבִּיתִ֔ךָ וּנְתַתִּ֖יךָ לִקְהַ֣ל עַמִּ֑ים וְנָ֨תַתִּ֜י אֶת־הָאָ֧רֶץ הַזֹּ֛את לְזַרְעֲךָ֥ אַחֲרֶ֖יךָ אֲחֻזַּ֥ת עוֹלָֽם׃</div><div><small>וַאֲמַר לִי הָא אֲנָא מַפֵּישׁ לָךְ וְאַסְגִּנָּךְ וְאֶתְּנִנָּךְ לְכִנְשַׁת <b>שִׁבְטִין</b> וָאֶתֵּן יָת אַרְעָא הָדָא לִבְנָךְ בַּתְרָךְ אַחֲסָנַת עֲלָם:</small></div><div>(<small>ה</small>) וְעַתָּ֡ה שְׁנֵֽי־בָנֶ֩יךָ֩ הַנּוֹלָדִ֨ים לְךָ֜ בְּאֶ֣רֶץ מִצְרַ֗יִם עַד־בֹּאִ֥י אֵלֶ֛יךָ מִצְרַ֖יְמָה לִי־הֵ֑ם אֶפְרַ֙יִם֙ וּמְנַשֶּׁ֔ה כִּרְאוּבֵ֥ן וְשִׁמְע֖וֹן יִֽהְיוּ־לִֽי׃</div><div><small>וּכְעַן תְּרֵין בְּנָךְ דְּאִתְיְלִידוּ לָךְ בְּאַרְעָא דְמִצְרַיִם עַד מֵיתִי לְוָתָךְ לְמִצְרַיִם דִּילִי אִנּוּן אֶפְרַיִם וּמְנַשֶּׁה כִּרְאוּבֵן וְשִׁמְעוֹן יְהוֹן קֳדָמָי:</small></div><div>(<small>ו</small>) וּמוֹלַדְתְּךָ֛ אֲשֶׁר־הוֹלַ֥דְתָּ אַחֲרֵיהֶ֖ם לְךָ֣ יִהְי֑וּ עַ֣ל שֵׁ֧ם אֲחֵיהֶ֛ם יִקָּרְא֖וּ בְּנַחֲלָתָֽם׃</div><div><small>וּבְנָךְ דִּי תוֹלִיד בַּתְרֵיהוֹן דִּילָךְ יְהוֹן עַל שׁוּם אֲחוּהוֹן יִתְקְרוּן בְּאַחֲסַנְתְּהוֹן:</small></div>","<div>48 (3) And Ya῾aqov said to Yosef, God Almighty appeared to me at Luz in the land of Kena῾an, and blessed me,</div><div>(4) and said to me, Behold, I will make thee fruitful, and multiply thee, and I will make of thee a multitude of people; and will give this land to thy seed after thee for an everlasting possession.</div><div>(5) And now thy two sons, Efrayim and Menashshe, who were born to thee in the land of Miżrayim before I came to thee into Miżrayim, are mine; as Re᾽uven and Shim῾on they shall be mine.</div><div>(6) And thy issue, which thou begettest after them, shall be thine, and shall be called after the name of their brothers in their inheritance.</div>",""
"Vayechi","חק לישראל - פרשת ויחי יום שני","4","","<h1><b>נביאים</b></h1>","",""
"Vayechi","חק לישראל - פרשת ויחי יום שני","5","I Kings 2:7-10","<div>ב (<small>ז</small>) וְלִבְנֵ֨י בַרְזִלַּ֤י הַגִּלְעָדִי֙ תַּֽעֲשֶׂה־חֶ֔סֶד וְהָי֖וּ בְּאֹכְלֵ֣י שֻׁלְחָנֶ֑ךָ כִּי־כֵן֙ קָרְב֣וּ אֵלַ֔י בְּבׇרְחִ֕י מִפְּנֵ֖י אַבְשָׁל֥וֹם אָחִֽיךָ׃</div><div><small>וְלִבְנֵי בַרְזִילַי גִלְעָדָאָה תַּעְבֵּיד טִיבוּ וִיהוֹן בְּאוֹכְלֵי פָתוֹרָךְ אֲרֵי אִינוּן סַפִיקוּ צָרְכַי בְּמֶעֶרְקִי מִן קֳדָם אַבְשָׁלוֹם אֲחוּךְ:</small></div><div>(<small>ח</small>) וְהִנֵּ֣ה עִ֠מְּךָ֠ שִֽׁמְעִ֨י בֶן־גֵּרָ֥א בֶן־הַיְמִינִי֮ מִבַּחֻרִים֒ וְה֤וּא קִֽלְלַ֙נִי֙ קְלָלָ֣ה נִמְרֶ֔צֶת בְּי֖וֹם לֶכְתִּ֣י מַחֲנָ֑יִם וְהֽוּא־יָרַ֤ד לִקְרָאתִי֙ הַיַּרְדֵּ֔ן וָאֶשָּׁ֨בַֽע ל֤וֹ בַֽיהֹוָה֙ לֵאמֹ֔ר אִם־אֲמִֽיתְךָ֖ בֶּחָֽרֶב׃</div><div><small>וְהָא עִמָךְ שִׁמְעִי בַר גֵרָא בַּר מִשֵׁבֶט בִּנְיָמִין מֵעוּלֵימַת וְהוּא לְוָטַנִי לְוָטָן מְרִירַן בְּיוֹמָא דַאֲזַלִית לְמַחֲנָיִם וְהוּא נְחַת לָקֳדָמוּתִי לְיַרְדְנָא וְקַיְמִית לֵיהּ בְּמֵימְרָא דַייָ לְמֵימָר דְלָא אֶקְטְלִינָךְ בְּחַרְבָּא:</small></div><div>(<small>ט</small>) וְעַתָּה֙ אַל־תְּנַקֵּ֔הוּ כִּ֛י אִ֥ישׁ חָכָ֖ם אָ֑תָּה וְיָֽדַעְתָּ֙ אֵ֣ת אֲשֶׁ֣ר תַּֽעֲשֶׂה־לּ֔וֹ וְהֽוֹרַדְתָּ֧ אֶת־שֵׂיבָת֛וֹ בְּדָ֖ם שְׁאֽוֹל׃</div><div><small>וּכְעַן לָא תְזַכִּינֵיהּ אֲרֵי גְבַר חַכִּים אַתְּ וְתִידַע יַת דְתַעְבֵּיד לֵיהּ וְתָחֵית יַת שֵׂיבָתֵיהּ בִּקְטָלָא לִשְׁאוֹל:</small></div><div>(<small>י</small>) וַיִּשְׁכַּ֥ב דָּוִ֖ד עִם־אֲבֹתָ֑יו וַיִּקָּבֵ֖ר בְּעִ֥יר דָּוִֽד׃ <span class=""mam-spi-pe"">{פ}</span> </div><div><small>וּשְׁכִיב דָוִד עִם אֲבָהָתוֹהִי וְאִתְקְבַר בְּקַרְתָּא דְדָוִד:</small></div>","<div>2 (7) But show loyal love to the sons of Barzillay the Gil῾adite, and let them be of those that eat at thy table: for they came to me when I fled from Avshalom thy brother.</div><div>(8) And, behold, thou hast with thee Shim῾i the son of Gera, a Binyeminite of Baĥurim, who cursed me with a grievous curse on the day when I went to Maĥanayim: but he came down to meet me at the Yarden, and I swore to him by the Lord, saying, I will not put thee to death with the sword.</div><div>(9) Now therefore hold him not guiltless: for thou art a wise man, and knowst what thou oughtest to do to him; but his hoar head bring thou down to She᾽ol with blood.</div><div>(10) So David slept with his fathers, and was buried in the city of David.</div>",""
"Vayechi","חק לישראל - פרשת ויחי יום שני","6","","<h1><b>כתובים</b></h1>","",""
"Vayechi","חק לישראל - פרשת ויחי יום שני","7","Proverbs 11:5-8","<div>יא (<small>ה</small>) צִדְקַ֣ת תָּ֭מִים תְּיַשֵּׁ֣ר דַּרְכּ֑וֹ וּ֝בְרִשְׁעָת֗וֹ יִפֹּ֥ל רָשָֽׁע׃</div><div><small>צִדְקְתָא דִתְרִיצֵי תִפְצֵי אִנוּן וּבָזוֹזֵי בְשִׁלוּמְהוֹן מִתְאַחֲדִין:</small></div><div>(<small>ו</small>) צִדְקַ֣ת יְ֭שָׁרִים תַּצִּילֵ֑ם וּ֝בְהַוַּ֗ת בֹּגְדִ֥ים יִלָּכֵֽדוּ׃</div><div><small>צִדְקַתְהוֹן דִתְמִימֵי תְּתָּרֵץ אוֹרְחָתֵיהּ וּבְרִשְׁעֵיהּ נָפֵל רַשִׁיעָא:</small></div><div>(<small>ז</small>) בְּמ֤וֹת אָדָ֣ם רָ֭שָׁע תֹּאבַ֣ד תִּקְוָ֑ה וְתוֹחֶ֖לֶת אוֹנִ֣ים אָבָֽדָה׃</div><div><small>כַּד מִית גַבְרָא רַשִׁיעָא יוֹבִיד סִבְרֵיהּ וְסִבּוּרְהוֹן דְאִלֵין דְעָבְדִין עָאתָא יֵיבַד:</small></div><div>(<small>ח</small>) צַ֭דִּיק מִצָּרָ֣ה נֶחֱלָ֑ץ וַיָּבֹ֖א רָשָׁ֣ע תַּחְתָּֽיו׃</div><div><small>צַדִיקָא מִן עַקְתָּא אִשְׁתֵּיזֵב וְעָל בִּישׁ תְּחוֹתוֹהִי:</small></div>","<div>11 (5) The righteousness of the innocent shall direct his way: but the wicked shall fall by his own wickedness.</div><div>(6) The righteousness of the upright shall deliver them: but the faithless shall be caught in their own malice.</div><div>(7) When a wicked man dies, his expectation shall perish: and the hope of unjust men perishes.</div><div>(8) The righteous is delivered out of trouble, and the wicked comes in his stead.</div>",""
"Vayechi","חק לישראל - פרשת ויחי יום שני","8","","<h1><b>משנה</b></h1>","",""
"Vayechi","חק לישראל - פרשת ויחי יום שני","9","Mishnah Shabbat 12","<div>א. הַבּוֹנֶה, כַּמָּה יִבְנֶה וִיהֵא חַיָּב, הַבּוֹנֶה כָּל שֶׁהוּא, וְהַמְסַתֵּת, וְהַמַּכֶּה בַפַּטִּישׁ וּבְמַעֲצָד, הַקּוֹדֵחַ כָּל שֶׁהוּא, חַיָּב. זֶה הַכְּלָל, כָּל הָעוֹשֶׂה מְלָאכָה וּמְלַאכְתּוֹ מִתְקַיֶּמֶת בְּשַׁבָּת, חַיָּב. רַבָּן שִׁמְעוֹן בֶּן גַּמְלִיאֵל אוֹמֵר, אַף הַמַּכֶּה בְקֻרְנָס עַל הַסַּדָּן בִּשְׁעַת מְלָאכָה, חַיָּב, מִפְּנֵי שֶׁהוּא כִמְתַקֵּן מְלָאכָה: 
</div><div>ב. הַחוֹרֵשׁ כָּל שֶׁהוּא, הַמְנַכֵּשׁ וְהַמְקַרְסֵם וְהַמְזָרֵד כָּל שֶׁהוּא, חַיָּב. הַמְלַקֵּט עֵצִים, אִם לְתַקֵּן, כָּל שֶׁהֵן, אִם לְהֶסֵּק, כְּדֵי לְבַשֵּׁל בֵּיצָה קַלָּה. הַמְלַקֵּט עֲשָׂבִים, אִם לְתַקֵּן, כָּל שֶׁהוּא, אִם לִבְהֵמָה, כִּמְלֹא פִי הַגְּדִי: 
</div><div>ג. הַכּוֹתֵב שְׁתֵּי אוֹתִיּוֹת, בֵּין בִּימִינוֹ בֵּין בִּשְׂמֹאלוֹ, בֵּין מִשֵּׁם אֶחָד בֵּין מִשְּׁנֵי שֵׁמוֹת, בֵּין מִשְּׁנֵי סַמְמָנִיּוֹת, בְּכָל לָשׁוֹן, חַיָּב. אָמַר רַבִּי יוֹסֵי, לֹא חִיְּבוּ שְׁתֵּי אוֹתִיּוֹת אֶלָּא מִשּׁוּם רֹשֶׁם, שֶׁכָּךְ הָיוּ כוֹתְבִין עַל קַרְשֵׁי הַמִּשְׁכָּן, לֵידַע אֵיזוֹ בֶן זוּגוֹ. אָמַר רַבִּי, מָצִינוּ שֵׁם קָטָן מִשֵּׁם גָּדוֹל, שֵׁם מִשִּׁמְעוֹן וּשְׁמוּאֵל, נֹחַ מִנָּחוֹר, דָּן מִדָּנִיֵּאל, גָּד מִגַּדִּיאֵל: 
</div><div>ד. הַכּוֹתֵב שְׁתֵּי אוֹתִיּוֹת בְּהֶעְלֵם אֶחָד, חַיָּב. כָּתַב בִּדְיוֹ, בְּסַם, בְּסִקְרָא, בְּקוֹמוֹס וּבְקַנְקַנְתּוֹם, וּבְכָל דָּבָר שֶׁהוּא רוֹשֵׁם, עַל שְׁנֵי כָתְלֵי זָוִיּוֹת וְעַל שְׁנֵי לוּחֵי פִנְקָס, וְהֵן נֶהְגִּין זֶה עִם זֶה, חַיָּב. הַכּוֹתֵב עַל בְּשָׂרוֹ, חַיָּב. הַמְסָרֵט עַל בְּשָׂרוֹ, רַבִּי אֱלִיעֶזֶר מְחַיֵּב חַטָּאת, וְרַבִּי יְהוֹשֻׁעַ פּוֹטֵר: 
</div><div>ה. כָּתַב בְּמַשְׁקִין, בְּמֵי פֵרוֹת, בַּאֲבַק דְּרָכִים, בַּאֲבַק הַסּוֹפְרִים, וּבְכָל דָּבָר שֶׁאֵינוֹ מִתְקַיֵּם, פָּטוּר. לְאַחַר יָדוֹ, בְּרַגְלוֹ, בְּפִיו וּבְמַרְפְּקוֹ, כָּתַב אוֹת אַחַת סָמוּךְ לִכְתָב, וּכְתָב עַל גַּבֵּי כְתָב, נִתְכַּוֵּן לִכְתֹּב חֵי""ת וְכָתַב שְׁנֵי זַיְ""נִין, אֶחָד בָּאָרֶץ וְאֶחָד בַּקּוֹרָה, כָּתַב עַל שְׁנֵי כָתְלֵי הַבַּיִת, עַל שְׁנֵי דַפֵּי פִנְקָס וְאֵין נֶהְגִּין זֶה עִם זֶה, פָּטוּר. כָּתַב אוֹת אַחַת נוֹטָרִיקוֹן, רַבִּי יְהוֹשֻׁעַ בֶּן בְּתֵירָא מְחַיֵּב, וַחֲכָמִים פּוֹטְרִין: 
</div><div>ו. הַכּוֹתֵב שְׁתֵּי אוֹתִיּוֹת בִּשְׁנֵי הֶעְלֵמוֹת, אַחַת שַׁחֲרִית וְאַחַת בֵּין הָעַרְבַּיִם, רַבָּן גַּמְלִיאֵל מְחַיֵּב, וַחֲכָמִים פּוֹטְרִין: 
</div>","<div>1. With regard to <b>one who builds</b> on Shabbat, thereby violating a prohibition in a primary category of prohibited labor, <b>how much</b> must <b>he build</b> to <b>be liable</b> to bring a sin-offering? The Sages said: <b>One who builds</b> is liable for building <b>any amount. And one who chisels, or strikes with a hammer or with an adze,</b> or <b>one who drills</b> a hole <b>of any size</b> on Shabbat, <b>is liable. This is the principle: Anyone who performs a</b> prohibited <b>labor and his labor endures on Shabbat is liable. And so too, Rabban Shimon ben Gamliel says: Even one who strikes an anvil with a sledgehammer during his labor</b> has performed a constructive act and <b>is liable, because he is as one who improves the labor</b> that he is performing.</div><div>2. <b>One who plows</b> is liable for plowing <b>any amount</b> of land on Shabbat. <b>One who weeds</b> and removes grass on Shabbat, <b>and one who removes dry branches and who prunes any amount is liable.</b> With regard to <b>one who gathers wood, if</b> he did so <b>to enhance</b> the tree or the land, he is liable for <b>any amount; if</b> he did so <b>for fuel,</b> he is liable for collecting a measure <b>equivalent</b> to that which is used <b>to cook an easily</b> cooked <b>egg.</b> With regard to <b>one who gathers grass, if</b> he did so <b>to enhance</b> the plants or the land, he is liable for <b>any amount; if</b> he did so to feed <b>an animal,</b> he is liable for collecting a measure <b>equivalent to a goat’s mouthful.</b></div><div>3. <b>One who writes two letters</b> on Shabbat, <b>whether</b> he did so <b>with his right</b> hand <b>or his left, whether</b> they were <b>the same letter or two</b> different <b>letters, whether</b> he did so <b>using two</b> different types of <b>ink, in any language, he is liable. Rabbi Yosei said: One is deemed liable</b> for writing <b>two letters only due to marking, as they</b> would <b>write</b> symbols <b>on</b> adjacent <b>beams of the Tabernacle to know which</b> beam was another beam’s <b>counterpart. Rabbi Yehuda said: We found</b> that one is liable for writing even if he did not complete what he was writing, so that he wrote <b>a small name</b> that constituted part <b>of a longer name,</b> e.g., <b>Shem [<i>shin mem</i>] from</b> the name <b>Shimon</b> or <b>from Shmuel; Noaḥ [<i>nun ḥet</i>] from Naḥor; Dan [<i>dalet nun</i>] from Daniel; Gad [<i>gimmel dalet</i>] from Gaddiel.</b> In all of these cases, the first two letters of the longer name constitute the shorter name.</div><div>4. <b>One who writes two letters</b> on Shabbat <b>during one lapse of awareness is liable.</b> The following substances used as ink are explained in the Gemara. One is liable if <b>he wrote with <i>deyo</i>, with <i>sam</i>, with <i>sikra</i>, with gum [<i>komos</i>], or with copper sulfate [<i>kankantom</i>] or with any substance that makes a mark.</b> If one wrote <b>on two walls</b> of a house that form <b>a corner, or on two parts of a writing tablet, and</b> the two items <b>are read together, he is liable. One who writes on his flesh</b> on Shabbat <b>is liable.</b> If <b>one</b> unwittingly <b>scratches</b> letters <b>on his flesh</b> on Shabbat,<b>Rabbi Eliezer deems</b> him <b>liable</b> to bring <b>a sin-offering and Rabbi Yehoshua deems</b> him <b>exempt.</b></div><div>5. If <b>one wrote with liquids</b> or <b>with fruit juice,</b> or if one drew letters <b>with road dust, with scribes’ dust</b> that they use to dry the ink, <b>or with any substance</b> with <b>which</b> the writing <b>does not endure, he is exempt.</b> Similarly, if one wrote by holding the pen on <b>the back of his hand, with his foot, with his mouth,</b> or <b>with his elbow;</b> if <b>one wrote</b> only <b>a single letter,</b> even if it was <b>adjacent to</b> other preexisting <b>writing;</b> or if <b>one wrote over</b> other <b>writing;</b> if <b>one meant to write</b> the letter <b><i>ḥet</i></b> and instead <b>wrote</b> the two halves of the <i>ḥet</i> as <b>two</b> instances of the letter <b><i>zayin</i>;</b> if one wrote <b>one</b> letter <b>on the ground and one on a rafter;</b> if <b>one wrote</b> one letter <b>on two walls of a house,</b> or <b>on two parts of a writing tablet that are not read together, he is exempt.</b> If <b>one wrote one letter</b> as <b>an abbreviation</b> representing an entire word, <b>Rabbi Yehoshua ben Beteira deems</b> him <b>liable</b> to bring a sin-offering, <b>and the Rabbis deem</b> him <b>exempt.</b></div><div>6. With regard to <b>one who writes two letters</b> on Shabbat <b>in two</b> separate <b>lapses of awareness</b> separated by a period of awareness that the day was Shabbat, writing <b>one</b> letter in <b>the morning and one</b> letter <b>in the afternoon, Rabban Gamliel deems</b> him <b>liable</b> to bring a sin-offering like someone who has unintentionally performed a full-fledged prohibited labor, <b>and the Rabbis deem</b> him <b>exempt.</b></div>",""
"Vayechi","חק לישראל - פרשת ויחי יום שני","10","","<h1><b>גמרא</b></h1>","",""
"Vayechi","חק לישראל - פרשת ויחי יום שני","11","Shabbat 105a:2-5","כָּתַב אוֹת אַחַת נוֹטָרִיקוֹן אָמַר רִבִּי יוֹחָנָן מִשׁוּם רִבִּי יוֹסֵי בֶּן זִמְרָא מְנַיִן לְלָשׁוֹן נוֹטָרִיקוֹן מִן הַתּוֹרָה שֶׁנֶּאֱמַר (בראשית י''ז) כִּי אַב הֲמוֹן גּוֹיִם נְתַתִּיךָ. אַב נְתַתִּיךָ לְאוּמוֹת. בָּחוּר נְתַתִּיךָ בְּאוּמוֹת. הֲמוֹן חָבִיב נְתַתִּיךָ בְּאוּמוֹת. מֶלֶךְ נְתַתִּיךָ לְאוּמוֹת וָתִיק נְתַתִּיךָ בְּאוּמוֹת נֶאֱמָן נְתַתִּיךָ לְאוּמוֹת. רִבִּי יוֹחָנָן דִּידֵיהּ אָמַר, אָנֹכִי נוֹטָרִיקוֹן אֲנָא נַפְשִׁי כְתָבִית יְהָבִית. רַבָּנָן אַמְרֵי, אֲמִירָה נְעִימָה כְּתִיבָה יְהִיבָה. אִיכָּא דְאַמְרֵי אָנֹכִי לְמַפְרֵעַ יְהִיבָה כְּתִיבָה נֶאֱמָנִים אֲמָרֶיהָ. דְּבֵי רִבִּי נָתָן אַמְרֵי (במדבר כ''ב) כִּי יָרַט הַדֶּרֶךְ לְנֶגְדִּי יָרְאָה רָאֲתָה נָטְתָה. דְּבֵי רִבִּי יִשְׁמָעֵאל תָּנָא כַּרְמֶל כַּר מָלֵא. רַב אַחָא בַּר יַעֲקֹב אָמַר (מ''א ב') וְהוּא קִלְּלַנִי קְלָלָה נִמְרֶצֶת נוֹטָרִיקוֹן נוֹאֵף הוּא מוֹאָבִי הוּא רוֹצֵחַ הוּא צוֹרֵר הוּא תּוֹעֵבָה הוּא. רַב נַחְמָן בַּר יִצְחָק אָמַר (בראשית מ''ד) מַה נְּדַבֵּר וּמַה נִּצְטַדָּק נְכוֹנִים אֲנַחְנוּ צַדִּיקִים אֲנַחְנוּ טְהוֹרִים אֲנַחְנוּ דַּכִּים אֲנַחְנוּ קְדוֹשִׁים אֲנַחְנוּ:","<div>We learned in the mishna If <b>one wrote one letter</b> as <b>an abbreviation [<i>notarikon</i>]</b> representing an entire word, <b>Rabbi Yehoshua ben Beteira deems</b> him <b>liable</b> to bring a sin-offering, <b>and the Rabbis deem</b> him <b>exempt. Rabbi Yoḥanan said in the name of Rabbi Yosei ben Zimra: From where</b> is it derived that the <b>language of abbreviation</b> is employed <b>in the Torah? As it is stated:</b> “Neither shall your name any more be called Abram, but your name shall be Abraham; <b>for the father of a multitude of nations [<i>av hamon goyim</i>] have I made you”</b> (Genesis 17:5). The verse itself contracts <i>av hamon</i> into Abraham [<i>Avraham</i>]. The words <i>av hamon</i> themselves are interpreted as an abbreviation: <b>I have made you a father [<i>av</i>] for the nations, I have made you chosen [<i>baḥur</i>] among the nations, I have made you beloved [<i>ḥaviv</i>] among the nations, I have made you king [<i>melekh</i>] for the nations, I have made you distinguished [<i>vatik</i>] for the nations, I have made you trusted [<i>ne’eman</i>] for the nations.</b></div><div><b>Rabbi Yoḥanan himself said</b> that the word <b><i>anokhi</i></b> that begins the Ten Commandments is an <b>abbreviation</b> for: <b>I myself wrote</b> and <b>gave [<i>ana nafshi ketivat yehavit</i>]. The Rabbis said</b> it is an abbreviation for: <b>A pleasant statement was written</b> and <b>given [<i>amira ne’ima ketiva yehiva</i>]. Some say</b> the word <b><i>anokhi</i></b> can be interpreted <b>backwards: It was written, it was given, its statements are faithful [<i>yehiva ketiva ne’emanim amareha</i>].</b></div><div><b>The school of Rabbi Natan said</b> that there is another abbreviation in the Torah. In the verse: “And the angel of the Lord said to him: Why did you hit your donkey these three times? Behold I have come out as an adversary <b>because your way is contrary [<i>yarat</i>] against me”</b> (Numbers 22:32). <i>Yarat</i> is an abbreviation for: The donkey <b>feared [<i>yare’a</i>], it saw [<i>ra’ata</i>],</b> and <b>it turned aside [<i>nateta</i>]. The school of Rabbi Yishmael taught:</b> The word <b><i>karmel</i></b> in the verse: “And bread, and toasted grain flour, and toasted grain [<i>karmel</i>]” (Leviticus 23:14) means: <b>A full kernel [<i>kar maleh</i>],</b> i.e., the seed fills the stalk. <b>Rav Aḥa bar Ya’akov said</b> in King David’s words: “And behold, with you is Shimi ben Gera from Benjamin, of Bahurim, <b>who cursed me with a grievous [<i>nimretzet</i>] curse</b> on the day that I went to Mahanaim” (I Kings 2:8). The word <i>nimretzet</i> is an <b>abbreviation</b> for: <b>He is an adulterer [<i>noef</i>], he is a Moabite [<i>Moavi</i>], he is a murderer [<i>rotze’aḥ</i>], he is an oppressor [<i>tzorer</i>], he is an abomination [<i>to’eva</i>].</b></div><div><b>Rav Naḥman bar Yitzḥak said</b> that there is another abbreviation in the Bible: “And Judah said: What can we say to my master, <b>what can we speak, and how can we justify [<i>nitztadak</i>]”</b> (Genesis 44:16), which stands for: <b>We are honest [<i>nekhonim</i>], we are righteous [<i>tzaddikim</i>], we are pure [<i>tehorim</i>], we are innocent [<i>dakkim</i>], we are holy [<i>kedoshim</i>].</b></div>",""
"Vayechi","חק לישראל - פרשת ויחי יום שני","12","","<h1><b>זוהר</b></h1>","",""
"Vayechi","חק לישראל - פרשת ויחי יום שני","13","Zohar, Vayechi 32","וְשָׁכַבְתִּי עִם אֲבוֹתָי וְגוֹ' רַבִּי יְהוּדָה פָּתַח וְאָמַר (ישעיה מ''ב) הַחֵרְשִׁים שִׁמְעוּ וְהָעִוְּרִים הַבִּיטוּ לִרְאוֹת, הַחֵרְשִׁים שִׁמְעוּ אִלֵּין בְּנֵי נְשָׁא דְּלָא צַיְּתִין לְמִלּוּלֵי אוֹרַיְתָא וְלָא פָּקְחִין אוּדְנַיְהוּ לְמִשְׁמָע לְפִקּוֹדֵי דְּמָארֵיהוֹן, וְהָעִוְּרִים דְּלָא מִסְתַּכְּלִין לְמִנְדַע עַל מַה אִנּוּן קַיְּמִין דְּהָא בְּכָל יוֹמָא וְיוֹמָא כָּרוֹזָא נָפִיק וְקָרֵי וְלֵית מַאן דְּיַשְׁגַּח דְּתַנְיָא אִנּוּן יוֹמִין דְּבַר נַשׁ כַּד אִתְבְּרִי בְּהַהוּא יוֹמָא דְּנָפַק לְעָלְמָא כֻּלְּהוּ קַיְּמִין בְּקִיּוּמַיְהוּ וְאָזְלִין וְטָאסִין בְּעָלְמָא נָחֲתִין וְאַזְהַרָן לִבְנֵי נְשָׁא כָּל יוֹמָא וְיוֹמָא בִּלְחוֹדוֹי, וְכַד הַהוּא יוֹמָא אָתֵי וְאַזְהַר לֵיהּ וּבַר נַשׁ עָבִיד בְּהַהוּא יוֹמָא חוֹבָא קַמֵּי מָארֵיהּ הַהוּא יוֹמָא סָלִיק בְּכִסוּפָא וְאַסְהִיד סַהֲדוּתָא וְקָאִים בִּלְחוֹדוֹי לְבָר, וְתָאנָא בָּתַר דְּקָאִים בִּלְחוֹדוֹי יָתִיב עַד דְּבַר נַשׁ עָבִיד מִנֵּיהּ תְּשׁוּבָה זָכָה תָּב הַהוּא יוֹמָא לְאַתְרֵיהּ לָא זָכָה הַהוּא יוֹמָא נָחִית וְאִשְׁתַּתַּף בְּהוּא רוּחָא דִּלְבָר וְתָב לְבֵיתֵיהּ וְאִתְתַּקַּן בְּדִיּוּקָנֵיהּ דְּהַהוּא בַּר נַשׁ מַמָּשׁ בְּגִין לַאֲבְאָשָׁא לֵיהּ וְדַיָּר עִמֵּיהּ בְּבֵיתָא, וְאִית דְּדִיּוּרָא לְטָב אִי הוּא זָכֵי, וְאִי לָאו דִּיּוּרֵיהּ עִמֵּיהּ לְבִישׁ, בֵּין כָּךְ וּבֵין כָּךְ אִתְפַּקְּדָן אִנּוּן יוֹמִין וַחֲסֵרִים וְלָא עָאלִין בְּמִנְיָנָא דְּאִנּוּן דְּאִשְׁתָּאֲרוּ, וַוי לְהַהוּא בַּר נַשׁ דְּגָרַע יוֹמוֹי קַמֵּי מַלְכָּא קַדִּישָׁא וְלָא שָׁבִיק לְעֵילָא יוֹמִין לְאִתְעַטְּרָא בְּהוּ בְּהַהוּא עָלְמָא וּלְאִתְקַרָבָא בַּהֲדַיְהוּ קַמֵּי מַלְכָּא קַדִּישָׁא, תָּא חֲזֵי כַּד קְרִיבוּ אִנּוּן יוֹמִין קַמֵּי מַלְכָּא קַדִּישָׁא אִי הוּא זַכָּאָה הַאי בַּר נַשׁ דְּנָפִיק מֵעָלְמָא סָלִיק וְעָאל בְּאִנּוּן יוֹמִין וְאִנּוּן לְבוּשֵׁי יְקָר דְּמִתְלַבְּשָׁא בֵּיהּ נִשְׁמָתֵיהּ וְאִנּוּן יוֹמִין הֲווּ דְּזָכָה בְּהוּ וְלָא חָב בְּהוּ, וַוי לְהַהוּא דְּגָרַע יוֹמוֹי לְעֵילָא דְּכַד בָּעאָן לְאַלְבָּשָׁא לֵיהּ בְּיוֹמוֹי אִנּוּן יוֹמִין דְּפָגִים אִיהוּ בְּחוֹבוֹי חֲסֵרִין מֵהַהוּא לְבוּשָׁא וְאִתְלַבַּשׁ בְּמָנָא חֲסֵרָא כָּל שֶׁכֵּן אִי סַגִּיאִין אִנּוּן וְלָא לֶהֱוֵי לֵיהּ לְבַר נַשׁ בַּמֶּה דְּאִתְלַבַּשׁ בְּהַהוּא עָלְמָא כְּדֵין וַוי לֵיהּ וַוי לְנַפְשֵׁיהּ דְּדַיְּנִין לֵיהּ בַּגֵּיהִנָּם עַל אִנּוּן יוֹמִין, יוֹמִין עַל יוֹמִין עַל חַד תְּרֵין, דְּכַד נָפִיק מֵהַאי עָלְמָא לָא אַשְׁכַּח יוֹמִין דְּאִתְלַבַּשׁ בְּהוּ וְלָא הֲוֵי לֵיהּ לְבוּשָׁא בַּמֶּה דְּאִתְכַּסֵי, זַכָּאִין אִנּוּן צַדִּיקַיָּא דְּיוֹמֵיהוֹן כֻּלְּהוֹן טְמִירִין אִנּוּן לְגַבֵּיהּ דְּמַלְכָּא קַדִּישָׁא וְאִתְעֲבִיד מִנַּיְהוּ לְבוּשֵׁי יְקָר לְאִתְלַבָּשָׁא בְּהוּ בְּעָלְמָא דְּאָתֵי:","",""
"Vayechi","חק לישראל - פרשת ויחי יום שני","14","","וְשָׁכַבְתִּי עִם אֲבוֹתַי וְגוֹ'. רַבִּי יְהוּדָה פָּתַח וְאָמַר, (ישעיה מ''ב) הַחֵרְשִׁים שְׁמָעוּ וְהָעִוְּרִים הַבִּיטוּ וְגוֹ'. הַחֵרְשִׁים שְׁמָעוּ, אֵלּוּ הֵם בְּנֵי אָדָם שֶׁאֵינָם מַקְשִׁיבִים לְדִבְרֵי תּוֹרָה, וְאֵינָם פּוֹתְחִים אָזְנֵיהֶם לִשְׁמוֹעַ לְמִצְוַת אֲדוֹנָם. וְהָעִוְּרִים, הֵם, שֶׁאֵינָם מִסְתַּכְּלִים לָדַעַת עַל מַה הֵם חַיִּים, כִּי בְּכָל יוֹם וָיוֹם יוֹצֵא כָּרוֹז, וְקוֹרֵא, וְאֵין מִי שֶׁיַּשְׁגִּיחַ עָלָיו. שֶׁלָּמַדְנוּ, אֵלּוּ הַיָּמִים שֶׁל הָאָדָם מִשָּׁעָה שֶׁנִּבְרָא, הִנֵּה בְּאוֹתוֹ יוֹם שֶׁיָּצָא לָעוֹלָם, נִמְצָאִים כְּבָר כֻּלָּם בְּקִיּוּמָם, וְהוֹלְכִים וּמְשׁוֹטְטִים בָּעוֹלָם, יוֹרְדִים וּמַזְהִירִים אֶת הָאָדָם, כָּל יוֹם וָיוֹם בִּפְנֵי עַצְמוֹ. וְכַאֲשֶׁר הַיּוֹם בָּא וּמַזְהִיר אֶת הָאָדָם, וְהָאָדָם עוֹשֶׂה בַּיּוֹם הַהוּא עֲבֵרָה לִפְנֵי אֲדוֹנוֹ, יוֹם הַהוּא עוֹלֶה בְּבוּשָׁה וּמֵעִיד עֵדוּת עָלָיו, וְהוּא עוֹמֵד בַּחוּץ בִּלְבַדּוֹ. וְלָמַדְנוּ אַחַר שֶׁעוֹמֵד בִּלְבַדּוֹ בַּחוּץ, הוּא יוֹשֵׁב וּמְחַכֶּה עַד שֶׁהָאָדָם יַעֲשֶׂה תְּשׁוּבָה עַל הַחֵטְא. זָכָה וְעָשָׂה תְּשׁוּבָה, שָׁב הַיּוֹם לִמְקוֹמוֹ. לֹא זָכָה, שֶׁלֹּא עָשָׂה תְּשׁוּבָה, אוֹתוֹ יוֹם אֶחָד יוֹרֵד וּמִשְׁתַּתֵּף עִם הָרוּחַ שֶׁבַּחוּץ וְחוֹזֵר לְבֵיתוֹ. וּמִתְתַּקֵּן בְּצוּרַת אוֹתוֹ אָדָם מַמָּשׁ, כְּדֵי לְהָרַע לוֹ. וְהַיּוֹם יוֹשֵׁב עִמּוֹ בְּבֵיתוֹ. וְאִם הוּא זוֹכֶה וְעוֹשֶׂה תְּשׁוּבָה, מְגוּרוֹ עִמּוֹ לַטּוֹב, וְאִם לֹא זָכָה, מְגוּרוֹ עִמּוֹ לָרַע. בֵּין כָּךְ וּבֵין כָּךְ, נִמְנוּ הַיָּמִים שֶׁל אוֹתוֹ אָדָם וְהֵם חֲסֵרִים, וְאֵלּוּ שֶׁנִּשְׁאֲרוּ מֵחֲמַת חַטָּאִים אֵינָם נִכְנָסִים בַּמִּנְיָן, וַוי לְאוֹתוֹ אָדָם שֶׁגָּרַע יָמָיו לִפְנֵי הַמֶּלֶךְ הַקָּדוֹשׁ, וְאֵין לוֹ לְמַעְלָה יָמִים לְהִתְעַטֵּר בָּהֶם בָּעוֹלָם הַהוּא, וְלִקְרָב עִמָּהֶם לִפְנֵי מֶלֶךְ הַקָּדוֹשׁ. בֹּא וּרְאֵה, כְּשֶׁיָּמִים הָאֵלּוּ קְרֵבִים לִפְנֵי מֶלֶךְ הַקָּדוֹשׁ, אִם אוֹתוֹ אָדָם שֶׁנִּפְטָר מִן הָעוֹלָם הוּא צַדִּיק, הוּא עוֹלֶה וְנִכְנָס בַּיָּמִים הָאֵלּוּ, וְהֵם לְבוּשֵׁי כָּבוֹד, שֶׁנִּשְׁמָתוֹ מִתְלַבֶּשֶׁת בּוֹ. וְאֵלּוּ הַיָּמִים הָיוּ מִשּׁוּם שֶׁזָּכָה בָּהֶם וְלֹא חָטָא בָּהֶם. אוֹי לָאָדָם שֶׁגָּרַע יָמָיו לְמַעְלָה, וּכְשֶׁרוֹצִים לְהַלְבִּישׁ אוֹתוֹ בְּיָמָיו, אֵלּוּ הַיָּמִים שֶׁקִּלְקֵל אוֹתָם בַּחַטָּאָיו חֲסֵרִים מִלְבוּשׁ הַהוּא, וְהוּא מִתְלַבֵּשׁ בִּכְלִי חָסֵר, וְכָל שֶׁכֵּן אִם רַבִּים הֵמָּה הַיָּמִים שֶׁנִּתְקַלְקְּלוּ, וְלֹא יִהְיֶה אֶל הָאָדָם בַּמֶּה לְהִתְלַבֵּשׁ בָּעוֹלָם הַהוּא, אוֹי לוֹ אוֹי לְנַפְשׁוֹ שֶׁדָּנִים אוֹתוֹ בַּגֵּיהִנֹּם עַל אֵלּוּ הַיָּמִים, יָמִים עַל יָמִים, יָמִים כְּפוּלִים, עַל יוֹם אֶחָד מַעֲנִישִׁים אוֹתוֹ שְׁנַיִם. וּכְשֶׁהוּא יוֹצֵא מִן הָעוֹלָם אֵינוֹ מוֹצֵא יָמִים לְהִתְלַבֵּשׁ בָּהֶם וְאֵין לוֹ לְבוּשׁ בַּמֶּה לְהִתְכַּסּוֹת. אַשְׁרֵיהֵם הַצַדִּיקִים שֶׁיְּמֵיהֶם כֻּלָּם גְּנוּזִים אֵצֶל הַמֶּלֶךְ הַקָּדוֹשׁ, וְנַעֲשֶׂה מֵהֶם לְבוּשֵׁי כָּבוֹד לְהִתְלַבֵּשׁ בָּהֶם בָּעוֹלָם הַבָּא.","",""
"Vayechi","חק לישראל - פרשת ויחי יום שני","15","","<h1><b>הלכה פסוקה</b></h1>","",""
"Vayechi","חק לישראל - פרשת ויחי יום שני","16","Mishneh Torah, Repentance 2:9","<div><b>א. </b>אֵין הַתְּשׁוּבָה וְלֹא יוֹם הַכִּפּוּרִים מְכַפְּרִין אֶלָּא עַל עֲבֵירוֹת שֶׁבֵּין אָדָם לַמָּקוֹם כְּגוֹן מִי שֶׁאָכַל דָבָר אָסוּר אוֹ בָּעַל בְּעִילָה אֲסוּרָה וְכַיּוֹצֵא בָּהֵן. אֲבָל עֲבֵירוֹת שֶׁבֵּין אָדָם לַחֲבֵירוֹ כְּגוֹן הַחוֹבֵל אֶת חֲבֵירוֹ אוֹ הַמְּקַלֵּל לַחֲבֵירוֹ אוֹ גוֹזְלוֹ וְכַיּוֹצֵא בָהֵן אֵינוֹ נִמְחַל לוֹ לְעוֹלָם עַד שֶׁיִּתֵּן לַחֲבֵירוֹ מַה שֶׁהוּא חַיָּב לוֹ וִירַצֵהוּ:</div><div><b>ב. </b>אַף עַל פִּי שֶׁהֶחֱזִיר לוֹ מָמוֹן שֶׁהוּא חַיָּיב לוֹ צָרִיךְ לְרַצוֹתוֹ וְלִשְׁאוֹל לוֹ מִמֶּנוּ עַד שֶׁיִּמְחוֹל לוֹ. וַאֲפִילוּ לֹא הִקְנִיט אֶת חֲבֵירוֹ אֶלָּא בִּדְבָרִים צָרִיךְ לְפַיְיסוֹ וְלִפְגּוֹעַ בּוֹ עַד שֶׁיִּמְחוֹל לוֹ לֹא רָצָה חֲבֵירוֹ לִמְחוֹל לוֹ מֵבִיא לוֹ שׁוּרָה שֶׁל שְׁלשָׁה בְּנֵי אָדָם מֵרֵעָיו וּפּוֹגְעִין בּוֹ וּמְבַקְשִׁין מִמֶּנּוּ לֹא נִתְרַצָה לָהֶן מֵבִיא לוֹ שְׁנִיָה וּשְׁלִישִׁית. לֹא רָצָה מַנִּיחוֹ וְהוֹלֵךְ לוֹ וְזֶה שֶׁלֹּא מָחַל הוּא הַחוֹטֵא וְאִם הָיָה רַבּוֹ הוֹלֵךְ וּבָא אֲפִילוּ אֶלֶף פְעָמִים עַד שֶׁיִמְחוֹל לוֹ:</div>","<div>Neither repentance nor the Day of Atonement atone for any save for sins committed between man and God, for instance, one who ate forbidden food, or had forbidden coition and the like; but sins between man and man, for instance, one injures his neighbor, or curses his neighbor or plunders him, or offends him in like matters, is ever not absolved unless he makes restitution of what he owes and begs the forgiveness of his neighbor. And, although he make restitution of the monetory debt, he is obliged to pacify him and to beg his forgiveness. Even he offended not his neighbor in aught save in words, he is obliged to appease him and implore him till he be forgiven by him. If his neighbor refuses a committee of three friends to forgive him, he should bring to implore and beg of him; if he still refuses he should bring a second, even a third committee, and if he remains obstinate, he may leave him to himself and pass on, for the sin then rests upon him who refuses forgiveness. But if it happened to be his master, he should go and come to him for forgiveness even a thousand times till he does forgive him.<sup class=""footnote-marker"">10</sup><i class=""footnote"">Ibid. 85b; Baba Kamma, 92a; Yoma, 87b. C.</i></div>",""
"Vayechi","חק לישראל - פרשת ויחי יום שני","17","","<h1><b>מוסר</b></h1>","",""
"Vayechi","חק לישראל - פרשת ויחי יום שני","18","","<div><strong><span style=""color: #999999;"">ספר חרדים דף ע""א ע""א</span></strong></div><div>בַּאֲכָלְךְ יוֹתֵר עַל שׂוֹבְעָךְ הִפְסַדְתָּ וּבִטַּלְתָּ זְמַן הָאֲכִילָה וּזְמַן הַיְצִיאָה וְאִם יַזִּיק הָאִצְטוּמְכָא וְתִהְיֶה טָרוּד בְּצַעֲרָךְ הֲרֵי שְׁלשָׁה זְמַנִּים וְאִם יִגְרוֹם חוֹלִי כְּמַאֲמַר רַמְבַּ''ם הֲרֵי עָבַרְתָּ עַל אַזְהָרַת (דברים ד') וְנִשְׁמַרְתֶּם מְאֹד לְנַפְשׁוֹתֵיכֶם וְאֶפְשַׁר לִגְרוֹם מָוֶת עַל שׂוֹנַאֲךָ וְדָמְךָ מִיָּדְךָ יוֹצְרָךְ יְבַקֵּשׁ וְכָל הַמִּצְוֹת שֶׁבַּתּוֹרָה שֶׁהָיִיתָ עָתִיד לִשְׁמוֹר וְלַעֲשׂוֹת תְּבַטֵל בַּר מִינָן. גְּדוֹלָה לְגִימָה וְאוֹתוֹ מוֹתָר אֲשֶׁר הָיִיתָ מוֹתִיר מִשֹּׂוֹבְעָךְ אִלּוּ הֶאֱכַלְתִּיו לֶעָנִי זָכִיתָ לְחַיֵּי הָעוֹלָם הַזֶּה וְהַבָּא גַם עָבַרְתָּ עַל בַּל תַּשְׁחִית. לָכֵן דִּבְרֵי הָרַמְבַּ''ם תָּשִׂים עֲטָרָה עַל רֹאשֶׁךָ שֶׁכָּתַב לֹא תֹאכַל אֶלָּא כְּשֶׁאַתָּה רָעֵב וְלֹא תִשְׁתֶּה אֶלָּא כְּשֶׁאַתָּה צָמֵא וְלֹא תֹאכַל עַד שֶׁתִּשְׂבַּע לְגַמְרֵי אֶלָּא פָחוֹת שְׁלִישׁ וּלְדִבְרֵי הראב''ד כְּתַעֲנִית לִפְנֵי יוֹצְרָךְ יֵחָשֶׁב לָךְ. לֹא תַעֲנֶה מַהֵר כִּי אִם בְּמָתוּן רַב קָשֶׁב וּרְאֵה הַנּוֹלָד שֶׁיֵּשִׁיבָךְ שֶׁכְּנֶגְדָּךְ וְאִם תִּסְגּוֹר עֵינֶיךָ וְתִמָּלֵךְ בְּיוֹצְרָךְ מַה תָּשִׁיב אוֹ אִם טוֹב לִשְׁתּוֹק מַה טּוֹב חֶלְקָךְ. אֲנִי וָהוּא הוֹשִׁיעָה נָּא רוֹצֶה לוֹמַר כִּי כְּשֶׁאֲנִי וְהוּא לְבַדֵּנוּ בְּהִתְבּוֹדֵד לְעֵת מְצֹא כְּדִכְתִיב בְּסֵפֶר חוֹבַת הַלְּבָבוֹת:</div>","",""
"Vayechi","חק לישראל - פרשת ויחי יום שלישי","1","","<h1><b>תורה</b></h1>","",""
"Vayechi","חק לישראל - פרשת ויחי יום שלישי","2","","<small>יכוין בקריאת חמשה פסוקים אלו שהם כנגד הֶ דמילוי הה ראשונה דשם ב''ן להשאיר בו הארה מתוספת נפש משבת שעברה:</small>","",""
"Vayechi","חק לישראל - פרשת ויחי יום שלישי","3","Genesis 48:7-11","<div>מח (<small>ז</small>) וַאֲנִ֣י <b>׀</b> בְּבֹאִ֣י מִפַּדָּ֗ן מֵ֩תָה֩ עָלַ֨י רָחֵ֜ל בְּאֶ֤רֶץ כְּנַ֙עַן֙ בַּדֶּ֔רֶךְ בְּע֥וֹד כִּבְרַת־אֶ֖רֶץ לָבֹ֣א אֶפְרָ֑תָה וָאֶקְבְּרֶ֤הָ שָּׁם֙ בְּדֶ֣רֶךְ אֶפְרָ֔ת הִ֖וא בֵּ֥ית לָֽחֶם׃</div><div><small>וַאֲנָא בְּמֵיתִי מִפַּדָּן מֵיתַת עֲלַי רָחֵל בְּאַרְעָא דִכְנַעַן בְּאָרְחָא בְּעוֹד כְּרוּבָא דְאַרְעָא לְמֵיעַל לְאֶפְרָת וּקְבָרִתַּהּ תַּמָּן בְּאֹרַח אֶפְרָת הִיא בֵּית לָחֶם:</small></div><div>(<small>ח</small>) וַיַּ֥רְא יִשְׂרָאֵ֖ל אֶת־בְּנֵ֣י יוֹסֵ֑ף וַיֹּ֖אמֶר מִי־אֵֽלֶּה׃</div><div><small>וַחֲזָא יִשְׂרָאֵל יָת בְּנֵי יוֹסֵף וַאֲמַר מַן אִלֵּין:</small></div><div>(<small>ט</small>) וַיֹּ֤אמֶר יוֹסֵף֙ אֶל־אָבִ֔יו בָּנַ֣י הֵ֔ם אֲשֶׁר־נָֽתַן־לִ֥י אֱלֹהִ֖ים בָּזֶ֑ה וַיֹּאמַ֕ר קָֽחֶם־נָ֥א אֵלַ֖י וַאֲבָרְכֵֽם׃</div><div><small>וַאֲמַר יוֹסֵף לַאֲבוּהִי בְּנַי אִנּוּן דִּיהַב לִי יְיָ <b>הָכָא</b> וַאֲמַר <b>קָרֵבִנּוּן כְּעַן</b> לְוָתִי וְאֵבָרֵכִנּוּן:</small></div><div>(<small>י</small>) וְעֵינֵ֤י יִשְׂרָאֵל֙ כָּבְד֣וּ מִזֹּ֔קֶן לֹ֥א יוּכַ֖ל לִרְא֑וֹת וַיַּגֵּ֤שׁ אֹתָם֙ אֵלָ֔יו וַיִּשַּׁ֥ק לָהֶ֖ם וַיְחַבֵּ֥ק לָהֶֽם׃</div><div><small>וְעֵינֵי יִשְׂרָאֵל יְקָרָן מִסֵּיבוּ לָא יִכּוּל לְמֶחֱזֵי וְקָרִיב יָתְהוֹן לְוָתֵיהּ וְנַשִּׁיק לְהוֹן וְגַפִּיף לְהוֹן:</small></div><div>(<small>יא</small>) וַיֹּ֤אמֶר יִשְׂרָאֵל֙ אֶל־יוֹסֵ֔ף רְאֹ֥ה פָנֶ֖יךָ לֹ֣א פִלָּ֑לְתִּי וְהִנֵּ֨ה הֶרְאָ֥ה אֹתִ֛י אֱלֹהִ֖ים גַּ֥ם אֶת־זַרְעֶֽךָ׃</div><div><small>וַאֲמַר יִשְׂרָאֵל לְיוֹסֵף לְמֶחֱזֵי אַפָּיךְ לָא סְבָרִית וְהָא אַחֲזִי יָתִי יְיָ אַף יָת בְּנָךְ:</small></div>","<div>48 (7) And as for me, when I came from Paddan, Raĥel died by me in the land of Kena῾an on the way, when yet there was but a little way to come to Efrat: and I buried her there in the way of Efrat; that is Bet-leĥem.</div><div>(8) And Yisra᾽el beheld Yosef’s sons, and said, Who are these?</div><div>(9) And Yosef said to his father, They are my sons, whom God has given me in this place. And he said, Bring them, I pray thee, to me, and I will bless them.</div><div>(10) Now the eyes of Yisra᾽el were dim from age, so that he could not see. And he brought them near to him; and he kissed them, and embraced them.</div><div>(11) And Yisra᾽el said to Yosef, I had not thought to see thy face: and, lo, God has shown me also thy children.</div>",""
"Vayechi","חק לישראל - פרשת ויחי יום שלישי","4","","<h1><b>נביאים</b></h1>","",""
"Vayechi","חק לישראל - פרשת ויחי יום שלישי","5","I Kings 2:11-15","<div>ב (<small>יא</small>) וְהַיָּמִ֗ים אֲשֶׁ֨ר מָלַ֤ךְ דָּוִד֙ עַל־יִשְׂרָאֵ֔ל אַרְבָּעִ֖ים שָׁנָ֑ה בְּחֶבְר֤וֹן מָלַךְ֙ שֶׁ֣בַע שָׁנִ֔ים וּבִירֽוּשָׁלַ֣͏ִם מָלַ֔ךְ שְׁלֹשִׁ֥ים וְשָׁלֹ֖שׁ שָׁנִֽים׃</div><div><small>וְיוֹמַיָא דִי מְלַךְ דָוִד עַל יִשְׂרָאֵל אַרְבְּעִין שְׁנִין בְּחֶבְרוֹן מְלַךְ שְׁבַע שְׁנִין וּבִירוּשָׁלֵם מְלַךְ תְּלָתִין וּתְלַת שְׁנִין:</small></div><div>(<small>יב</small>) וּשְׁלֹמֹ֕ה יָשַׁ֕ב עַל־כִּסֵּ֖א דָּוִ֣ד אָבִ֑יו וַתִּכֹּ֥ן מַלְכֻת֖וֹ מְאֹֽד׃ <span class=""mam-spi-samekh"">{ס}</span>        </div><div><small>וּשְׁלֹמֹה יָתֵיב עַל כּוּרְסֵי מַלְכוּתָא דְדָוִד אֲבוּהִי וְאִתְקִינַת מַלְכוּתֵיהּ לַחֲדָא:</small></div><div>(<small>יג</small>) וַיָּבֹ֞א אֲדֹנִיָּ֣הוּ בֶן־חַגִּ֗ית אֶל־בַּת־שֶׁ֙בַע֙ אֵם־שְׁלֹמֹ֔ה וַתֹּ֖אמֶר הֲשָׁל֣וֹם בֹּאֶ֑ךָ וַיֹּ֖אמֶר שָׁלֽוֹם׃</div><div><small>וַאֲתָא אֲדוֹנִיָהוּ בַר חֲגִית לְוַת בַּת שֶׁבַע אִמֵיהּ דִשְׁלֹמֹה וַאֲמַרַתּ הַשְׁלֵם מֵיתָךְ וַאֲמַר שְׁלָם:</small></div><div>(<small>יד</small>) וַיֹּ֕אמֶר דָּבָ֥ר לִ֖י אֵלָ֑יִךְ וַתֹּ֖אמֶר דַּבֵּֽר׃</div><div><small>וַאֲמַר פִּתְגָם אִית לִי לְמַלָלָא עִמָךְ וַאֲמַרַת מַלֵיל:</small></div><div>(<small>טו</small>) וַיֹּ֗אמֶר אַ֤תְּ יָדַ֙עַתְּ֙ כִּי־לִי֙ הָיְתָ֣ה הַמְּלוּכָ֔ה וְעָלַ֞י שָׂ֧מוּ כׇֽל־יִשְׂרָאֵ֛ל פְּנֵיהֶ֖ם לִמְלֹ֑ךְ וַתִּסֹּ֤ב הַמְּלוּכָה֙ וַתְּהִ֣י לְאָחִ֔י כִּ֥י מֵיְהֹוָ֖ה הָ֥יְתָה לּֽוֹ׃</div><div><small>וַאֲמַר אַתְּ יְדַעַתְּ אֲרֵי דִילִי הֲוַת מַלְכוּתָא וַעֲלַי שַׁוִיאוּ כָל יִשְׂרָאֵל אַפֵּיהוֹן לְמֶהֱוֵי מַלְכָּא וְאִסְתְחָרַת מַלְכוּתָא וַהֲוַת לַאֲחִי אֲרֵי מִן קֳדָם יְיָ הֲוַת לֵיהּ:</small></div>","<div>2 (11) And the days that David reigned over Yisra᾽el were forty years: seven years he reigned in Ḥevron, and thirty three years he reigned in Yerushalayim.</div><div>(12) Then Shelomo sat upon the throne of David his father; and his kingdom was firmly established.</div><div>(13) And Adoniyyahu the son of Ḥaggit came to Bat-sheva the mother of Shelomo. And she said, Comest thou peaceably? And he said, Peaceably.</div><div>(14) He said moreover, I have something to say to thee. And she said, Say on.</div><div>(15) And he said, Thou knowst that the kingdom was mine, and that all Yisra᾽el set their faces on me, that I should reign: but the kingdom is turned about, and is become my brother’s: for it was his from the Lord.</div>",""
"Vayechi","חק לישראל - פרשת ויחי יום שלישי","6","","<h1><b>כתובים</b></h1>","",""
"Vayechi","חק לישראל - פרשת ויחי יום שלישי","7","Proverbs 11:9-13","<div>יא (<small>ט</small>) בְּפֶ֗ה חָ֭נֵף יַשְׁחִ֣ת רֵעֵ֑הוּ וּ֝בְדַ֗עַת צַדִּיקִ֥ים יֵחָלֵֽצוּ׃</div><div><small>נִכְלָא בְּפוּמֵיהּ מְחַבֵּל חַבְרֵיהּ וְצַדִיקֵי בִּידִיעַתְהוֹן מִשְׁתֵּיזְבִין:</small></div><div>(<small>י</small>) בְּט֣וּב צַ֭דִּיקִים תַּעֲלֹ֣ץ קִרְיָ֑ה וּבַאֲבֹ֖ד רְשָׁעִ֣ים רִנָּֽה׃</div><div><small>בְּטָבַתְהוֹן דְצַדִיקֵי תְּדוּץ קִרְיַתְהוֹן וּבְּיוּבְדָנָא דְרַשִׁיעֵי חֶדְוָתָא:</small></div><div>(<small>יא</small>) בְּבִרְכַּ֣ת יְ֭שָׁרִים תָּר֣וּם קָ֑רֶת וּבְפִ֥י רְ֝שָׁעִ֗ים תֵּהָרֵֽס׃</div><div><small>בְּבִרְכַּתְהוֹן דְצַדִיקֵי תִּתְרוֹמַם מְדִנְתָּא וּבְפוּמְהוֹן דְרַשִׁיעֵי תִּתְעַקָר:</small></div><div>(<small>יב</small>) בׇּז־לְרֵעֵ֥הוּ חֲסַר־לֵ֑ב וְאִ֖ישׁ תְּבוּנ֣וֹת יַחֲרִֽישׁ׃</div><div><small>דְשַׁט לְחַבְרֵיהּ חֲסִיר רַעְיָנָא הוּא וְגַבְרָא דְמִתְבַּיֵן שָׁתֵיק:</small></div><div>(<small>יג</small>) הוֹלֵ֣ךְ רָ֭כִיל מְגַלֶּה־סּ֑וֹד וְנֶאֱמַן־ר֝֗וּחַ מְכַסֶּ֥ה דָבָֽר׃</div><div><small>אָכֵל קֻרְצָא גָלֵי רָזָא וְדִמְהֵמָן בְּרוּחֵיהּ מְכַסֵי מִלְתָא:</small></div>","<div>11 (9) A hypocrite destroys his neighbour with his mouth: but the just shall be delivered through knowledge.</div><div>(10) When it goes well with the righteous, the city rejoices: but when the wicked perish, there is jubilation.</div><div>(11) By the blessing of the upright a city is exalted: but it is overthrown by the mouth of the wicked.</div><div>(12) He that is void of wisdom despises his neighbour: but a man of understanding holds his peace.</div><div>(13) A talebearer reveals secrets: but he that is of a faithful spirit conceals the matter.</div>",""
"Vayechi","חק לישראל - פרשת ויחי יום שלישי","8","","<h1><b>משנה</b></h1>","",""
"Vayechi","חק לישראל - פרשת ויחי יום שלישי","9","Mishnah Yevamot 12","<div>א. מִצְוַת חֲלִיצָה בִּשְׁלֹשָׁה דַיָּנִין, וַאֲפִלּוּ שְׁלָשְׁתָּן הֶדְיוֹטוֹת. חָלְצָה בְמִנְעָל, חֲלִיצָתָהּ כְּשֵׁרָה. בְּאַנְפִּילִין, חֲלִיצָתָהּ פְּסוּלָה. בְּסַנְדָּל שֶׁיֶּשׁ לוֹ עָקֵב, כָּשֵׁר. וְשֶׁאֵין לוֹ עָקֵב, פָּסוּל. מִן הָאַרְכֻּבָּה וּלְמַטָּה, חֲלִיצָתָהּ כְּשֵׁרָה. מִן הָאַרְכֻּבָּה וּלְמַעְלָה, חֲלִיצָתָהּ פְּסוּלָה: 
</div><div>ב. חָלְצָה בְסַנְדָּל שֶׁאֵינוֹ שֶׁלּוֹ, אוֹ בְסַנְדָּל שֶׁל עֵץ, אוֹ בְשֶׁל שְׂמֹאל בַּיָּמִין, חֲלִיצָתָהּ כְּשֵׁרָה. חָלְצָה בְגָדוֹל שֶׁהוּא יָכוֹל לַהֲלוֹךְ בּוֹ, אוֹ בְקָטָן שֶׁהוּא חוֹפֶה אֶת רֹב רַגְלוֹ, חֲלִיצָתָהּ כְּשֵׁרָה. חָלְצָה בַלַּיְלָה, חֲלִיצָתָהּ כְּשֵׁרָה, וְרַבִּי אֱלִיעֶזֶר פּוֹסֵל. בַּשְּׂמֹאל, חֲלִיצָתָהּ פְּסוּלָה, וְרַבִּי אֱלִיעֶזֶר מַכְשִׁיר: 
</div><div>ג. חָלְצָה וְרָקְקָה, אֲבָל לֹא קָרְאָה, חֲלִיצָתָהּ כְּשֵׁרָה. קָרְאָה וְרָקְקָה, אֲבָל לֹא חָלְצָה, חֲלִיצָתָהּ פְּסוּלָה. חָלְצָה וְקָרְאָה, אֲבָל לֹא רָקְקָה, רַבִּי אֱלִיעֶזֶר אוֹמֵר, חֲלִיצָתָהּ פְּסוּלָה. רַבִּי עֲקִיבָא אוֹמֵר, חֲלִיצָתָהּ כְּשֵׁרָה. אָמַר רַבִּי אֱלִיעֶזֶר, כָּכָה יֵעָשֶׂה (דברים כה), כָּל דָּבָר שֶׁהוּא מַעֲשֶׂה, מְעַכֵּב. אָמַר לוֹ רַבִּי עֲקִיבָא, מִשָּׁם רְאָיָה, כָּכָה יֵעָשֶׂה לָאִישׁ, כָּל דָּבָר שֶׁהוּא מַעֲשֶׂה בָאִישׁ: 
</div><div>ד. הַחֵרֵשׁ שֶׁנֶּחֱלַץ וְהַחֵרֶשֶׁת שֶׁחָלְצָה, וְהַחוֹלֶצֶת לַקָּטָן, חֲלִיצָתָהּ פְּסוּלָה. קְטַנָּה שֶׁחָלְצָה, תַּחֲלֹץ מִשֶּׁתַּגְדִּיל. וְאִם לֹא חָלְצָה, חֲלִיצָתָהּ פְּסוּלָה: 
</div><div>ה. חָלְצָה בִשְׁנַיִם, אוֹ בִשְׁלֹשָׁה, וְנִמְצָא אֶחָד מֵהֶן קָרוֹב אוֹ פָסוּל, חֲלִיצָתָהּ פְּסוּלָה. רַבִּי שִׁמְעוֹן וְרַבִּי יוֹחָנָן הַסַּנְדְּלָר מַכְשִׁירִין. וּמַעֲשֶׂה בְאֶחָד שֶׁחָלַץ בֵּינוֹ לְבֵינָהּ בְּבֵית הָאֲסוּרִין, וּבָא מַעֲשֶׂה לִפְנֵי רַבִּי עֲקִיבָא וְהִכְשִׁיר: 
</div><div>ו. מִצְוַת חֲלִיצָה. בָּא הוּא וִיבִמְתּוֹ לְבֵית דִּין, וְהֵן מַשִּׂיאִין לוֹ עֵצָה הַהוֹגֶנֶת לוֹ, שֶׁנֶּאֱמַר, (דברים כה) וְקָרְאוּ לוֹ זִקְנֵי עִירוֹ וְדִבְּרוּ אֵלָיו. וְהִיא אוֹמֶרֶת, מֵאֵן יְבָמִי לְהָקִים לְאָחִיו שֵׁם בְּיִשְׂרָאֵל, לֹא אָבָה יַבְּמִי. וְהוּא אוֹמֵר, לֹא חָפַצְתִּי לְקַחְתָּהּ. וּבִלְשׁוֹן הַקֹּדֶשׁ הָיוּ אוֹמְרִים. וְנִגְּשָׁה יְבִמְתּוֹ אֵלָיו לְעֵינֵי הַזְּקֵנִים וְחָלְצָה נַעֲלוֹ מֵעַל רַגְלוֹ וְיָרְקָה בְּפָנָיו, רֹק הַנִּרְאֶה לַדַּיָּנִים. וְעָנְתָה וְאָמְרָה כָּכָה יֵעָשֶׂה לָאִישׁ אֲשֶׁר לֹא יִבְנֶה אֶת בֵּית אָחִיו, עַד כָּאן הָיוּ מַקְרִין. וּכְשֶׁהִקְרָא רַבִּי הֻרְקְנוֹס תַּחַת הָאֵלָה בִּכְפַר עֵיטָם וְגָמַר אֶת כָּל הַפָּרָשָׁה, הֻחְזְקוּ לִהְיוֹת גּוֹמְרִין כָּל הַפָּרָשָׁה. וְנִקְרָא שְׁמוֹ בְּיִשְׂרָאֵל בֵּית חֲלוּץ הַנָּעַל. מִצְוָה בַדַּיָּנִין, וְלֹא מִצְוָה בַתַּלְמִידִים. רַבִּי יְהוּדָה אוֹמֵר, מִצְוָה עַל כָּל הָעוֹמְדִים שָׁם לוֹמַר, חֲלוּץ הַנָּעַל, חֲלוּץ הַנָּעַל, חֲלוּץ הַנָּעַל: 
</div>","<div>1. <b>The mitzva of <i>ḥalitza</i>,</b> the ritual through which the <i>yavam</i> frees the <i>yevama</i> of her levirate bonds, <b>must be</b> performed before <b>three judges, and</b> the ritual does not require the judges to be experts fit to adjudicate other matters, as <b>even if all three are laymen,</b> it is acceptable. <b>If she performed <i>ḥalitza</i></b> while he was wearing <b>a shoe</b> made of soft leather that covers the whole foot, <b>her <i>ḥalitza</i> is valid,</b> but if she performed <i>ḥalitza</i> while he was wearing <b>a soft shoe [<i>anpileya</i>]</b> made of cloth, <b>her <i>ḥalitza</i> is invalid,</b> as it is not considered a real shoe. If <i>ḥalitza</i> was performed while he was wearing <b>a sandal,</b> i.e., footwear made of hard leather, <b>that has a heel,</b> it is <b>valid; but</b> if performed with a sandal <b>without a heel, it is invalid</b> <i>ḥalitza</i>. If the leg of the <i>yavam</i> was amputated anywhere <b>from the knee down</b> and she performed <i>ḥalitza</i> as he wore a shoe on the stump of his leg, <b>it is valid <i>ḥalitza</i>.</b> If, however, the leg was amputated anywhere <b>from the knee and above,</b> and she performed <i>ḥalitza</i> as he wore a shoe on the stump of his leg, <b>it is invalid <i>ḥalitza</i>. </b></div><div>2. If she performed <i>ḥalitza</i> while the man was wearing <b>a sandal that did not belong to him, or a sandal made of wood, or on the left</b> shoe, <b>which was</b> being worn <b>on his right</b> foot, <b>it is valid <i>ḥalitza</i>. If she performed <i>ḥalitza</i></b> as the man was wearing a shoe that was too <b>large</b> for him but <b>which he can</b> still <b>walk in, or</b> a shoe that was too <b>small</b> but <b>that covered most of his foot, her <i>ḥalitza</i> is valid.</b> If a woman <b>performed <i>ḥalitza</i> at night, her <i>ḥalitza</i> is valid, but Rabbi Elazar invalidates it.</b> If she performed <i>ḥalitza</i> <b>on</b> the <b>left foot, her <i>ḥalitza</i> is invalid, but Rabbi Elazar validates it.</b> </div><div>3. If she, i.e., the <i>yevama</i>, <b>removed</b> the shoe <b>and spat</b> in accordance with the <i>halakha</i> <b>but did not recite</b> the necessary text, <b>her <i>ḥalitza</i> is valid.</b> If <b>she recited</b> the text <b>and spat but did not remove</b> the shoe, <b>her <i>ḥalitza</i> is disqualified.</b> If <b>she removed</b> the shoe <b>and recited</b> the text <b>but did not spit, Rabbi Elazar says: Her <i>ḥalitza</i> is disqualified,</b> while <b>Rabbi Akiva says: Her <i>ḥalitza</i> is valid.</b> <b>Rabbi Elazar said to him:</b> The verse states: <b>“So shall it be done</b> to the man who does not build his brother’s house” (Deuteronomy 25:9). “So” is an exclusionary term indicating that only precisely in this fashion is <i>ḥalitza</i> valid. Therefore, <b>any term that constitutes an action</b> for <i>ḥalitza</i> <b>is indispensable. Rabbi Akiva said to him:</b> You derive <b>proof from there?</b> But it states: <b>“So shall it be done to the man”</b> indicating that only <b>a term constituting an action toward the man,</b> namely any aspect of <i>ḥalitza</i> that concerns the man’s body, such as removal of his shoe, is indispensable. But spitting, which does not involve the man, although it takes place in his presence, is not indispensable.</div><div>4. The mishna lists additional <i>halakhot</i> with regard to <i>ḥalitza</i>. <b>If a deaf-mute man underwent <i>ḥalitza</i>, or a deaf-mute woman performed <i>ḥalitza</i>, or if an</b> adult <b>woman performs <i>ḥalitza</i> with a male minor, her <i>ḥalitza</i> is invalid</b> and the woman may not marry. <b>If a female minor performed <i>ḥalitza</i>, she must perform <i>ḥalitza</i></b> a second time <b>once she becomes an adult, and if she does not perform</b> the second <b><i>ḥalitza</i>, her</b> first <b><i>ḥalitza</i> is invalid.</b></div><div>5.  If she performed <i>ḥalitza</i> before two or three judges <b>and one of them is found to be a relative or disqualified</b> as a judge for some other reason, <b>her <i>ḥalitza</i> is invalid. Rabbi Shimon and Rabbi Yoḥanan the Cobbler validate</b> the <i>ḥalitza</i> in this case. <b>And an incident</b> occurred <b>involving a certain</b> person <b>who performed <i>ḥalitza</i> between him and her alone in prison,</b> i.e., not in the presence of others, <b>and the case came before Rabbi Akiva and he validated</b> it.</div><div>6. <b>The mitzva of <i>ḥalitza</i></b> is performed as follows: <b>He and his <i>yevama</i> come to the court, and</b> the scholars of the court <b>give him advice appropriate for him,</b> whether to enter levirate marriage or to perform <i>ḥalitza</i>, <b>as it is stated: “And the Elders of his city shall call him and speak to him”</b> (Deuteronomy 25:8). If they decide to perform <i>ḥalitza</i>, <b>she says: “My brother-in-law refused to establish a name for his brother in Israel, he did not wish to consummate the levirate marriage”</b> (Deuteronomy 25:7), <b>and</b> afterward <b>he says: “I do not wish to take her”</b> (Deuteronomy 25:8). <b>And they would say</b> these statements <b>in the sacred</b> Hebrew <b>language</b> and not in any other language. Afterward, the shoe is removed and she spits before him, as is written: <b>“His <i>yevama</i> shall approach him, before the Elders, and remove his shoe from on his foot and spit before him”</b> (Deuteronomy 25:9), which indicates that <b>this spittle</b> must be <b>visible to the judges. “And</b> she shall <b>respond and say: So shall it be done to the man who does not build his brother’s house”</b> (Deuteronomy 25:9). <b>Up until this point</b> the judges <b>would prompt</b> the parties <b>to recite</b> the text that they are required to say. <b>And when Rabbi Hyrkanus once prompted</b> the participants in <i>ḥalitza</i> <b>under the <i>ela</i> tree in the village</b> of <b>Eitam, he</b> prompted them to <b>finish reciting the whole</b> Torah <b>passage,</b> after which <b>they established the custom of completing the whole</b> Torah <b>passage.</b> Therefore, they continue and say the following verse: <b>“And his name shall be called in Israel: The house of he who had his shoe removed”</b> (Deuteronomy 25:10). <b>This mitzva</b> of saying: The house of he who had his shoe removed, applies <b>to the judges, but not to the students,</b> i.e., the students of the judges and other onlookers who are present. <b>Rabbi Yehuda says: It is a mitzva upon all those present to say: He who had his shoe removed.</b></div>",""
"Vayechi","חק לישראל - פרשת ויחי יום שלישי","10","","<h1><b>גמרא</b></h1>","",""
"Vayechi","חק לישראל - פרשת ויחי יום שלישי","11","Yevamot 105a:13-18","אָמַר רִבִּי יוֹנָתָן מְנַיִן לִגְזַר דִּין שֶׁיֵּשׁ עִמּוֹ שְׁבוּעָה שֶׁאֵינוֹ מִתְקָרֵעַ שֶׁנֶּאֱמַר (ש''א ג') לָכֵן נִשְׁבַּעְתִּי לְבֵית עֵלִי אִם יִתְכַּפֵּר עֲוֹן בֵּית עֵלִי בְּזֶבַח וּבְמִנְחָה עַד עוֹלָם. אָמַר רָבָא בְּזֶבַח ובְמִנְחָה אֵינוֹ מִתְכַפֵּר אֲבָל מִתְכַפֵּר הוּא בְּדִבְרֵי תוֹרָה אַבַּיֵּי אָמַר בְּזֶבַח ובְמִנְחָה אֵינוֹ מִתְכַּפֵּר אֲבָל מִתְכַּפֵּר בִּגְמִילוּת חֲסָדִים. רַבָּה וְאַבַּיֵּי מִדְּבֵית עֵלִי קָאָתוּ רַבָּה דְעָסַק בַּתּוֹרָה חָיָה אַרְבָּעִין שְׁנִין. אַבַּיֵּי דְעָסַק בַּתּוֹרָה וּבִגְמִילוּת חֲסָדִים חָיָה שִׁתִּין שְׁנִין. תָּנוּ רַבָּנָן מִשְׁפָּחָה אַחַת הָיְתָה בִירוּשָׁלַיִם שֶׁהָיוּ מֵתִים כְּבֶן שְׁמֹנֶה עֶשְׂרֵה שָׁנָה. בָּאוּ וְהוֹדִיעוּ אֶת רַבָּן יוֹחָנָן בֶּן זַכַּאי אָמַר לָהֶם שֶׁמָּא מִמִּשְׁפַּחַת עֵלִי אַתֶּם שֶׁנֶּאֱמַר (שם ב') וְכָל מַרְבִּית בֵּיתֶךָ יָמוּתוּ אֲנָשִׁים לְכוּ וְעִסְקוּ בַתּוֹרָה וְתִחְיוּ הָלְכוּ וְעָסְקוּ בַתּוֹרָה וְחָיוּ. וְהָיוּ קוֹרִין אוֹתָן מִשְׁפַּחַת יוֹחָנָן עַל שְׁמוֹ. אָמַר רַב שְׁמוּאֵל בַּר אוּנְיָא אָמַר רַב מְנַיִן לִגְזַר דִּין שֶׁל צִבּוּר שֶׁאֵינוֹ נֶחְתָּם. אֵינוֹ נֶחְתָּם וְהָכְּתִיב (ירמי' ב') כִּי אִם תְּכַבְּסִי בַּנֶּתֶר וְתַרְבִּי לָךְ בּוֹרִית נִכְתָּם עֲוֹנֵךְ לְפָנָי. אֶלָּא מִנַיִן שֶׁאֲפִילוּ נֶחְתָּם מִתְקָרֵעַ שֶׁנֶּאֱמַר (דברים ד') מִי כַּה' אֱלֹהֵינוּ בְּכָל קָרְאֵנוּ אֵלָיו. וְהָכְּתִיב (ישעי' נ''ה) דִּרְשׁוּ ה' בְּהִמָּצְאוֹ. לֹא קַשְׁיָא הָא בְּיָחִיד הָא בְּצִבּוּר. יָחִיד אֵימַת אָמַר רַב נַחְמָן אָמַר רַבָּה בַּר אַבּוּהָ אֵלּוּ עֲשָׂרָה יָמִים שֶׁבֵּין רֹאשׁ הַשָּׁנָה לְיוֹם הַכִּפּוּרִים:","<div>This is <b>in accordance with the words of Rav Shmuel bar Ami, as Rav Shmuel bar Ami said</b> that <b>Rabbi Yonatan said: From where</b> is it derived <b>that a sentence of judgment accompanied by an oath cannot be torn up?</b> It is <b>as it is stated: “Therefore I have sworn unto the house of Eli, that the iniquity of Eli’s house shall not be atoned for with sacrifice nor offering forever”</b> (I Samuel 3:14), which indicates that due to the accompanying oath, the sentence of judgment cannot ever be rescinded, even if offerings of atonement are brought.</div><div>Apropos this verse, the Gemara mentions what <b>Rabba said</b> with regard to it: <b>With sacrifice and offering,</b> one from the house of Eli <b>will not be atoned for, but he may gain atonement through words of Torah</b> study. <b>Abaye said: Through sacrifice and offering he may not achieve atonement, but he may gain atonement through acts of kindness.</b> The Gemara relates that <b>Rabba and Abaye</b> themselves <b>descended from the house of Eli. Rabba, who immersed himself</b> primarily <b>in Torah</b> study, <b>lived forty years, while Abaye, who immersed himself</b> both <b>in Torah and acts of kindness, lived sixty years.</b> They both lived longer lives than usual for descendants of the house of Eli, due to their actions.</div><div>The Gemara relates a similar story from a <i>baraita</i>: <b>The Sages taught: There was a certain family in Jerusalem whose children were dying at around age eighteen.</b> The members of the family <b>came and told Rabban Yoḥanan ben Zakkai</b> about these tragic deaths. <b>He said to them: Perhaps you are from the house of Eli, as it is stated: “All the increase of your house shall die young men”</b> (I Samuel 2:33), which teaches that as soon as they reach full maturity, old enough to be called “men,” they die. Therefore, you must <b>go out and immerse yourselves in Torah, and</b> you will <b>live. They went and immersed themselves in Torah and lived</b> longer lives, <b>and</b> people <b>would call them: The family of Yoḥanan, after his name,</b> as the advice he gave them enabled them to live.</div><div>With regard to a decree of judgment that cannot be torn up, <b>Rav Shmuel bar Unya said</b> that <b>Rav said: From where</b> is it derived <b>that a sentence of judgment upon a community is never sealed?</b> The Gemara expresses surprise: <b>Is it</b> truly <b>not sealed? But isn’t it written: “For although you wash yourself with niter, and take much soap for yourself, yet your iniquity is marked before Me”</b> (Jeremiah 2:22), indicating that there is no longer any atonement for iniquity of a community.</div><div><b>Rather,</b> one must say as follows: <b>From where</b> is it derived that <b>even when</b> a community’s sentence <b>is sealed, it may be torn up</b> as a result of repentance, <b>as it is stated: “For what</b> great nation is there, that has God so close unto them, <b>as the Lord our God is whenever we call upon Him?”</b> (Deuteronomy 4:7). The Gemara objects: <b>But isn’t it written</b> in another verse: <b>“Seek the Lord while He may be found,</b> call upon Him when He is near<b>”</b> (Isaiah 55:6), implying that God is not always near and may not always answer whenever we call upon Him? The Gemara answers: This contradiction is <b>not difficult. This</b> verse <b>is concerning an individual</b> who must seek God where He is found, as He is not always equally accessible to answer those who call out to Him. <b>That</b> first verse <b>is concerning a community,</b> for whom He is accessible “whenever we call upon Him.”</div><div>The Gemara asks: For an individual, <b>when</b> is the time that God is close to him? <b>Rav Naḥman said</b> that <b>Rabba bar Avuh said: These are the ten days that are between Rosh HaShana and Yom Kippur.</b></div>",""
"Vayechi","חק לישראל - פרשת ויחי יום שלישי","12","","<h1><b>זוהר</b></h1>","",""
"Vayechi","חק לישראל - פרשת ויחי יום שלישי","13","Zohar, Vayechi 38","הַמַּלְאָךְ הַגּוֹאֵל אוֹתִי מִכָּל רָע יְבָרֵךְ אֶת הַנְּעָרִים וְגוֹ', רַבִּי חִיָּא פָּתַח וְאָמַר (משלי י''ט) בַּיִת וָהוֹן נַחֲלַת אָבוֹת וְכִי נַחֲלַת אָבוֹת אִינְהוּ וְהָא קֻדְשָׁא בְּרִיךְ הוּא יָהִיב כֹּלָא לְבַר נַשׁ אֶלָּא דְּכֵיוָן דַּאַחֲסִין בֵּיתָא לְבַר נַשׁ וּמָמוֹנָא לְזִמְנִין דְּיַחֲסִין כֹּלָא לִבְרֵיהּ וִיהֵא אַחֲסַנָא דְּאָבוֹת אֲבָל וּמֵיְיָ אִשָּׁה מַשְׂכָּלֶת בְּגִין דְּאִתְּתָא כַּד אַחֲסִין לָהּ בַּר נַשׁ מֵעִם קֻדְשָׁא בְּרִיךְ הוּא אַחֲסִין לָהּ דְּהָא לָא יַחֲסִין לָהּ קֻדְשָׁא בְּרִיךְ הוּא לְבַר נַשׁ אֶלָּא כַּד מַכְרִיזִין עֲלֵיהּ בִּרְקִיעָא דְּקֻדְשָׁא בְּרִיךְ הוּא מְזַוֵּג זִוּוּגִין עַד לָא יֵיתוּן לְעָלְמָא, וְכַד זָכוּ בְּנֵי נְשָׁא לְפוּם עוֹבָדֵיהוֹן הָכִי יָהֲבֵי לוֹן אִתְתָא וְכֹלָּא אִתְגַלְיָן קַמֵּיהּ דְּקֻדְשָׁא בְּרִיךְ הוּא וּלְפוּם עוֹבָדִין דְּזַכָּאִין הָכִי מְזַוֵּג זִוּוּגִין וּלְזִמְנִין דְּקָא סָלִיקוּ בִּקְלִיטִין וְאַסְטֵי הַהוּא בַּר נַשׁ אָרְחֵיהּ סָלִיק זִוּוּגֵיהּ לְאַחֲרָא עַד דְּיִכְשָׁר עוֹבָדוֹי וְכַד יִכְשָׁר עוֹבָדוֹי אוֹ דְּמָטֵי זִמְנֵיהּ אִתְדָחֵי גְּבָר מִקַּמֵּי גְּבָר וְאָתֵי הַאי וְנָטִיל דִּילֵיהּ וְדָא קָשֵׁי קַמֵּי קֻדְשָׁא בְּרִיךְ הוּא מִכֹּלָּא לְדַחְיָא בַּר נַשׁ מִקַּמֵּי גַּבְרָא אָחֳרָא וּבְגִין כָּךְ קֻדְשָׁא בְּרִיךְ הוּא אִיהוּ יָהִיב אִתְּתָא לְבַר נַשׁ וּמִנֵּיהּ אַתְיָן זִוּוּגִין, וְעַל דָּא וּמֵיְיָ אִשָּׁה מַשְׂכָּלֶת בְּגִין כָּךְ קֻדְשָׁא בְּרִיךְ הוּא יָהִיב כֹּלָּא לְבַר נַשׁ, וְאִי תֵּימָא אִשָּׁה מַשְׂכָּלֶת וְלָא אָחֳרָא תָּא חֲזֵי אַף עַל גַּב דְּקֻדְשָׁא בְּרִיךְ הוּא אַזְמִין טָבָאן לְבַר נַשׁ לְמֵיהַב לֵיהּ וְהוּא אִסְטֵי אָרְחוֹי מֵעִם קֻדְשָׁא בְּרִיךְ הוּא לְגַבֵּי סִטְרָא אָחֳרָא מֵהַהוּא דְּאִתְדַבַּק בֵּיהּ יֵיתֵי לֵיהּ מַאן דְּיֵיתֵי בְּכָל (נ''א כָּל) קִטְרוּגִין וְכָל בִּישִׁין וְלָא אַתְיָן לֵיהּ מֵעִם קֻדְשָׁא בְּרִיךְ הוּא אֶלָּא מֵהַהוּא סִטְרָא בִּישָׁא דְּאִתְדַבַּק בֵּיהּ בְּאִנּוּן עוֹבָדִין דְּעָבַד וְעַל דָּא אִתְּתָא דְּלָאו אִיהִי מַשְׂכָּלֶת קָרָא עַל דָּא שְׁלֹמֹה (קהלת ז') וּמוֹצֵא אֲנִי מַר מִמָּוֶת אֶת הָאִשָּׁה בְּגִין דְּחוֹבוֹי דְּבַר נַשׁ הוּא מָשִׁיךְ עֲלֵיהּ בְּאִנּוּן עוֹבָדִין דְּעָבַד וְעַל דָּא כַּד קֻדְשָׁא בְּרִיךְ הוּא אִתְרָעֵי בֵּיהּ בְּבַר נַשׁ בְּגִין עוֹבָדוֹי דְּכַשְׁרָן אִיהוּ אַזְמִין לֵיהּ אִנְתּוּ דְּאִיהִי מַשְׂכָּלֶת וּפָרִיק לֵיהּ בְּפוּרְקָן מִגּוֹ סִטְרָא אָחֳרָא וְעַל דָּא אָמַר יַעֲקֹב הַמַּלְאָךְ הַגּוֹאֵל אוֹתִי מִכָּל רָע מַאי מִכָל רָע דְּלָא אִזְדַּמְּנָת לִי אִתְּתָא דְּאִיהִי מִגּוֹ סִטְרָא אָחֳרָא וְלָא אִעֲרַע פִּסוּל בְּזַרְעִי (ס''א בְּעַרְסִי) דְּכֻלְּהוּ צַדִּיקֵי וּשְׁלֵמֵי בִּשְׁלִימוּ בְּגִין דְּאִתְפְּרָק מִכָּל רָע:","",""
"Vayechi","חק לישראל - פרשת ויחי יום שלישי","14","","הַמַּלְאָךְ הַגּוֹאֵל אוֹתִי וְגוֹ': רַבִּי חִיָּא פָּתַח וְאָמַר, (משלי י''ט) בַּיִת וָהוֹן נַחֲלַת אָבוֹת. וְכִי נַחֲלַת אָבוֹת הֵם, וַהֲרֵי הַקָּדוֹשׁ בָּרוּךְ הוּא נוֹתֵן הַכֹּל לִבְנֵי אָדָם. אֶלָּא כֵּיוָן שֶׁהַקָּדוֹשׁ בָּרוּךְ הוּא מְזַכֶּה אֶת הָאָדָם בְּבַיִת וָהוֹן, לִפְעָמִים שֶׁיּוֹרִישׁ הַכֹּל לִבְנוֹ וְיִהְיֶה אֶצְלוֹ נַחֲלַת אָבוֹת. אֲבָל וּמֵיְיָ אִשָּׁה מַשְׂכָּלֶת, כִּי אִשָּׁה, כְּשֶׁהָאָדָם זוֹכֶה בָּהּ, מִן הַקָּדוֹשׁ בָּרוּךְ הוּא זוֹכֶה אוֹתָהּ, כִּי אֵין הַקָּדוֹשׁ בָּרוּךְ הוּא מְזַכֶּה בָּהּ אֶת הָאָדָם, אֶלָּא אַחַר שֶׁמַּכְרִיזִים עָלָיו בָּרָקִיעַ. כִּי הַקָּדוֹשׁ בָּרוּךְ הוּא מְזַוֵּג זִוּוּגִים מִטֶּרֶם שֶׁבָּא לָעוֹלָם, וּכְשֶׁזָּכוּ בָּהֶם בְּנֵי אָדָם, לְפִי מַעֲשֵׂיהֶם נוֹתְנִים לָהֶם אִשָּׁה, וְכָל מַעֲשֵׂיהֶם שֶׁל בְּנֵי אָדָם גְּלוּיִם לִפְנֵי הַקָּדוֹשׁ בָּרוּךְ הוּא, וּלְפִי מַעֲשֵׂיהֶם שֶׁל הַצַדִּיקִים כָּךְ מְזַוֵּג זִוּוּגִים, מִקּוֹדֶם שֶׁבָּא לָעוֹלָם. וְלִפְעָמִים שֶׁעָלוּ בְּחִבּוּר, וּכְשֶׁנּוֹלָד קִלְקֵל הָאָדָם אֶת דַּרְכּוֹ, אָז נִתָּן זִוּוּגוֹ לְאַחֵר, עַד שֶׁיְּיַשֵּׁר אֶת מַעֲשָׂיו, וְאִם הֵטִיב אֶת מַעֲשָׂיו אוֹ הִגִּיעַ זְמַנּוֹ, נִדְחָה גֶּבֶר מִפְּנֵי גֶּבֶר, וּבָא זֶה וְנוֹטֵל אֶת שֶׁלּוֹ. וְזֶה קָשֶׁה מִכֹּל לִפְנֵי הַקָּדוֹשׁ בָּרוּךְ הוּא, לִדְחוֹת אָדָם מִפְּנֵי אָדָם אַחֵר. וּמִשּׁוּם זֶה, הַקָּדוֹשׁ בָּרוּךְ הוּא הוּא הַנוֹתֵן אִשָּׁה לָאָדָם, וּמִמֶּנּוּ בָּאִים הַזִּוּוּגִים. וְעַל כֵּן כָּתוּב וּמֵה' אִשָּׁה מַשְׂכָּלֶת. מִשּׁוּם זֶה, הָאֱמֶת הוּא, שֶׁהַקָּדוֹשׁ בָּרוּךְ הוּא נוֹתֵן הַכֹּל לָאָדָם, וְאִם תֹּאמַר, שֶׁרַק אִשָּׁה מַשְׂכָּלֶת נוֹתֵן וְלֹא דָּבָר אַחֵר, בֹּא וּרְאֵה, אַף עַל פִּי שֶׁהַקָּדוֹשׁ בָּרוּךְ הוּא מַזְמִין טוֹב לָתֵת לָאָדָם, אִם הָאָדָם הִטָּה דְּרָכָיו מִן הַקָּדוֹשׁ בָּרוּךְ הוּא לַסִּטְרָא אַחֲרָא, הִנֵּה מֵאוֹתוֹ סִטְרָא אַחֲרָא שֶׁנִּתְדַבֵּק בּוֹ, בְּכָל הַקִּטְרוּגִים וּבְכָל הָרָעוֹת, יָבֹא לוֹ מַה שֶּׁיָּבֹא, וְאֵינָם בָּאִים לוֹ מִן הַקָּדוֹשׁ בָּרוּךְ הוּא אֶלָּא מֵאוֹתוֹ צַד הָרַע שֶׁנִּתְדַבֵּק בּוֹ מֵחֲמַת הַמַּעֲשִׂים שֶׁעָשָׂה. וְעַל כֵּן אִשָּׁה שֶׁאֵינָהּ מַשְׂכָּלֶת, קוֹרֵא עָלָיו שְׁלֹמֹה (קהלת ז') וּמוֹצֵא אֲנִי מַר מִמָּוֶת אֶת הָאִשָּׁה, מִשּׁוּם שֶׁהוּא מָשַׁךְ אוֹתָהּ עָלָיו, עַל יְדֵי עֲוֹנוֹתָיו עַל יְדֵי הַמַעֲשִׂים שֶׁעָשָׂה, וְלֹא עַל יְדֵי הַקָּדוֹשׁ בָּרוּךְ הוּא, וְעַל כֵּן כְּשֶׁהַקָּדוֹשׁ בָּרוּךְ הוּא חָפֵץ בָּאָדָם מִשּׁוּם מַעֲשָׂיו הַטּוֹבִים, הוּא מַזְמִין לוֹ אִשָּׁה שֶׁהִיא מַשְׂכֶּלֶת, וְגוֹאֵל אוֹתוֹ מִתּוֹךְ הַסִּטְרָא אַחֲרָא. וְעַל כֵּן אָמַר יַעֲקֹב, הַמַּלְאָךְ הַגּוֹאֵל אוֹתִי מִכָּל רָע. מַהוּ מִכָּל רָע, שֶׁלֹּא נִזְדַּמְנָה לִי אִשָּׁה, שֶׁהִיא מִן סִטְרָא אַחֲרָא, וְלֹא קָרָה פְּסּוּל בְּזַרְעִי, שֶׁכֻּלָּם צַדִּיקִים וּשְׁלֵמִים, בִּשְׁלֵמוּת, מִשּׁוּם שֶׁנִּגְאָל מִכָּל רָע.","",""
"Vayechi","חק לישראל - פרשת ויחי יום שלישי","15","","<h1><b>הלכה פסוקה</b></h1>","",""
"Vayechi","חק לישראל - פרשת ויחי יום שלישי","16","Mishneh Torah, Repentance 2:10-11","<div><b>א. </b>אָסוּר לְאָדָם לִהְיוֹת אַכְזָרִי וְשֶׁלֹּא יִתְפַּיֵּיס אֶלָּא יְהֵא נוֹחַ לִרְצוֹת וְקָשֶׁה לִכְעוֹס וּבְשָׁעָה שֶׁמְּבַקֵּשׁ מִמֶּנּוּ הַחוֹטֵא לִמְחוֹל מוֹחֵל בְּלֵב שָׁלֵם וּבְנֶפֶשׁ חֲפֵצָה אֲפִילוּ הֵצַר לוֹ וְחָטָא לוֹ הַרְבֵּה לֹא יִקּוֹם וְלֹא יִטּוֹר וְזֶהוּ דַרְכָּם שֶׁל זֶרַע יִשְׂרָאֵל וְלִבָּם הַנָּכוֹן. אֲבָל הַכּוּתִים עוֹבְדֵי אֱלִילִים עַרְלֵי לֵב אֵינָן כֵּן אֶלָּא עֶבְרָתָן שְׁמוּרָה נֶצַח וְכֵן הוּא אוֹמֵר עַל הַגִּבְעוֹנִים לְפִי שֶׁלֹּא מָחֲלוּ וְלֹא נִתְפַּיְיסוּ וְהַגִּבְעוֹנִים לֹא מִבְּנֵי יִשְׂרָאֵל הֵמָּה:</div><div><b>ב. </b>הַחוֹטֵא לַחֲבֵירוֹ וּמֵת חֲבֵירוֹ קוֹדֶם שֶׁיְּבַקֵּשׁ מִמֶּנּוּ מְחִילָה מֵבִיא עֲשָׂרָה בְּנֵי אָדָם וּמַעֲמִידָן עַל קִבְרוֹ וְיֹאמַר בִּפְנֵיהֶם חָטָאתִי לַה' אֱלֹהֵי יִשְׂרָאֵל וְלִפְלוֹנִי זֶה שֶׁכַּךְ וְכַךְ עַשִׂיתִי לוֹ וְאִם הָיָה חַיָּיב לוֹ מָמוֹן יַחֲזִירוֹ לְיוֹרְשִׁים לֹא הָיָה יוֹדֵעַ לוֹ יוֹרְשִׁין יַנִּיחֶנוּ בְּבֵית דִּין וְיִתְוַדֶּה:</div>","<div>It is forbidden for man to be ill-natured and unforgiving, for he must be easily appeased but unwidely to wrath; and when a sinner implores him for pardon, he should grant him pardon wholeheartedly and soulfully. Even if one persecuted him and sinned against him exceedingly he should not be vengeful and grudge-bearing, for such is the path of the seed of Israel and of their excellent heart. Only the idolaters are not so, they are of uncircumcised heart, and their wrath is ever-watchful; and, because the Gibonites were unforgiving and unappeasing, that of them it is said: ""Now the Gibonites were not of the children of Israel"" (II. Samuel, 21.2).<sup class=""footnote-marker"">11</sup><i class=""footnote"">Baba Kamma, 92a. C.</i></div><div>One who committed a sin against a friend, and the friend died before he asked his forgiveness, should bring ten adults at his grave and there say: ""I have sinned against the Lord God of Israel and against this man (naming him), and I have done against him thus and such (naming the sins). If he was indebted to him he should return the money to the heirs; if he knew not of his heirs he should leave the amount with the tribunal, whenafter his confession should be delivered.<sup class=""footnote-marker"">12</sup><i class=""footnote"">Yoma, 86a; Baba Kamma, 103a. C.</i></div>",""
"Vayechi","חק לישראל - פרשת ויחי יום שלישי","17","","<h1><b>מוסר</b></h1>","",""
"Vayechi","חק לישראל - פרשת ויחי יום שלישי","18","","<div><strong><span style=""color: #999999;"">ספר דברים שבקדושה ס""א</span></strong></div><div>א. יֵצֶר הָרָע אֵינוֹ מָצוּי אֶלָּא מִתּוֹךְ מַאֲכָל וּמִשְׁתֶּה דְמִתּוֹךְ מַאֲכָל וּמִשְׁתֶּה יֵצֶר הָרָע מִתְרַבֶּה בָּאָדָם: ב. כָּל הָעוֹנֶשׁ שֶׁמְּקַבֵּל הָאָדָם בָּעוֹלָם הַנְּשָׁמוֹת אֵינוֹ אֶלָּא בַּעֲבוּר פִּיו שֶׁנֶּאֱמַר (קהלת ו) כָּל עֲמַל הָאָדָם לְפִיהוּ שֶׁנִּטְמָא בְּמַאֲכָלוֹת אֲסוּרוֹת וּבְלָשׁוֹן הָרָע וְנִבְלוּת הַפֶּה וְכַיּוֹצֵא: ג. אוֹי לָהֶם לַיּוֹשְׁבִים חֲבוּרוֹת חֲבוּרוֹת לֶאֱכוֹל וְלִשְׁתּוֹת וְאֵינָם יְרֵאִים מֵה' וְהַשָּׂטָן מְרַקֵּד עִמָּהֶם וְשָׂמֵחַ. וְהַמִּשְׁתַּכְּרִים כּוֹרְתִים הַשֶׁפַע וְהַבְּרָכָה הַיּוֹרֶדֶת לְיִשְׂרָאֵל: ד. הָאוֹכֵל עִם מַכְחִישֵׁי הַתּוֹרָה אִם תַּלְמִיד חָכָם הוּא מְזַלְזֵל תּוֹרָתוֹ וּמְבַזְבֵּז מָמוֹנוֹ וּמְאַבֵּד בָּנָיו רַחֲמָנָא לִיצְלָן וְעַל זֶה נֶאֱמַר (משלי כא) שׁוֹמֵר פִּיו וּלְשׁוֹנוֹ שׁוֹמֵר מִצָרוֹת נַפְשׁוֹ:</div>","",""
"Vayechi","חק לישראל - פרשת ויחי יום רביעי","1","","<h1><b>תורה</b></h1>","",""
"Vayechi","חק לישראל - פרשת ויחי יום רביעי","2","","<small>יכוין בקריאת ששה פסוקים אלו שהם כנגד וָ דמילוי וו דשם ב''ן לקנות הארת מתוספת נפש יתרה משבת הבאה:</small>","",""
"Vayechi","חק לישראל - פרשת ויחי יום רביעי","3","Genesis 48:12-17","<div>מח (<small>יב</small>) וַיּוֹצֵ֥א יוֹסֵ֛ף אֹתָ֖ם מֵעִ֣ם בִּרְכָּ֑יו וַיִּשְׁתַּ֥חוּ לְאַפָּ֖יו אָֽרְצָה׃</div><div><small>וְאַפֵּיק יוֹסֵף יָתְהוֹן מִן <b>קֳדָמוֹהִי</b> וּסְגִיד עַל אַפּוֹהִי עַל אַרְעָא:</small></div><div>(<small>יג</small>) וַיִּקַּ֣ח יוֹסֵף֮ אֶת־שְׁנֵיהֶם֒ אֶת־אֶפְרַ֤יִם בִּֽימִינוֹ֙ מִשְּׂמֹ֣אל יִשְׂרָאֵ֔ל וְאֶת־מְנַשֶּׁ֥ה בִשְׂמֹאל֖וֹ מִימִ֣ין יִשְׂרָאֵ֑ל וַיַּגֵּ֖שׁ אֵלָֽיו׃</div><div><small>וּדְבַר יוֹסֵף יָת תַּרְוֵיהוֹן יָת אֶפְרַיִם בִּימִינֵיהּ מִסְּמָאלָא דְיִשְׂרָאֵל וְיָת מְנַשֶּׁה בִסְּמָאלֵיהּ מִימִינָא דְיִשְׂרָאֵל וְקָרֵיב לְוָתֵיהּ:</small></div><div>(<small>יד</small>) וַיִּשְׁלַח֩ יִשְׂרָאֵ֨ל אֶת־יְמִינ֜וֹ וַיָּ֨שֶׁת עַל־רֹ֤אשׁ אֶפְרַ֙יִם֙ וְה֣וּא הַצָּעִ֔יר וְאֶת־שְׂמֹאל֖וֹ עַל־רֹ֣אשׁ מְנַשֶּׁ֑ה שִׂכֵּל֙ אֶת־יָדָ֔יו כִּ֥י מְנַשֶּׁ֖ה הַבְּכֽוֹר׃</div><div><small>וְאוֹשִׁיט יִשְׂרָאֵל יָת יְמִינֵיהּ וְשַׁוִּי עַל רֵישָׁא דְאֶפְרַיִם וְהוּא זְעֵירָא וְיָת סְמָאלֵיהּ עַל רֵישָׁא דִמְנַשֶּׁה אַחְכִּימִנּוּן לִידוֹהִי אֲרֵי מְנַשֶּׁה בּוּכְרָא:</small></div><div>(<small>טו</small>) וַיְבָ֥רֶךְ אֶת־יוֹסֵ֖ף וַיֹּאמַ֑ר הָֽאֱלֹהִ֡ים אֲשֶׁר֩ הִתְהַלְּכ֨וּ אֲבֹתַ֤י לְפָנָיו֙ אַבְרָהָ֣ם וְיִצְחָ֔ק הָֽאֱלֹהִים֙ הָרֹעֶ֣ה אֹתִ֔י מֵעוֹדִ֖י עַד־הַיּ֥וֹם הַזֶּֽה׃</div><div><small>וּבָרִיךְ יָת יוֹסֵף וַאֲמָר יְיָ דִּי <b>פְלָחוּ</b> אֲבָהָתַי קֳדָמוֹהִי אַבְרָהָם וְיִצְחָק יְיָ <b>דְּזַן</b> יָתִי מִדְּאִיתָנִי עַד יוֹמָא הָדֵין:</small></div><div>(<small>טז</small>) הַמַּלְאָךְ֩ הַגֹּאֵ֨ל אֹתִ֜י מִכׇּל־רָ֗ע יְבָרֵךְ֮ אֶת־הַנְּעָרִים֒ וְיִקָּרֵ֤א בָהֶם֙ שְׁמִ֔י וְשֵׁ֥ם אֲבֹתַ֖י אַבְרָהָ֣ם וְיִצְחָ֑ק וְיִדְגּ֥וּ לָרֹ֖ב בְּקֶ֥רֶב הָאָֽרֶץ׃</div><div><small>מַלְאָכָא דִּי פְרַק יָתִי מִכָּל בִּישָׁא יְבָרֵךְ יָת עוּלֵימַיָּא וְיִתְקְרֵי בְהוֹן שְׁמִי וְשׁוּם אֲבָהָתַי אַבְרָהָם וְיִצְחָק וּכְנוּנֵי <b>יַמָּא</b> יִסְגּוּן <b>בְּגוֹ בְנֵי אֱנָשָׁא עַל</b> אַרְעָא:</small></div><div>(<small>יז</small>) וַיַּ֣רְא יוֹסֵ֗ף כִּי־יָשִׁ֨ית אָבִ֧יו יַד־יְמִינ֛וֹ עַל־רֹ֥אשׁ אֶפְרַ֖יִם וַיֵּ֣רַע בְּעֵינָ֑יו וַיִּתְמֹ֣ךְ יַד־אָבִ֗יו לְהָסִ֥יר אֹתָ֛הּ מֵעַ֥ל רֹאשׁ־אֶפְרַ֖יִם עַל־רֹ֥אשׁ מְנַשֶּֽׁה׃</div><div><small>וַחֲזָא יוֹסֵף אֲרֵי שַׁוִּי אָבוּהִי יַד יְמִינֵיהּ עַל רֵישָׁא דְאֶפְרַיִם וּבְאֵישׁ בְּעֵינוֹהִי וּסְעֵד יְדָא דְאָבוּהִי לְאַעֲדָאָה יָתַהּ מֵעַל רֵישָׁא דְאֶפְרַיִם לְאַנָּחוּתַהּ עַל רֵישָׁא דִמְנַשֶּׁה:</small></div>","<div>48 (12) And Yosef brought them out from between his knees, and he bowed himself with his face to the earth.</div><div>(13) And Yosef took them both, Efrayim in his right hand toward Yisra᾽el’s left hand, and Menashshe in his left hand toward Yisra᾽el’s right hand, and he presented them to him.</div><div>(14) And Yisra᾽el stretched out his right hand, and laid it upon Efrayim’s head, who was the younger, and his left hand upon Menashshe’s head, changing his hands; for Menashshe was the first-born.</div><div>(15) And he blessed Yosef, and said, God, before Whom my fathers Avraham and Yiżĥaq did walk, the God Who has been my shepherd all my life long until this day,</div><div>(16) the angel who redeemed me from all evil, bless the lads; and let my name be named on them, and the name of my fathers Avraham and Yiżĥaq; and let them grow into a multitude in the midst of the earth.</div><div>(17) And when Yosef saw that his father laid his right hand upon the head of Efrayim, it displeased him: and he held up his father’s hand, to remove it from Efrayim’s head to Menashshe’s head.</div>",""
"Vayechi","חק לישראל - פרשת ויחי יום רביעי","4","","<h1><b>נביאים</b></h1>","",""
"Vayechi","חק לישראל - פרשת ויחי יום רביעי","5","I Kings 2:16-21","<div>ב (<small>טז</small>) וְעַתָּ֗ה שְׁאֵלָ֤ה אַחַת֙ אָֽנֹכִי֙ שֹׁאֵ֣ל מֵֽאִתָּ֔ךְ אַל־תָּשִׁ֖בִי אֶת־פָּנָ֑י וַתֹּ֥אמֶר אֵלָ֖יו דַּבֵּֽר׃</div><div><small>וּכְעַן שְׁאָלָא חֲדָא אֲנָא שָׁאֵיל מִנִיךְ לָא תְתִיבִין יַת אַפָּי וַאֲמַרַת לֵיהּ מַלֵל:</small></div><div>(<small>יז</small>) וַיֹּ֗אמֶר אִמְרִי־נָא֙ לִשְׁלֹמֹ֣ה הַמֶּ֔לֶךְ כִּ֥י לֹֽא־יָשִׁ֖יב אֶת־פָּנָ֑יִךְ וְיִתֶּן־לִ֛י אֶת־אֲבִישַׁ֥ג הַשּׁוּנַמִּ֖ית לְאִשָּֽׁה׃</div><div><small>וַאֲמַר אִמְרִי כְעַן לִשְׁלֹמֹה מַלְכָּא אֲרֵי לָא יְתִיב יַת אַפָּיִךְ וִיהַב לִי יַת אֲבִישַׁג דְמִן שׁוּנֵם לְאִתּוּ:</small></div><div>(<small>יח</small>) וַתֹּ֥אמֶר בַּת־שֶׁ֖בַע ט֑וֹב אָנֹכִ֕י אֲדַבֵּ֥ר עָלֶ֖יךָ אֶל־הַמֶּֽלֶךְ׃</div><div><small>וַאֲמַרַת בַּת שֶׁבַע טַב אֲנָא אֲמַלֵיל עֲלָךְ קֳדָם מַלְכָּא:</small></div><div>(<small>יט</small>) וַתָּבֹ֤א בַת־שֶׁ֙בַע֙ אֶל־הַמֶּ֣לֶךְ שְׁלֹמֹ֔ה לְדַבֶּר־ל֖וֹ עַל־אֲדֹנִיָּ֑הוּ וַיָּ֩קׇם֩ הַמֶּ֨לֶךְ לִקְרָאתָ֜הּ וַיִּשְׁתַּ֣חוּ לָ֗הּ וַיֵּ֙שֶׁב֙ עַל־כִּסְא֔וֹ וַיָּ֤שֶׂם כִּסֵּא֙ לְאֵ֣ם הַמֶּ֔לֶךְ וַתֵּ֖שֶׁב לִימִינֽוֹ׃</div><div><small>וַאֲתַת בַּת שֶׁבַע לָקֳדָם מַלְכָּא שְׁלֹמֹה לְמַלָלָא עִמֵיהּ עַל אֲדֹנִיָהוּ וְקָם מַלְכָּא לָקֳדָמוּתָהּ וּסְגִיד לָהּ וִיתֵיב עַל כּוּרְסֵיהּ וְשַׁוִי כּוּרְסָא לְאִמָא דְמַלְכָּא וִיתֵיבַת לְיַמִינֵיהּ:</small></div><div>(<small>כ</small>) וַתֹּ֗אמֶר שְׁאֵלָ֨ה אַחַ֤ת קְטַנָּה֙ אָֽנֹכִי֙ שֹׁאֶ֣לֶת מֵֽאִתָּ֔ךְ אַל־תָּ֖שֶׁב אֶת־פָּנָ֑י וַיֹּֽאמֶר־לָ֤הּ הַמֶּ֙לֶךְ֙ שַׁאֲלִ֣י אִמִּ֔י כִּ֥י לֹא־אָשִׁ֖יב אֶת־פָּנָֽיִךְ׃</div><div><small>וַאֲמַרַת שְׁאָלָא חֲדָא זְעֵירָא אֲנָא שַׁאֲלָא מִנָךְ לָא תְתִיב יַת אַפַּי וַאֲמַר לָהּ מַלְכָּא שְׁאִילִי אִמִי אֲרֵי לָא אֲתִיב יַת אַפָּיִךְ:</small></div><div>(<small>כא</small>) וַתֹּ֕אמֶר יֻתַּ֖ן אֶת־אֲבִישַׁ֣ג הַשֻּׁנַמִּ֑ית לַאֲדֹנִיָּ֥הוּ אָחִ֖יךָ לְאִשָּֽׁה׃</div><div><small>וַאֲמַרַת תִּתְיְהַב יַת אֲבִישַׁג דְמִן שׁוּנֵם לַאֲדֹנִיָהוּ אֲחוּךְ לְאִתּוּ:</small></div>","<div>2 (16) And now I ask one petition of thee, deny me not. And she said to him, Say on.</div><div>(17) And he said, Speak, I pray thee, to Shelomo the king, (for he will not refuse thee,) that he give me Avishag the Shunammite to wife.</div><div>(18) And Bat-sheva said, Well; I will speak for thee to the king.</div><div>(19) Bat-sheva therefore went to king Shelomo, to speak to him for Adoniyyahu. And the king rose up to meet her, and bowed himself down to her, and sat down on his throne, and caused a seat to be set for the king’s mother; and she sat on his right hand.</div><div>(20) Then she said, I desire one small petition of thee; do not deny me. And the king said to her, Ask on, my mother: for I will not deny thee.</div><div>(21) And she said, Let Avishag the Shunammite be given to Adoniyyahu thy brother to wife.</div>",""
"Vayechi","חק לישראל - פרשת ויחי יום רביעי","6","","<h1><b>כתובים</b></h1>","",""
"Vayechi","חק לישראל - פרשת ויחי יום רביעי","7","Proverbs 11:14-19","<div>יא (<small>יד</small>) בְּאֵ֣ין תַּ֭חְבֻּלוֹת יִפׇּל־עָ֑ם וּ֝תְשׁוּעָ֗ה בְּרֹ֣ב יוֹעֵֽץ׃</div><div><small>בְּאַתְרָא דְלֵית מְדַבְּרָא נָפֵל עַמָא וּפוּרְקָנָא יֵיתֵי בְסוּגְעָה דְמִלְכְּתָנוּתָא:</small></div><div>(<small>טו</small>) רַע־יֵ֭רוֹעַ כִּי־עָ֣רַב זָ֑ר וְשֹׂנֵ֖א תֹקְעִ֣ים בּוֹטֵֽחַ׃</div><div><small>בִּישָׁא מַבְאֵשׁ בְּצַדִיקָא מְטוּל דְהוּא עֲרַב חִילוֹנַי וְסָנֵי לְאִלֵין דְסָיְמִין סִבְרֵהוֹן בֵּאלָהָא:</small></div><div>(<small>טז</small>) אֵֽשֶׁת־חֵ֭ן תִּתְמֹ֣ךְ כָּב֑וֹד וְ֝עָרִיצִ֗ים יִתְמְכוּ־עֹֽשֶׁר׃</div><div><small>אִתְּתָא חֲסִידְתָּא פַלְגָא אַיְקָרָא וַעֲשִׁינֵי רָהֲטִין בָּתַר עוּתְרָא:</small></div><div>(<small>יז</small>) גֹּמֵ֣ל נַ֭פְשׁוֹ אִ֣ישׁ חָ֑סֶד וְעֹכֵ֥ר שְׁ֝אֵר֗וֹ אַכְזָרִֽי׃</div><div><small>פָּרֵיעַ טָבְתָא לְנַפְשֵׁיהּ גַבְרָא חֲסִידָא וּדְמוֹבֵד גוּשְׁמֵיהּ נַכְזְרָיָא:</small></div><div>(<small>יח</small>) רָשָׁ֗ע עֹשֶׂ֥ה פְעֻלַּת־שָׁ֑קֶר וְזֹרֵ֥עַ צְ֝דָקָ֗ה שֶׂ֣כֶר אֱמֶֽת׃</div><div><small>רַשִׁיעָא עָבֵד עוֹבָדָא דְשִׁקְרָא וּדְזָרֵעַ לְצִדְקְתָא קוּשְׁטֵיהּ הוּא אַגְרֵיהּ:</small></div><div>(<small>יט</small>) כֵּן־צְדָקָ֥ה לְחַיִּ֑ים וּמְרַדֵּ֖ף רָעָ֣ה לְמוֹתֽוֹ׃</div><div><small>הֵיכְנָא מַן דְעָבֵד צִדְקְתָא לְחַיֵי נְטִיר וּדְרָדֵף בִּישְׁתָּא נְטִיר לְמוֹתָא:</small></div>","<div>11 (14) Where there is no counsel, a people falls: but in the multitude of counsellors there is safety.</div><div>(15) He that is surety for a stranger shall smart for it: but he that hates suretyship is safe.</div><div>(16) A woman of charm obtains honour: and powerful men obtain wealth.</div><div>(17) The merciful man does good to his own soul: but he that is cruel troubles his own flesh.</div><div>(18) The wicked man earns wages of deceit: but he that sows righteousness has a sure reward.</div><div>(19) He that is firm in righteousness achieves life; but he that pursues evil comes to his own death.</div>",""
"Vayechi","חק לישראל - פרשת ויחי יום רביעי","8","","<h1><b>משנה</b></h1>","",""
"Vayechi","חק לישראל - פרשת ויחי יום רביעי","9","Mishnah Bava Metzia 2","<div>א. אֵלּוּ מְצִיאוֹת שֶׁלּוֹ, וְאֵלּוּ חַיָּב לְהַכְרִיז. אֵלּוּ מְצִיאוֹת שֶׁלּוֹ, מָצָא פֵרוֹת מְפֻזָּרִין, מָעוֹת מְפֻזָּרוֹת, כְּרִיכוֹת בִּרְשׁוּת הָרַבִּים, וְעִגּוּלֵי דְבֵלָה, כִּכָּרוֹת שֶׁל נַחְתּוֹם, מַחֲרוֹזוֹת שֶׁל דָּגִים, וַחֲתִיכוֹת שֶׁל בָּשָׂר, וְגִזֵּי צֶמֶר הַבָּאוֹת מִמְּדִינָתָן, וַאֲנִיצֵי פִשְׁתָּן, וּלְשׁוֹנוֹת שֶׁל אַרְגָּמָן, הֲרֵי אֵלּוּ שֶׁלּוֹ, דִּבְרֵי רַבִּי מֵאִיר. רַבִּי יְהוּדָה אוֹמֵר, כָּל שֶׁיֶּשׁ בּוֹ שִׁנּוּי, חַיָּב לְהַכְרִיז. כֵּיצַד. מָצָא עִגּוּל וּבְתוֹכוֹ חֶרֶס, כִּכָּר וּבְתוֹכוֹ מָעוֹת. רַבִּי שִׁמְעוֹן בֶּן אֶלְעָזָר אוֹמֵר, כָּל כְּלֵי אֶנְפּוֹרְיָא אֵינוֹ חַיָּב לְהַכְרִיז:  </div><div>ב. וְאֵלוּ חַיָּב לְהַכְרִיז, מָצָא פֵרוֹת בִּכְלִי אוֹ כְלִי כְּמוֹת שֶׁהוּא, מָעוֹת בְּכִיס אוֹ כִיס כְּמוֹת שֶׁהוּא, צִבּוּרֵי פֵרוֹת, צִבּוּרֵי מָעוֹת, שְׁלשָׁה מַטְבְּעוֹת זֶה עַל גַּב זֶה, כְּרִיכוֹת בִּרְשׁוּת הַיָּחִיד, וְכִכָּרוֹת שֶׁל בַּעַל הַבַּיִת, וְגִזֵּי צֶמֶר הַלְּקוּחוֹת מִבֵּית הָאֻמָּן, כַּדֵּי יַיִן וְכַדֵּי שֶׁמֶן, הֲרֵי אֵלּוּ חַיָּב לְהַכְרִיז:  </div><div>ג. מָצָא אַחַר הַגַּפָּה אוֹ אַחַר הַגָּדֵר גּוֹזָלוֹת מְקֻשָּׁרִין, אוֹ בִשְׁבִילִין שֶׁבַּשָּׂדוֹת, הֲרֵי זֶה לֹא יִגַּע בָּהֶן. מָצָא כְלִי בָּאַשְׁפָּה, אִם מְכֻסֶּה, לֹא יִגַּע בּוֹ, אִם מְגֻלֶּה, נוֹטֵל וּמַכְרִיז. מָצָא בְגַל אוֹ בְכֹתֶל יָשָׁן, הֲרֵי אֵלּוּ שֶׁלּוֹ. מָצָא בְכֹתֶל חָדָשׁ, מֵחֶצְיוֹ וְלַחוּץ, שֶׁלּוֹ, מֵחֶצְיוֹ וְלִפְנִים, שֶׁל בַּעַל הַבָּיִת. אִם הָיָה מַשְׂכִּירוֹ לַאֲחֵרִים, אֲפִלּוּ בְתוֹךְ הַבַּיִת, הֲרֵי אֵלּוּ שֶׁלּוֹ:  </div><div>ד. מָצָא בַחֲנוּת, הֲרֵי אֵלּוּ שֶׁלּוֹ. בֵּין הַתֵּבָה וְלַחֶנְוָנִי, שֶׁל חֶנְוָנִי. לִפְנֵי שֻׁלְחָנִי, הֲרֵי אֵלּוּ שֶׁלּוֹ. בֵּין הַכִּסֵּא וְלַשֻּׁלְחָנִי, הֲרֵי אֵלּוּ לַשֻּׁלְחָנִי. הַלּוֹקֵחַ פֵּרוֹת מֵחֲבֵרוֹ אוֹ שֶׁשָּׁלַח לוֹ חֲבֵרוֹ פֵּרוֹת, וּמָצָא בָהֶן מָעוֹת, הֲרֵי אֵלּוּ שֶׁלּוֹ. אִם הָיוּ צְרוּרִין, נוֹטֵל וּמַכְרִיז:  </div><div>ה. אַף הַשִּׂמְלָה הָיְתָה בִכְלָל כָּל אֵלֶּה. לָמָּה יָצָאת. לְהָקִּישׁ אֵלֶיהָ, לוֹמַר לְךָ, מַה שִּׂמְלָה מְיֻחֶדֶת שֶׁיֶּשׁ בָּהּ סִימָנִים וְיֶשׁ לָהּ תּוֹבְעִים, אַף כָּל דָּבָר שֶׁיֶּשׁ בּוֹ סִימָנִים וְיֶשׁ לוֹ תוֹבְעִים, חַיָּב לְהַכְרִיז:  </div><div>ו. וְעַד מָתַי חַיָּב לְהַכְרִיז. עַד כְּדֵי שֶׁיֵּדְעוּ בוֹ שְׁכֵנָיו, דִּבְרֵי רַבִּי מֵאִיר. רַבִּי יְהוּדָה אוֹמֵר, שָׁלשׁ רְגָלִים, וְאַחַר הָרֶגֶל הָאַחֲרוֹן שִׁבְעָה יָמִים, כְּדֵי שֶׁיֵּלֵךְ לְבֵיתוֹ שְׁלשָׁה וְיַחֲזֹר שְׁלשָׁה וְיַכְרִיז יוֹם אֶחָד:  </div><div>ז. אָמַר אֶת הָאֲבֵדָה וְלֹא אָמַר סִימָנֶיהָ, לֹא יִתֶּן לוֹ. וְהָרַמַּאי, אַף עַל פִּי שֶׁאָמַר סִימָנֶיהָ, לֹא יִתֶּן לוֹ, שֶׁנֶּאֱמַר (דברים כב) עַד דְּרשׁ אָחִיךָ אֹתוֹ, עַד שֶׁתִּדְרשׁ אֶת אָחִיךָ אִם רַמַּאי הוּא אִם אֵינוֹ רַמָּאי. כָּל דָּבָר שֶׁעוֹשֶׂה וְאוֹכֵל, יַעֲשֶׂה וְיֹאכַל. וְדָבָר שֶׁאֵין עוֹשֶׂה וְאוֹכֵל, יִמָּכֵר, שֶׁנֶּאֱמַר (שם) וַהֲשֵׁבֹתוֹ לוֹ, רְאֵה הֵיאַךְ תְּשִׁיבֶנּוּ לוֹ. מַה יְּהֵא בַדָּמִים. רַבִּי טַרְפוֹן אוֹמֵר, יִשְׁתַּמֵּשׁ בָּהֶן, לְפִיכָךְ אִם אָבְדוּ חַיָּב בְּאַחֲרָיוּתָן. רַבִּי עֲקִיבָא אוֹמֵר, לֹא יִשְׁתַּמֵּשׁ בָּהֶן, לְפִיכָךְ אִם אָבְדוּ אֵינוֹ חַיָּב בְּאַחֲרָיוּתָן:  </div><div>ח. מָצָא סְפָרִים, קוֹרֵא בָהֶן אַחַת לִשְׁלֹשִׁים יוֹם. וְאִם אֵינוֹ יוֹדֵעַ לִקְרוֹת, גּוֹלְלָן. אֲבָל לֹא יִלְמֹד בָּהֶן בַּתְּחִלָּה, וְלֹא יִקְרָא אַחֵר עִמּוֹ. מָצָא כְסוּת, מְנַעֲרָהּ אַחַת לִשְׁלֹשִׁים יוֹם. וְשׁוֹטְחָהּ לְצָרְכָּהּ, אֲבָל לֹא לִכְבוֹדוֹ. כְּלֵי כֶסֶף וּכְלֵי נְחֹשֶׁת, מִשְׁתַּמֵּשׁ בָּהֶן לְצָרְכָּן, אֲבָל לֹא לְשָׁחֳקָן. כְּלֵי זָהָב וּכְלֵי זְכוּכִית, לֹא יִגַּע בָּהֶן עַד שֶׁיָּבֹא אֵלִיָּהוּ. מָצָא שַׂק אוֹ קֻפָּה, וְכָל דָּבָר שֶׁאֵין דַּרְכּוֹ לִטֹּל, הֲרֵי זֶה לֹא יִטֹּל:  </div><div>ט. אֵיזוֹ הִיא אֲבֵדָה, מָצָא חֲמוֹר אוֹ פָרָה רוֹעִין בַּדֶּרֶךְ, אֵין זוֹ אֲבֵדָה. חֲמוֹר וְכֵלָיו הֲפוּכִין, פָּרָה רָצָה בֵּין הַכְּרָמִים, הֲרֵי זוֹ אֲבֵדָה. הֶחֱזִירָהּ וּבָרְחָה, הֶחֱזִירָהּ וּבָרְחָה, אֲפִילוּ אַרְבָּעָה וַחֲמִשָּׁה פְעָמִים, חַיָּב לְהַחֲזִירָהּ, שֶׁנֶּאֱמַר (דברים כב) הָשֵׁב תְּשִׁיבֵם. הָיָה בָטֵל מִסֶּלַע, לֹא יֹאמַר לוֹ תֶּן לִי סֶלַע, אֶלָּא נוֹתֵן לוֹ שְׂכָרוֹ כְּפוֹעֵל בָּטֵל. אִם יֵשׁ שָׁם בֵּית דִּין, מַתְנֶה בִּפְנֵי בֵית דִּין. אִם אֵין שָׁם בֵּית דִּין, בִּפְנֵי מִי יַתְנֶה, שֶׁלּוֹ קוֹדֵם:  </div><div>י. מְצָאָהּ בָּרֶפֶת, אֵינוֹ חַיָּב בָּהּ. בִּרְשׁוּת הָרַבִּים, חַיָּב בָּהּ. וְאִם הָיְתָה בֵית הַקְּבָרוֹת, לֹא יִטַּמָּא לָהּ. אִם אָמַר לוֹ אָבִיו, הִטַּמֵּא, אוֹ שֶׁאָמַר לוֹ, אַל תַּחֲזִיר, לֹא יִשְׁמַע לוֹ. פָּרַק וְטָעַן, פָּרַק וְטָעַן, אֲפִלּוּ אַרְבָּעָה וַחֲמִשָּׁה פְעָמִים, חַיָּב, שֶׁנֶּאֱמַר (שמות כג) עָזֹב תַּעֲזֹב. הָלַךְ וְיָשַׁב לוֹ וְאָמַר, הוֹאִיל וְעָלֶיךָ מִצְוָה, אִם רְצוֹנְךָ לִפְרֹק פְּרֹק, פָּטוּר, שֶׁנֶּאֱמַר, עִמּוֹ. אִם הָיָה זָקֵן אוֹ חוֹלֶה, חַיָּב. מִצְוָה מִן הַתּוֹרָה לִפְרֹק, אֲבָל לֹא לִטְעֹן. רַבִּי שִׁמְעוֹן אוֹמֵר, אַף לִטְעֹן. רַבִּי יוֹסֵי הַגְּלִילִי אוֹמֵר, אִם הָיָה עָלָיו יָתֵר עַל מַשָּׂאוֹ, אֵין זָקוּק לוֹ, שֶׁנֶּאֱמַר, תַּחַת מַשָּׂאוֹ, מַשְּׂאוֹי שֶׁיָּכוֹל לַעֲמֹד בּוֹ:  </div><div>יא. אֲבֵדָתוֹ וַאֲבֵדַת אָבִיו, אֲבֵדָתוֹ קוֹדֶמֶת. אֲבֵדָתוֹ וַאֲבֵדַת רַבּוֹ, שֶׁלּוֹ קוֹדֶמֶת. אֲבֵדַת אָבִיו וַאֲבֵדַת רַבּוֹ, שֶׁל רַבּוֹ קוֹדֶמֶת, שֶׁאָבִיו הֱבִיאוֹ לָעוֹלָם הַזֶּה, וְרַבּוֹ שֶׁלִּמְּדוֹ חָכְמָה מְבִיאוֹ לְחַיֵּי הָעוֹלָם הַבָּא. וְאִם אָבִיו חָכָם, שֶׁל אָבִיו קוֹדֶמֶת. הָיָה אָבִיו וְרַבּוֹ נוֹשְׂאִין מַשְּׂאוֹי, מֵנִיחַ אֶת שֶׁל רַבּוֹ. וְאַחַר כָּךְ מֵנִיחַ אֶת שֶׁל אָבִיו. הָיָה אָבִיו וְרַבּוֹ בְּבֵית הַשֶּׁבִי, פּוֹדֶה אֶת רַבּוֹ, וְאַחַר כָּךְ פּוֹדֶה אֶת אָבִיו. וְאִם הָיָה אָבִיו חָכָם, פּוֹדֶה אֶת אָבִיו, וְאַחַר כָּךְ פּוֹדֶה אֶת רַבּוֹ:  </div>","<div>1. In a case where one discovers lost items, <b>which found items</b> belong <b>to him, and</b> for <b>which</b> items is <b>one obligated to proclaim</b> his find so that the owner of the lost items can come and reclaim them? <b>These found items</b> belong <b>to him:</b> If one <b>found scattered produce, scattered coins, bundles</b> of grain <b>in a public area, round cakes</b> of pressed <b>figs, baker’s loaves, strings of fish, cuts of meat,</b> unprocessed <b>wool fleeces that are taken from their state</b> of origin directly after shearing, bound <b>flax stalks, or</b> bound <b>strips of</b> combed <b>purple wool, these</b> belong <b>to him,</b> as they have no distinguishing marks that would enable their owners to claim them. This is <b>the statement of Rabbi Meir.</b> <b>Rabbi Yehuda says:</b> If one finds <b>any</b> lost item <b>in which there is an alteration,</b> he is <b>obligated to proclaim</b> his find. <b>How so?</b> If he <b>found a round</b> cake of pressed figs with an <b>earthenware</b> shard <b>inside it</b> or <b>a loaf</b> of bread <b>with coins inside it,</b> he is obligated to proclaim his find, as perhaps the owner of the item inserted them as a distinguishing mark by means of which he could reclaim his property in case it became lost. <b>Rabbi Shimon ben Elazar says:</b> If one finds <b>any <i>anpurya</i> vessels,</b> since their shape is uniform and they are indistinguishable, he is <b>not obligated to proclaim</b> his find.</div><div>2. <b>And</b> for <b>these</b> found items, one is <b>obligated to proclaim</b> his find: If <b>one found produce inside a vessel, or a vessel by itself; coins inside a pouch, or a pouch by itself; piles of produce; piles of coins,</b> <b>three coins</b> stacked <b>one atop another; bundles</b> of grain <b>in a secluded area; loaves of a homeowner,</b> as each shapes his loaves in his own unique manner; <b>wool fleeces that are taken from the house of a craftsman,</b> as each craftsman processes the wool in his own unique manner; <b>jugs of wine; or jugs of oil.</b> If one finds any of <b>these,</b> he is <b>obligated to proclaim</b> his find.</div><div>3. If one <b>found, behind</b> a wooden <b>fence or behind</b> a stone <b>fence, bound fledglings, or</b> if he found them <b>in the paths that</b> run <b>through fields, he may not touch them,</b> as they were certainly placed there intentionally. In a case where <b>one found a vessel in a garbage dump, if</b> it is <b>concealed, he may not touch it,</b> as a person certainly concealed it there. <b>If</b> it is <b>exposed,</b> the finder <b>takes</b> the item <b>and proclaims</b> his find. If one <b>found</b> lost items <b>in a heap</b> of stone rubble <b>or in an old wall, these</b> belong <b>to him.</b> If <b>one found</b> lost items <b>in a new wall from its midpoint and outward,</b> they belong <b>to him.</b> If he found the items <b>from its midpoint and inward,</b> they belong <b>to the homeowner. If</b> the homeowner <b>would rent</b> the house <b>to others</b> on a regular basis and there was a steady turnover of residents, <b>even</b> if one found lost items <b>inside the house, these</b> belong <b>to him.</b> Since the owner of the lost items cannot be identified based on location, he will certainly despair of recovering his lost items.</div><div>4. If one <b>found</b> items without a distinguishing mark <b>in a store, those</b> items belong <b>to him,</b> as, since the store is frequented by the multitudes, the owner despairs of its recovery. If the items were found <b>between the</b> storekeeper’s <b>counter and the storekeeper,</b> the items belong <b>to the storekeeper;</b> since his customers do not typically have access to that area, presumably the items are his. If one found coins <b>before a money changer, those</b> coins belong <b>to him.</b> If the coins were found <b>between the</b> money changer’s <b>chair and the money changer, those</b> coins belong <b>to the money changer,</b> because his clients do not typically have access to that area. In the case of <b>one who purchases produce from another or</b> in a case <b>where another sent him produce</b> as a gift, <b>and he found coins</b> intermingled <b>with</b> the produce, <b>those</b> coins belong to <b>him. If</b> the coins <b>were bundled,</b> this serves as a distinguishing mark and the finder <b>takes</b> the coins <b>and proclaims</b> his find.</div><div>5. This mishna is an excerpt from a halakhic midrash concerning lost items, based on the verse: “You shall not see your brother’s ox or his sheep wandering, and disregard them; you shall return them to your brother…And so shall you do with his donkey; and so shall you do with his garment; and so shall you do with every lost item of your brother, which shall be lost from him, and you have found it; you may not disregard it” (Deuteronomy 22:1, 3). <b>The garment was also</b> included <b>in the generalization</b> that one must return <b>all of these</b> items. <b>And why did it emerge</b> from the generalization that is should be specified? <b>To draw an analogy to it and to say to you: What</b> is notable <b>about a garment?</b> It is notable <b>in that there are distinguishing marks concerning it and it has claimants</b> asserting ownership, and its finder is obligated to proclaim his find. <b>So too</b> with regard to <b>any item concerning which there are distinguishing marks and it has claimants</b> asserting ownership, its finder is <b>obligated to proclaim</b> his find.</div><div>6. <b>And until when</b> is one who finds a lost item <b>obligated to proclaim</b> his find? He is obligated to do so <b>until</b> the moment <b>that the neighbors will know of its</b> existence; this is <b>the statement of Rabbi Meir. Rabbi Yehuda says:</b> He is obligated to proclaim his find for <b>three pilgrimage Festivals and</b> for <b>seven days after the last</b> of the three <b>pilgrimage Festivals, so that</b> its owner <b>will</b> have time to <b>go to his home,</b> a trip lasting up to <b>three</b> days, and ascertain that he in fact lost the item, <b>and</b> he <b>will return</b> to Jerusalem, a trip lasting up to <b>three</b> days, <b>and proclaim</b> his loss for <b>one day.</b></div><div>7. If a claimant accurately <b>stated</b> what type of item <b>the lost item</b> that was found by another is, <b>but did not state,</b> i.e., describe, <b>its distinguishing marks,</b> the finder <b>shall not give</b> it <b>to him. And</b> in the case of <b>a swindler, even though he stated its distinguishing marks,</b> the finder <b>shall not give</b> the lost item <b>to him, as it is stated:</b> “And if your brother be not near you, and you know him not, then you shall bring it into your house, and it shall be with you <b>until your brother claims [<i>derosh</i>] it [<i>oto</i>],</b> and you shall return it to him” (Deuteronomy 22:2). Would it enter your mind that the finder would give it to him before he claims it? How can the finder return it if he does not know the identity of the owner? Rather, the verb <i>derosh</i> is not referring to the claim of the owner; it is referring to the scrutiny performed by the finder. You shall not return the lost item <b>until</b> you <b>scrutinize [<i>shetidrosh</i>] your brother</b> to determine <b>whether</b> he, the claimant, <b>is a swindler</b> or <b>whether he is not a swindler.</b> If one finds <b>any</b> living <b>being that works and</b> generates enough revenue to cover the costs of the food that it <b>eats,</b> it <b>shall work and eat</b> while in the finder’s possession. <b>And any</b> living <b>being that does not work but</b> it does <b>eat shall be sold, as it is stated:</b> “Then you shall bring it into your house, and it shall be with you until your brother claims it, <b>and you shall return it to him”</b> (Deuteronomy 22:2), indicating that the finder must <b>see how</b> best <b>to return it to him.</b> Since the owner must repay the finder for his expenditures, if feeding the animal costs more than its value, the finder’s keep-ing the animal in his possession will prevent the owner from recovering it. <b>What shall be</b> done <b>with the money</b> received from the sale of the animal? <b>Rabbi Tarfon says:</b> The finder <b>may use it; therefore, if</b> the money <b>is lost,</b> he is <b>liable</b> to pay <b>restitution</b> for <b>it. Rabbi Akiva says: He may not use</b> the money; <b>therefore, if it is lost,</b> he is <b>not liable</b> to pay <b>restitution</b> for <b>it.</b></div><div>8. If one <b>found scrolls, he reads them once in thirty days</b> in order to ventilate them and prevent mold. <b>And if he does not know</b> how <b>to read, he rolls</b> and unrolls <b>them</b> in order to ventilate them. <b>But he shall not study</b> passages <b>in them for the first time,</b> as he would leave the scroll exposed to the air for a lengthy period, thereby causing damage. <b>And another</b> person <b>shall not read</b> the scroll <b>with him,</b> as each might pull it closer to improve his vantage point, which could cause the scroll to tear. If one <b>found a garment, he shakes it once in thirty days, and he spreads it</b> out <b>for its sake,</b> to ventilate it, <b>but</b> he may <b>not</b> use it as a decoration <b>for his</b> own <b>prestige.</b> If one found <b>silver vessels or copper vessels,</b> he <b>may use them for their</b> own <b>sake</b> to prevent tarnish and rust, <b>but</b> he may <b>not</b> use them <b>to</b> the extent that he will <b>erode them.</b> If he finds <b>gold vessels or glass vessels,</b> which are not ruined by neglect, <b>he may not touch them until Elijah will come</b> and identify the owner. If a person <b>found a sack or a basket or any</b> other <b>item that</b> it <b>is not his</b> typical <b>manner to take</b> and carry because it is beneath his dignity, <b>he</b> shall <b>not take</b> it, as one need not demean himself in order to return a lost item.</div><div>9. <b>Which is</b> the item that is considered <b>lost property?</b> If <b>one found a donkey or a cow grazing on the path, that is not lost property,</b> as presumably the owners are nearby and are aware of the animals’ whereabouts. If one found <b>a donkey with its accoutrements overturned, or a cow</b> that <b>ran through the vineyards, that is lost property.</b> In a case where <b>one returned</b> the lost animal <b>and it fled,</b> and he again <b>returned it and it fled, even</b> if this scenario repeats itself <b>four or five times,</b> he is <b>obligated to return it</b> each time, as it <b>is stated:</b> “You shall not see your brother’s ox or his sheep wandering and disregard them; <b>you shall return them</b> to your brother” (Deuteronomy 22:1). If in the course of tending to and returning the lost item, the finder <b>was idle from</b> labor that would have earned him <b>a <i>sela</i>, he shall not say to</b> the owner of the item: <b>Give me a <i>sela</i></b> to compensate me for my lost income. <b>Rather,</b> the owner <b>gives him his wage as</b> if he were <b>a laborer,</b> a payment that is considerably smaller. <b>If there are</b> three men <b>there</b> who can convene as <b>a court,</b> he <b>may stipulate before the court</b> that he will undertake to return the item provided that he receives full compensation for lost income. <b>If there is no court there before whom can he stipulate</b> his condition, <b>his</b> financial interests <b>take precedence</b> and he need not return the lost item.</div><div>10. If <b>one found</b> an animal <b>in a stable</b> belonging to its owner, he is <b>not obligated</b> to return <b>it</b> to its owner. If he found it <b>in a public area,</b> he is <b>obligated</b> to return <b>it. And if</b> the animal <b>was</b> lost <b>in a graveyard</b> and a priest found it, <b>he may not become impure to</b> return <b>it. If his father said to him: Become impure; or</b> in a case <b>where</b> one was obligated to return the animal and his father <b>said to him: Do not return</b> it, <b>he may not listen to</b> his father, as one may not violate Torah law to honor his father. If <b>one unloaded</b> a burden from an animal collapsing under its weight <b>and</b> then later <b>loaded</b> it onto the animal, and later <b>unloaded and loaded</b> it again, <b>even</b> if this scenario repeats itself <b>four or five times,</b> he is <b>obligated</b> to continue unloading and loading, <b>as it is stated:</b> “If you see the donkey of him that hates you collapsed under its burden, you shall forgo passing him by; <b>you shall release it [<i>azov ta’azov</i>]</b> with him” (Exodus 23:5). It is derived from the verse that one is obligated to perform the action as needed, even several times. If the owner <b>went, and sat, and said</b> to a passerby: <b>Since</b> there is <b>a mitzva</b> incumbent <b>upon you</b> to unload the burden, <b>if it is your wish to unload</b> the burden, <b>unload</b> it, in such a case the passerby is <b>exempt, as it is stated:</b> “You shall release it <b>with him,”</b> with the owner of the animal. <b>If</b> the failure of the owner to participate in unloading the burden was due to the fact <b>he was old or infirm,</b> the passerby is <b>obligated</b> to unload the burden alone. There is <b>a mitzva by Torah law to unload</b> a burden, <b>but</b> there is <b>no</b> mitzva <b>to load</b> it. <b>Rabbi Shimon says:</b> There is <b>even</b> a mitzva <b>to load</b> the burden. <b>Rabbi Yosei HaGelili says: If there was</b> a burden <b>upon</b> the animal <b>greater than</b> its typical <b>burden, one need not attend to it, as it is stated: “Under its burden,”</b> i.e., the obligation is with regard to <b>a burden that</b> the animal <b>can bear.</b></div><div>11. If one finds <b>his lost item and his father’s lost item,</b> tending to <b>his</b> own <b>lost item takes precedence.</b> Similarly, if one finds <b>his lost item and his teacher’s lost item,</b> tending to <b>his</b> own lost item <b>takes precedence.</b> If one finds <b>his father’s lost item and his teacher’s lost item,</b> tending to <b>his teacher’s</b> lost item <b>takes precedence, as his father brought him into this world, and his teacher, who taught him</b> the <b>wisdom</b> of Torah, <b>brings him to life in the World-to-Come. And if his father is</b> a Torah <b>scholar,</b> then <b>his father’s</b> lost item <b>takes precedence.</b> If <b>his father and his teacher were</b> each <b>carrying a burden</b> and he wants to assist them in putting down their burdens, he first <b>places his teacher’s</b> burden down <b>and thereafter places his father’s</b> burden down. If <b>his father and his teacher were in captivity,</b> he first <b>redeems his teacher and thereafter redeems his father. And if his father is</b> a Torah <b>scholar,</b> he first <b>redeems his father and thereafter redeems his teacher.</b></div>",""
"Vayechi","חק לישראל - פרשת ויחי יום רביעי","10","","<h1><b>גמרא</b></h1>","",""
"Vayechi","חק לישראל - פרשת ויחי יום רביעי","11","Bava Metzia 33a:18-33b:5","תָּנוּ רַבָּנָן הָעוֹסְקִים בְּמִקְרָא מִדָּה וְאֵינָה מִדָּה בְּמִשְׁנָה מִדָּה וְנוֹטְלִין עָלֶיהָ שָׂכָר גְּמָרָא אֵין לָךְ מִדָּה גְדוֹלָה מִזּוּ וּלְעוֹלָם הֱוֵי רָץ לְמִשְׁנָה יוֹתֵר מִן הַגְּמָרָא. הָא גוּפָא קַשְׁיָא אֲמַרְתְּ בִּגְמָרָא אֵין לָךְ מִדָּה גְדוֹלָה מִזּוּ וְהָדָר אֲמַרְתְּ וּלְעוֹלָם הֲוֵי רָץ לְמִשְׁנָה יוֹתֵר מִן הַגְּמָרָא. אָמַר רִבִּי יוֹחָנָן בִּימֵי רִבִּי נִשְׁנִית מִשְׁנָה זוּ שְׁבָקוּ כּוּלֵי עַלְמָא מַתְנִיתִין וַאֲזָלוּ בָּתַר גְּמָרָא. הָדָר דָּרַשׁ לְהוּ וּלְעוֹלָם הֱוֵי רָץ לְמִשְׁנָה יוֹתֵר מִן הַגְּמָרָא. מָאי דָּרוּשׁ כִּדְדָרַשׁ רִבִּי יְהוּדָה בַּר אִילְעַאי מָאי דִּכְתִיב (ישעיה נח) הַגֵּד לְעַמִּי פִּשְׁעָם וּלְבֵית יַעֲקֹב חַטֹּאתָם הַגֵּד לְעַמִּי פִּשְׁעָם אֵלּוּ תַלְמִידֵי חֲכָמִים שֶׁשְּׁגָגוֹת נַעֲשׂוֹת לָהֶם כִּזְדוֹנוֹת. וּלְבֵית יַעֲקֹב חַטֹּאתָם אֵלּוּ עַמֵּי הָאָרֶץ שֶׁזְּדוֹנוֹת נַעֲשׂוֹת לָהֶם כִּשְׁגָגוֹת. וְהַיְינוּ דִתְנַן רִבִּי יְהוּדָה אוֹמֵר הֱוֵי זָהִיר בְּתַלְמוּד שֶׁשִּׁגְגַת תַּלְמוּד עוֹלָה זָדוֹן. דָּרַשׁ רִבִּי יְהוּדָה בַּר אִילְעַאי מָאי דִּכְתִיב (שם סו) שִׁמְעוּ דְבַר ה' הַחֲרֵדִים אֶל דְּבָרוֹ אֵלּוּ תַלְמִידֵי חֲכָמִים. אֲחֵיכֶם אֵלּוּ בַּעֲלֵי מִקְרָא. שׂנְאֵיכֶם אֵלּוּ בַּעֲלֵי מִשְׁנָה. מְנַדֵּיכֶם אֵלּוּ עַמֵּי הָאָרֶץ. שֶׁמָּא תֹאמַר פָּסַק סִבְרָם וּבָטֵל סִיכוּיָים תַּלְמוּד לוֹמַר וְנִרְאֶה בְשִׂמְחַתְכֶם שֶׁמָּא תֹּאמַר יִשְׂרָאֵל יֵבוֹשׁוּ תַּלְמוּד לוֹמַר וְהֵם יֵבוֹשׁוּ. אוּמוֹת הָעוֹלָם יֵבוֹשׁוּ וְיִשְׂרָאֵל יִשְׂמָחוּ:","<div><b>The Sages taught</b> in a <i>baraita</i>: For those <b>who engage in</b> the study of <b>Bible,</b> it is <b>a virtue but not</b> a complete <b>virtue.</b> For those who engage <b>in</b> the study of <b>Mishna,</b> it is <b>a virtue and they receive reward for its</b> study. For those who engage <b>in</b> the study of <b>Talmud, you have no virtue greater than that. And always pursue</b> study <b>of</b> the <b>Mishna more than</b> study of <b>the Talmud.</b></div><div>The Gemara asks: <b>This</b> matter <b>itself</b> is <b>difficult,</b> as the <i>baraita</i> is self-contradictory. <b>You said:</b> For those who engage <b>in</b> the study of <b>Talmud, you have no virtue greater than that. And then you said: And always pursue</b> study <b>of</b> the <b>Mishna more than</b> study of <b>the Talmud. Rabbi Yoḥanan says:</b></div><div>It was <b>during the era of Rabbi</b> Yehuda HaNasi that the beginning of <b>this <i>baraita</i></b> extolling the study of Talmud <b>was taught.</b> The result was that <b>everyone abandoned</b> study of the <b>Mishna and pursued</b> the study of <b>the Talmud.</b> It was <b>then</b> that Rabbi Yehuda HaNasi <b>taught</b> them: <b>And always pursue</b> study <b>of</b> the <b>Mishna more than</b> study of <b>the Talmud,</b> as without a firm basis in the fundamental <i>halakhot</i> of the Mishna, talmudic discourse is futile.</div><div>The Gemara asks: On the basis of <b>what homiletic interpretation</b> did the <i>tanna</i> state that there is no virtue greater than the study of Talmud? It <b>is</b> just <b>as Rabbi Yehuda, son of Rabbi Elai, interpreted homiletically: What</b> is the meaning of that <b>which is written:</b> “Cry aloud, spare not, lift up your voice like a horn, and <b>declare to My people their transgression and to the house of Jacob their sins”</b> (Isaiah 58:1)?</div><div>In the phrase <b>“declare to My people their transgression,” these</b> people <b>are the Torah scholars, whose unwitting</b> transgressions <b>become for them tantamount to intentional</b> transgressions. Due to their erudition, they are held to a higher standard. <b>“And to the house of Jacob their sins,” these are the ignoramuses, whose intentional</b> transgressions <b>become for them tantamount to unwitting</b> transgressions. Due to their lack of erudition, they are held to a lower standard. <b>And that is</b> the basis of that which <b>we learned</b> in a mishna (Avot 4:13), that <b>Rabbi Yehuda says: Be careful in</b> the study of <b>the Talmud, as</b> a transgression based on <b>an unwitting</b> misinterpretation of the <b>Talmud is considered an intentional</b> transgression.</div><div><b>Rabbi Yehuda, son of Rabbi Elai, interpreted</b> a verse <b>homiletically. What</b> is the meaning of that <b>which is written:</b> “Hear the word of the Lord, you who tremble at His word: Your brothers that hate you, that ostracize you for My name’s sake, have said: Let the Lord be glorified, that we may gaze upon your joy, but they shall be ashamed” (Isaiah 66:5)? <b>“Hear the word of the Lord, you who tremble at His word,” these are Torah scholars; “your brothers…have said,” these are masters of the Bible,</b> who are aware of their shortcomings and treat the Torah scholars with deference; <b>“that hate you,” these are masters of Mishna,</b> who consider themselves the equals of Torah scholars and resent the fact that the Torah scholars do not treat them as equals; <b>“that ostracize you,” these are ignoramuses,</b> who distance themselves with their actions from the Torah scholars.</div><div><b>Lest you say,</b> with regard to those groups who are not Torah scholars, that <b>their hope has ceased and their chances are eliminated, the verse states: “That we may gaze upon your joy.”</b> All of the Jewish people, including the groups listed above, will gaze upon the joy of the Torah scholars. <b>Lest you say that the Jewish people will be ashamed, the verse states: “But they shall be ashamed,”</b> meaning that <b>gentiles will be ashamed, but the Jewish people will be joyous.</b></div>",""
"Vayechi","חק לישראל - פרשת ויחי יום רביעי","12","","<h1><b>זוהר</b></h1>","",""
"Vayechi","חק לישראל - פרשת ויחי יום רביעי","13","Zohar, Vayechi 63","אֹסְרִי לַגֶּפֶן מַאי גֶּפֶן דָּא כְּנֶסֶת יִשְׂרָאֵל אַמַאי אִתְקְּרִיאָת גֶּפֶן, אֶלָּא מַה גֶּפֶן לָא מְקַבְּלָא עֲלָה נְטִיעָא אָחֳרָא הָכִי נַמִּי כְּנֶסֶת יִשְׂרָאֵל לָא מְקַבְּלָא עֲלָה אֶלָּא לְקֻדְשָׁא בְּרִיךְ הוּא וּבְגִין כְּנֶסֶת יִשְׂרָאֵל אִתְכַּפְיָן קַמֵּיהּ כָּל חֵילִין אָחֳרָנִין וְלָא יָכְלִין לְאַבְאָשָׁא וּלְשַׁלְּטָאָה בְּעָלְמָא וְעַל דָּא אַטִּיל קְרָא שְׁמָא קַדִּישָׁא בֵּינַיְהוּ בְּהַאי גִּיסָא וּבְהַאי גִּיסָא, בְּנִי אֲתוֹנוֹ דְּאִתְעַקַּר בְּגִין הַהוּא שׂוֹרֵק כְּמָה דְּאַתְּ אָמֵר וְאָנֹכִי נְטַעְתִּיךָ שׂוֹרֵק וְגוֹ', כִּבֵּס בַּיַּיִן לְבוּשׁוֹ וְגוֹ' כִּבֵּס כֹּבֵס מִבְּעֵי לֵיהּ, אֶלָּא כִּבֵּס מִיּוֹמָא דְּאִתְבְּרֵי עָלְמָא וּמַאן אִיהוּ דָּא מַלְכָּא מְשִׁיחָא לְתַתָּא, בַּיַּיִן סְטָר שְׂמָאלָא, וּבְדַם עֲנָבִים סְטָר שְׂמָאלָא לְתַתָּא, וְזַמִּין מַלְכָּא מְשִׁיחָא לְשַׁלְּטָאָה לְעֵילָא עַל כָּל חֵילִין אָחֳרָנִין דְּעַמִּין עכו''ם וּלְתַבְרָא תּוּקְפֵּיהוֹן מֵעֵילָא וּמִתַּתָּא, ד''א כִּבֵּס בַּיַּיִן לְבוּשׁוֹ כְּגַוְנָא דְּהַאי חַמְרָא אַחֲזֵי חִידוּ וְכֻלֵּיהּ דִּינָא (לְעַמִּין עכו''ם), הָכִי נַמֵּי מַלְכָּא מְשִׁיחָא יֶחֱזֵי חִדּוּ לְיִשְׂרָאֵל וְכֻלֵּיהּ דִּינָא לְעַמִּין עכו''ם, כְּתִיב (בראשית א') וְרוּחַ אֱלֹקִים מְרַחֶפֶת עַל פְּנֵי הַמָּיִם דָּא רוּחָא דְּמַלְכָּא מְשִׁיחָא וּמִן יוֹמָא דְּאִתְבְּרֵי עָלְמָא אַסְחֵי לְבוּשֵׁיהּ בְּחַמְרָא עִלָּאָה חָמֵי מַה כְּתִיב בַּתְרֵיהּ חַכְלִילִי עֵינַיִם מִיָּיִן וּלְבֶן שִׁנַּיִם מֵחָלָב דָּא חַמְרָא עִלָּאָה (ס''א דְּמַרְוֵי דְּאוֹרַיְתָא) דְּאוֹרַיְתָא דְּמַרְוֵי מִנֵּיהּ שָׁתֵי, וּלְבֶן שִׁנַּיִם מֵחָלָב דְּהָא אוֹרַיְתָא יַיִן וְחָלָב תּוֹרָה שֶׁבִּכְתָב וְתוֹרָה שֶׁבְּעַל פֶּה, כְּתִיב (תהלים ק''ד) וְיַיִן יְשַׂמַּח לְבַב אֱנוֹשׁ (ס''א אַמַּאי בְּגִין דְּמֵאֲתַר דְּחֶדְוָה קָאָתִי וּמַאן הוּא סוֹפֵיהּ דִּקְרָא) לְהַצְהִיל פָּנִים מִשָּׁמֶן וַדַּאי מֵאֲתַר דְּאִתְקְּרֵי שֶׁמֶן, תָּא חֲזֵי שִׁירָתָא דְּחַמְרָא חֶדְוָה הוּא אֲתַר דְּכָל חִידוּ מִנֵּיהּ נַפְקָא וְסוֹפֵיהּ דִּינָא מַאי טַעֲמָא בְּגִין דְּסוֹפָא דִּילֵיהּ אֲתַר כְּנִישׁוּ דְּכֹלָּא דִּינָא הוּא וּבֵיהּ אִתְדָן עָלְמָא וְעַל דָּא שֵׁירוּתָא חֶדְוָה וְסוֹפָא דִּינָא בְּגִנֵּי כָּךְ לְהַצְהִיל פָּנִים מִשָּׁמֶן, מֵאֲתַר דְּכָל חֶדְוָה מִנֵּיהּ נַפְקָא, וְלֶחֶם לְבַב אֱנוֹשׁ יִסְעָד מַאן לֶחֶם, אֶלָּא לֶחֶם עָלְמָא סָעִיד (סָמִיךְ) וְאִי תֵּימָא דְּבֵיהּ תַּלְיָא סְעִידוּ דְּעָלְמָא בִּלְחוֹדוֹי לָאו הָכִי דְּהָא לֵילְיָא בְּלָא יוֹמָא לָא אִשְׁתַּכַּח וְלָא בָּעִי לְאַפְרָשָׁא לוֹן, וּמַאן דְּאַפְרִישׁ לוֹן יִתְפָּרַשׁ מֵחַיִּין וְהַיְנוּ דִּכְתִיב (דברים ח') לְמַעַן הוֹדִיעֲךָ כִּי לֹא עַל הַלֶּחֶם לְבַדּוֹ יִחְיֶה הָאָדָם, בְּגִין דְּלָא בָּעֵי לְאִתְפָּרְשָׁא, וְאִי תֵּימָא דָּוִד הֵיךְ קָאָמַר וְלֶחֶם לְבַב אֱנוֹשׁ יִסְעָד הוֹאִיל וְלָא תַּלְיָא בֵּיהּ בִּלְחוֹדוֹי סְעִידוּ דְּעָלְמָא אֶלָּא דַּיְקָא דְּמִלָּה וְלֶחֶם וָא''ו אִתּוֹסָף כְּמוֹ וְה' וְעַל דָּא כֹּלָּא אִשְׁתַּכַּח כַּחֲדָא, תָּא חֲזֵי מַאן דִּמְבָרֵךְ עַל מְזוֹנָא לָא יְבָרֵךְ עַל פְּתוֹרָא רֵיקָנַיָּא וּבָעֵי נַהֲמָא לְאִשְׁתַּכָּחָא עַל פְּתוֹרָא וְכַסָא דְּחַמְרָא בִּימִינָא, מַאי טַעֲמָא בְּגִין לְקַשְּׁרָא שְׂמָאלָא בִּימִינָא וְנַהֲמָא דְּיִתְבָּרַךְ מִנַּיְהוּ וּלְאִתְקַשָּׁרָא בְּהוּ וּלְמֶהֱוֵי כֹּלָּא חַד קִשּׁוּרָא לְבָרְכָא שְׁמָא קַדִּישָׁא כִּדְקָא יָאוּת, דְּהָא לֶחֶם אִתְקְּשָׁר בְּיַיִן וְיַיִן בִּימִינָא וּכְדֵין בִּרְכָאן שַׁרְיָן בְּעָלְמָא וּפְתוֹרָא אִשְׁתַּלִּים כִּדְקָא יָאוּת:","",""
"Vayechi","חק לישראל - פרשת ויחי יום רביעי","14","","אֹסְרִי לַגֶּפֶן. מִיהוּ גֶּפֶן. זֶה כְּנֶסֶת יִשְׂרָאֵל. וּמַדּוּעַ נִקְרֵאת גֶּפֶן, אֶלָּא מַה גֶּפֶן לֹא מְקַבֵּל עָלָיו נְטִיעָה אֲחֶרֶת, כַּךְ גַּם כְּנֶסֶת יִשְׂרָאֵל אֵינָה מְקַבֶּלֶת עָלֶיהָ אֶלָּא אֶת הַקָּבָּ''ה. וּבִגְלָל כְּנֶסֶת יִשְׂרָאֵל מִתְכּוֹפְפִים תַחְתֶּיהָ כָּל הַכֹּחוֹת הָאַחֵרִים וְאֵינָם יְכוֹלִים לְהָרַע וְלִשְלוֹט בָּעוֹלָם. וְלָכֵן הֵטִיל הַכָּתוּב הַשֵּׁם הַקָּדוֹשׁ בֵּינֵיהֶם מִצַד זֶה וּמִצַד זֶה. ''בְּנִי אֲתוֹנוֹ'' שֶׁנֶעֱקַר בִּגְלָל הַשׂוֹרֵק הַהוּא כְּמוֹ שֶׁכָּתוּב וְאָנֹכִי נְטַעְתִּיךְ שׂוֹרֵק וְגוֹ'. כִּבֵּס בַּיַּיִן לְבוּשׁוֹ וְגוֹ': שׁוֹאֵל, כִּבֵּס, כּוֹבֵס הָיָה צָרִיךְ לוֹמָר, וּמֵשִׁיב, אֶלָּא כִּבֵּס, מִיּוֹם שֶׁנִּבְרָא הָעוֹלָם, וּמִי הוּא, זֶהוּ מֶלֶךְ הַמָּשִׁיחַ לְמַטָּה. בַּיַּיִן הוּא צַד שְׂמֹאל. וּבְדַם עֲנָבִים, הוּא צַד שְׂמֹאל לְמַטָּה. וְעָתִיד מֶלֶךְ הַמָּשִׁיחַ לִשְׁלוֹט לְמַעְלָה עַל כָּל כֹּחוֹת אֲחֵרִים שֶׁל הָעַמִּים עוֹבְדֵי עֲבוֹדָה זָרָה. וּלְשַׁבֵּר מָעֻזָּם מִלְּמַעְלָה וּמִלְּמַטָּה. דָּבָר אַחֵר, ''כִּבֵּס בַּיַּיִן לְבוּשׁוֹ'', כְּמוֹ יַיִן הַזֶּה, שֶׁמּוֹרֶה שִׂמְחָה וְהוּא כֻּלּוֹ דִּין. כֵּן הוּא מֶלֶךְ הַמָּשִׁיחַ, הַמַּרְאֶה שִׂמְחָה לְיִשְׂרָאֵל וְכֻלּוֹ הוּא דִּין לָעַמִּים עוֹבְדֵי עֲבוֹדָה זָרָה. כָּתוּב, וְרוּחַ אֱלֹקִים מְרַחֶפֶת עַל פְּנֵי הַמָּיִם, זֶהוּ רוּחוֹ שֶׁל מֶלֶךְ הַמָּשִׁיחַ, וּמִיּוֹם שֶׁנִּבְרָא הָעוֹלָם מְכַבֵּס לְבוּשׁוֹ בַּיַּיִן הָעֶלְיוֹן, רְאֵה מַה כָּתוּב אַחַר זֶה, חַכְלִילִי עֵינַיִם מִיָּיִן וּלְבֶן שִׁנַּיִּם מֵחָלָב. חַכְלִילִי עֵינַיִם מִיָּיִן, זֶהוּ יַיִן הָעֶלְיוֹן, אֲשֶׁר הַתּוֹרָה, הִיא שׁוֹתָה מִמֶּנּוּ. וּלְבֶן שִׁנַּיִּם מֵחָלָב, הוּא הַתּוֹרָה שֶׁבִּכְתָב הַתּוֹרָה נִקְרָא יַיִן וְחָלָב, שֶׁהֵם תּוֹרָה שֶׁבִּכְתָב וְתוֹרָה שֶׁבְּעַל פֶּה. כְּתִיב, (תהלים ק''ד) וְיַיִן יְשַׂמַּח לְבַב אֱנוֹשׁ לְהַצְהִיל פָּנִים מִשָּׁמֶן. וַדַּאי מִמָּקוֹם שֶׁנִּקְרָא שָׁמֶן. בֹּא וּרְאֵה, הַהַתְחָלָה שֶׁל הַיַּיִן. הוּא שִׂמְחָה, הוּא מָקוֹם שֶׁכָּל הַשִׂמְחוֹת יוֹצְאוֹת מִשָּׁם. וְסוֹפוֹ, הוּא דִּין, מַהוּ הַטַּעַם מִשּׁוּם שֶׁהַסּוֹף שֶׁלּוֹ, הוּא מָקוֹם הַקִּבּוּץ שֶׁל כָּל הַסְּפִירוֹת, וְהוּא דִּין, וּבוֹ נִדּוֹן הָעוֹלָם, מִשּׁוּם זֶה, לְהַצְהִיל פָּנִים מִשָּׁמֶן מִמָּקוֹם שֶׁכָּל הַשִׂמְחוֹת יוֹצְאוֹת מִשָּׁם. וְלֶחֶם לְבַב אֱנוֹשׁ יִסְעָד. מַהוּ לֶחֶם שֶׁאוֹמֵר כָּאן. אֶלָּא לֶחֶם מַסְעִיד אֶת הָעוֹלָם, וְאִם תֹּאמַר, שֶׁבּוֹ לְבַדּוֹ תָּלוּי סַעַד הָעוֹלָם, אֵינוֹ כֵּן, אֶלָּא צְרִיכִים גַּם לְיַיִן, כִּי לַיְלָה בְּלִי יוֹם אֵינוֹ נִמְצָא, וְאֵינוֹ צָרִיךְ לְהַפְרִיד אוֹתָם, וּמִי שֶׁמַּפְרִיד אוֹתָם יִפָּרֵד מֵחַיִּים. וְהַיְנוּ שֶׁכָּתוּב, (דברים ח') לְמַעַן הוֹדִיעֲךְ כִּי לֹא עַל הַלֶּחֶם לְבַדּוֹ יִחְיֶה הָאָדָם, מִשּׁוּם שֶׁאֵין צְרִיכִים לְהַפְרִיד בֵּינֵיהֶם. וְאִם תֹּאמַר, דָּוִד אֵיךְ אוֹמֵר, וְלֶחֶם לְבַב אֱנוֹשׁ יִסְעָד, כֵּיוָן שֶׁבּוֹ לְבָד אֵינוֹ תָּלוּי סַעַד הָעוֹלָם, אֶלָּא דִּיּוּק הַדָּבָר, אֲשֶׁר, וְלֶחֶם, ו' נוֹסָף בּוֹ, וְהוּא כְּמוֹ וְהַוָּיָ''ה, וְעַל כֵּן הַכֹּל נִמְצָא בְּיַחַד. בֹּא וּרְאֵה, מִי שֶׁמְּבָרֵךְ עַל הַמָּזוֹן לֹא יְבָרֵךְ עַל שֻׁלְחָן רֵיק, וְצָרִיךְ הַלֶּחֶם לְהִמָּצֵא עַל הַשֻּׁלְחָן, וְכוֹס יַיִן בְּצַד יָמִין, מַהוּ הַטַּעַם, הוּא כְּדֵי לְקַשֵּׁר שְׂמֹאל בְּיָמִין, שֶׁיִּכָּלְלוּ יַחַד, וְהַלֶּחֶם יִתְבָּרֵךְ מֵהֶם וְיִתְקַשֵּׁר בָּהֶם, וְיִהְיֶה הַכֹּל קֶשֶׁר אֶחָד לְבָרֵךְ אֶת הַשֵּׁם הַקָּדוֹשׁ כָּרָאוּי. כִּי לֶחֶם נִקְשָׁר בַּיַּיִן, וְיַיִן בְּיַד יָמִין וְאָז הַבְּרָכוֹת שׁוֹרוֹת בָּעוֹלָם וְהַשֻּׁלְחָן נִשְׁלָם כָּרָאוּי.","",""
"Vayechi","חק לישראל - פרשת ויחי יום רביעי","15","","<h1><b>הלכה פסוקה</b></h1>","",""
"Vayechi","חק לישראל - פרשת ויחי יום רביעי","16","Mishneh Torah, Repentance 3:1-2","<div><b>א. </b>כָּל אֶחָד וְאֶחָד מִבְּנֵי הָאָדָם יֵשׁ לוֹ זָכִיּוֹת וַעֲוֹנוֹת. מִי שֶׁזָּכִיּוֹתָיו יְתֵרוֹת עַל עֲוֹנוֹתָיו צַדִּיק וּמִי שֶׁעֲוֹנוֹתָיו יְתֵרוֹת עַל זָכִיּוֹתָיו רָשָׁע מֶחֱצָה עַל מֶחֱצָה בֵּינוֹנִי. וְכֵן הַמְּדִינָה אִם הָיוּ זָכִיּוֹת כָּל יוֹשְׁבֶיהָ מְרוּבּוֹת עַל עֲוֹנוֹתֵיהֶן הֲרֵי זוּ צַדֶּקֶת וְאִם הָיוּ עֲוֹנוֹתֵיהֶן מְרוּבִּין הֲרֵי זוּ רִשְׁעָה וְכֵן כָּל הָעוֹלָם כּוּלוֹ:</div><div><b>ב. </b>אָדָם שֶׁעֲוֹנוֹתָיו מְרוּבִּין עַל זָכִיּוֹתָיו מִיַּד הוּא מֵת בְּרִשְׁעוֹ שֶׁנֶּאֱמַר עַל רוֹב עֲוֹנֵךְ. וְכֵן מְדִינָה שֶׁעֲוֹנוֹתֶיהָ מְרוּבִּין מִיַּד הִיא אוֹבֶדֶת שֶׁנֶּאֱמַר (בראשית יח) זַעֲקַת סְדוֹם וַעֲמוֹרָה כִּי רָבָּה וְגוֹ' וְכֵן כָּל הָעוֹלָם כּוּלוֹ אִם הָיוּ עֲוֹנוֹתֵיהֶם מְרוּבִּין מִזָּכִיּוֹתֵיהֶן מִיַּד הֵן נִשְׁחָתִין שֶׁנֶאֱמַר (שם ו') וַיַּרְא ה' כִּי רַבָּה רָעַת הָאָדָם:</div><div><b>ג. </b>וְשִׁקּוּל זֶה אֵינוֹ לְפִי מִנְיַן הַזָּכִיּוֹת וְהָעֲוֹנוֹת אֶלָּא לְפִי גָדְלָם יֵשׁ זְכוּת שֶׁהוּא כְּנֶגֶד כַּמָּה עֲוֹנוֹת שֶׁנֶּאֱמַר (מ''א י''ד) יַעַן נִמְצָא בוֹ דָּבָר טוֹב וְיֵשׁ עָוֹן שֶׁהוּא כְּנֶגֶד כַּמָּה זָכִיּוֹת שֶׁנֶּאֱמַר (קהלת ט) וְחוֹטֶא אֶחָד יְאַבֵּד טוֹבָה הַרְבֵּה וְאֵין שׁוֹקְלִין אֶלָּא בְּדַעְתּוֹ שֶׁל אֵל דֵּעוֹת וְהוּא הַיּוֹדֵעַ הֵיאַךְ עוֹרְכִין הַזָּכִיּוֹת כְּנֶגֶד הָעֲוֹנוֹת:</div>","<div>Each and every one of the sons of man has virtues and vices. He whose virtues exceed his vices is a just man, and he whose vices exceed his virtues is an evildoer; if both are evenly balanced, he is mediocre. Even so is a state. If the virtues of all of its inhabitants exceeded their vices, it is, indeed, a just state; but if their vices exceeded, it is, indeed, a wicked state. Even such is a standard for the whole world.<sup class=""footnote-marker"">1</sup><i class=""footnote"">Rosh ha-Shanah, 17a C.</i></div><div>A man whose vices exceed his virtues presently dies in his wickedness, even as it is said: ""For the multitude of thine iniquity"" (Hos. 9. 7). So is a state whose vices exceed presently destroyed, even as it is said: ""Because the cry of Sodom and Gomorroh is great (Gen. 18. 20). So, too, is the whole world, if their vices exceeded their virtues they are presently destroyed, even as it is said: ""And God saw that the wickedness of man was great"" (6. 5). But the weighing of this is not according to the number of virtues and vices, but according to their magnitude. There is a virtue that overbalances many vices, even as it is said: ""Because in him there is found some good thing"" (I Kings, 14. 13); and there is a kind of vice which overbalances many virtues, even as it is said: ""But one sinner destroyeth much good"" (Ecc. 9. 18). Moreover these are not weighed by anyone, save only in the knowledge of the All-knowing God, for only He knoweth the estimate of virtues versus vices. (<sup class=""footnote-marker"">3</sup><i class=""footnote"">Yebamot, 50a; Kiddushin 40a. C.</i>)</div>",""
"Vayechi","חק לישראל - פרשת ויחי יום רביעי","17","","<h1><b>מוסר</b></h1>","",""
"Vayechi","חק לישראל - פרשת ויחי יום רביעי","18","","<div><strong><span style=""color: #999999;"">ספר דברים שבקדושה ס""א</span></strong></div><div>א. לֹא יְהֵא אָדָם בַּלְעָן וְגַרְגְּרָן אֶלָּא כְּאוֹכֵל לִפְנֵי הַמֶּלֶךְ מַלְכֵי הַמְּלָכִים הַקָּדוֹשׁ בָּרוּךְ הוּא לְהִדָּבֵק בְּמִדַּת הַחֶסֶד וְהַקְּדוּשָׁה וּבָזֶה תִּשָׁאֵר הַבְּרָכָה בְּמֵעָיו. בְּעֵשָׂו כְּתִיב (בראשית יט) הַלְעִיטֵנִי נָא כִּי הַנָּחָשׁ שָׁרוּי בְּתוֹךְ מֵעָיו וּכְתִיב (משלי ט) וּבֶטֶן רְשָׁעִים תֶּחְסָר: ב. אוֹתָם שֶׁאֲכִילָתָם לְשֵׁם שָׁמַיִם וּמְכַוְּנִים לְהַבְרוֹת גּוּפָם לַעֲבוֹדָתוֹ יִתְבָּרַךְ נֶחְשֶׁבֶת אֲכִילָתָם כְּמוֹ אֲכִילַת עֶרֶב יוֹם הַכִּפּוּרִים וּמַעֲלִין לוֹ שָׂכָר בָּעוֹלָם הַזֶּה מֵעֵין הָעוֹלָם הַבָּא: ג. כְּשֶׁהָאָדָם מְעַנֵּג הַשַּׁבָּת בְּמַאֲכָל וּמִשְׁתֶּה וּמְכַוֵּין כָּרָאוּי כְּדִכְתִיב קדֶשׁ הִיא לָכֶם דְּאַף מַה שֶׁהוּא לָכֶם לְהַנָּאַתְכֶם יִהְיֶה קדֶשׁ מִתְעַלֶּה עַל יְדֵי מַלְאָךְ קָדוֹשׁ הַמְּמוּנֶה בְּיוֹם הַשַּׁבָּת עַל זֶה: ד. אַל תִּלְחַם אֶת לֶחֶם רַע עַיִן כִּי גוֹרֵם רָעָה לְעַצְמוֹ בָעוֹלָם הַזֶּה וּבָעוֹלָם הַבָּא:</div>","",""
"Vayechi","חק לישראל - פרשת ויחי יום חמישי","1","","<h1><b>תורה</b></h1>","",""
"Vayechi","חק לישראל - פרשת ויחי יום חמישי","2","","<small>יכוין בקריאת חמשה פסוקים אלו שהם כנגד הִ דמילוי הה אחרונה דשם ב''ן לקנות הארת רוח יתרה משבת הבאה:</small>","",""
"Vayechi","חק לישראל - פרשת ויחי יום חמישי","3","Genesis 48:18-22","<div>מח (<small>יח</small>) וַיֹּ֧אמֶר יוֹסֵ֛ף אֶל־אָבִ֖יו לֹא־כֵ֣ן אָבִ֑י כִּי־זֶ֣ה הַבְּכֹ֔ר שִׂ֥ים יְמִינְךָ֖ עַל־רֹאשֽׁוֹ׃</div><div><small>וַאֲמַר יוֹסֵף לְאָבוּהִי לָא כֵן אַבָּא אֲרֵי דֵין בּוּכְרָא שַׁו יְמִינָךְ עַל רֵישֵׁיהּ:</small></div><div>(<small>יט</small>) וַיְמָאֵ֣ן אָבִ֗יו וַיֹּ֙אמֶר֙ יָדַ֤עְתִּֽי בְנִי֙ יָדַ֔עְתִּי גַּם־ה֥וּא יִֽהְיֶה־לְּעָ֖ם וְגַם־ה֣וּא יִגְדָּ֑ל וְאוּלָ֗ם אָחִ֤יו הַקָּטֹן֙ יִגְדַּ֣ל מִמֶּ֔נּוּ וְזַרְע֖וֹ יִהְיֶ֥ה מְלֹֽא־הַגּוֹיִֽם׃</div><div><small>וְסָרֵיב אָבוּהִי וַאֲמַר יְדַעְנָא בְרִי יְדַעְנָא אַף הוּא יְהֵי לְעַמָּא וְאַף הוּא יִסְגֵּי וּבְרַם אָחוּהִי זְעִירָא יִסְגֵּי מִנֵּיהּ וּבְנוֹהִי יְהוֹן <b>שַׁלִּיטִין</b> בְּעַמְמַיָּא:</small></div><div>(<small>כ</small>) וַיְבָ֨רְכֵ֜ם בַּיּ֣וֹם הַהוּא֮ לֵאמוֹר֒ בְּךָ֗ יְבָרֵ֤ךְ יִשְׂרָאֵל֙ לֵאמֹ֔ר יְשִֽׂמְךָ֣ אֱלֹהִ֔ים כְּאֶפְרַ֖יִם וְכִמְנַשֶּׁ֑ה וַיָּ֥שֶׂם אֶת־אֶפְרַ֖יִם לִפְנֵ֥י מְנַשֶּֽׁה׃</div><div><small>וּבְרֵיכִנּוּן בְּיוֹמָא הַהוּא לְמֵימַר בָּךְ יְבָרֵךְ יִשְׂרָאֵל לְמֵימַר יְשַׁוִּינָךְ יְיָ כְּאֶפְרַיִם וְכִמְנַשֶּׁה וְשַׁוֵּי יָת אֶפְרַיִם קֳדָם מְנַשֶּׁה:</small></div><div>(<small>כא</small>) וַיֹּ֤אמֶר יִשְׂרָאֵל֙ אֶל־יוֹסֵ֔ף הִנֵּ֥ה אָנֹכִ֖י מֵ֑ת וְהָיָ֤ה אֱלֹהִים֙ עִמָּכֶ֔ם וְהֵשִׁ֣יב אֶתְכֶ֔ם אֶל־אֶ֖רֶץ אֲבֹתֵיכֶֽם׃</div><div><small>וַאֲמַר יִשְׂרָאֵל לְיוֹסֵף הָא אֲנָא מָאִית וִיהֵי <b>מֵימְרָא</b> דַיְיָ <b>בְּסַעְדֵּכוֹן</b> וְיָתֵיב יָתְכוֹן לְאַרְעָא דַּאֲבָהַתְכוֹן:</small></div><div>(<small>כב</small>) וַאֲנִ֞י נָתַ֧תִּֽי לְךָ֛ שְׁכֶ֥ם אַחַ֖ד עַל־אַחֶ֑יךָ אֲשֶׁ֤ר לָקַ֙חְתִּי֙ מִיַּ֣ד הָֽאֱמֹרִ֔י בְּחַרְבִּ֖י וּבְקַשְׁתִּֽי׃ <span class=""mam-spi-pe"">{פ}</span> </div><div><small>וַאֲנָא יְהָבִית לָךְ חוּלַק חַד יַתִּיר עַל אַחָיךְ דִּי נְסֵיבִית מִידָא דֶאֱמוֹרָאָה <b>בִּצְלוֹתִי</b> <b>וּבְבָעוּתִי</b>:</small></div>","<div>48 (18) And Yosef said to his father, Not so, my father: for this is the firstborn; put thy right hand upon his head.</div><div>(19) And his father refused, and said, I know it, my son, I know it: he also shall become a people, and he also shall be great: but truly his younger brother shall be greater than he, and his seed shall become a multitude of nations.</div><div>(20) And he blessed them that day, saying, By thee shall Yisra᾽el bless, saying, God make thee as Efrayim and as Menashshe: and he set Efrayim before Menashshe.</div><div>(21) And Yisra᾽el said to Yosef, Behold, I die: but God shall be with you, and bring you back to the land of your fathers.</div><div>(22) Moreover I have given to thee one portion more than thy brothers, which I took out of the hand of the Emori with my sword and with my bow.</div>",""
"Vayechi","חק לישראל - פרשת ויחי יום חמישי","4","","<h1><b>נביאים</b></h1>","",""
"Vayechi","חק לישראל - פרשת ויחי יום חמישי","5","I Kings 2:22-26","<div>ב (<small>כב</small>) וַיַּ֩עַן֩ הַמֶּ֨לֶךְ שְׁלֹמֹ֜ה וַיֹּ֣אמֶר לְאִמּ֗וֹ וְלָמָה֩ אַ֨תְּ שֹׁאֶ֜לֶת אֶת־אֲבִישַׁ֤ג הַשֻּׁנַמִּית֙ לַאֲדֹ֣נִיָּ֔הוּ וְשַֽׁאֲלִי־לוֹ֙ אֶת־הַמְּלוּכָ֔ה כִּ֛י ה֥וּא אָחִ֖י הַגָּד֣וֹל מִמֶּ֑נִּי וְלוֹ֙ וּלְאֶבְיָתָ֣ר הַכֹּהֵ֔ן וּלְיוֹאָ֖ב בֶּן־צְרוּיָֽה׃ <span class=""mam-spi-pe"">{פ}</span> </div><div><small>וַאֲתֵיב מַלְכָּא שְׁלֹמֹה וַאֲמַר לְאִמֵיהּ וּלְמָא אַתְּ שָׁאֲלָא יַת אֲבִישַׁג דְמִן שׁוּנֵם לַאֲדֹנִיָהוּ וְשַׁאֲלִי לֵיהּ יַת מַלְכוּתָא אֲרֵי הוּא אֲחִי קָשִׁישׁ מִנִי הֲלָא בְעֵצָה הֲווֹ הוּא וְאֶבְיָתָר כַּהֲנָא וְיוֹאָב בַּר צְרוּיָה:</small></div><div>(<small>כג</small>) וַיִּשָּׁבַע֙ הַמֶּ֣לֶךְ שְׁלֹמֹ֔ה בַּיהֹוָ֖ה לֵאמֹ֑ר כֹּ֣ה יַֽעֲשֶׂה־לִּ֤י אֱלֹהִים֙ וְכֹ֣ה יוֹסִ֔יף כִּ֣י בְנַפְשׁ֔וֹ דִּבֶּר֙ אֲדֹ֣נִיָּ֔הוּ אֶת־הַדָּבָ֖ר הַזֶּֽה׃</div><div><small>וְקַיֵם מַלְכָּא שְׁלֹמֹה בְמֵימְרָא דַייָ לְמֵימָר כְּדֵין יַעְבֵּיד לִי אֱלֹהִים וּכְדֵין יוֹסִיף אֲרֵי בְנַפְשֵׁיהּ מַלֵיל אֲדוֹנִיָהוּ יַת פִּתְגָמָא הָדֵין:</small></div><div>(<small>כד</small>) וְעַתָּ֗ה חַי־יְהֹוָה֙ אֲשֶׁ֣ר הֱכִינַ֗נִי <span class=""mam-kq""><span class=""mam-kq-k"">(ויושיביני)</span> <span class=""mam-kq-q"">[וַיּֽוֹשִׁיבַ֙נִי֙]</span></span> עַל־כִּסֵּא֙ דָּוִ֣ד אָבִ֔י וַאֲשֶׁ֧ר עָשָׂה־לִ֛י בַּ֖יִת כַּאֲשֶׁ֣ר דִּבֵּ֑ר כִּ֣י הַיּ֔וֹם יוּמַ֖ת אֲדֹנִיָּֽהוּ׃</div><div><small>וּכְעַן קַיָם הוּא יְיָ דְאַתְקְנַנִי וְאוֹתִיבַנִי עַל כּוּרְסֵי מַלְכוּתָא דְדָוִד אַבָּא וּדְקַיֵם לִי מַלְכוּ כְּמָא דְמַלֵיל אֲרֵי יוֹמָא דֵין יִתְקְטֵיל אֲדוֹנִיָהוּ:</small></div><div>(<small>כה</small>) וַיִּשְׁלַח֙ הַמֶּ֣לֶךְ שְׁלֹמֹ֔ה בְּיַ֖ד בְּנָיָ֣הוּ בֶן־יְהוֹיָדָ֑ע וַיִּפְגַּע־בּ֖וֹ וַיָּמֹֽת׃ <span class=""mam-spi-samekh"">{ס}</span>        </div><div><small>וּשְׁלַח מַלְכָּא שְׁלֹמֹה בְּיַד בְּנָיָהוּ בַּר יְהוֹיָדָע וְשַׁלִיט בֵּיהּ וְקַטְלֵיהּ:</small></div><div>(<small>כו</small>) וּלְאֶבְיָתָ֨ר הַכֹּהֵ֜ן אָמַ֣ר הַמֶּ֗לֶךְ עֲנָתֹת֙ לֵ֣ךְ עַל־שָׂדֶ֔יךָ כִּ֛י אִ֥ישׁ מָ֖וֶת אָ֑תָּה וּבַיּ֨וֹם הַזֶּ֜ה לֹ֣א אֲמִיתֶ֗ךָ כִּֽי־נָשָׂ֜אתָ אֶת־אֲר֨וֹן אֲדֹנָ֤י יֱהֹוִה֙ לִפְנֵי֙ דָּוִ֣ד אָבִ֔י וְכִ֣י הִתְעַנִּ֔יתָ בְּכֹ֥ל אֲשֶֽׁר־הִתְעַנָּ֖ה אָבִֽי׃</div><div><small>וּלְאֶבְיָתָר כַּהֲנָא אֲמַר מַלְכָּא לַעֲנָתוֹת אֱזִיל לָךְ לְקִירְוָךְ אֲרֵי גְבַר חַיָב קְטוֹל אַתְּ וּבְּיוֹמָא הָדֵין לָא אֶקְטְלִינָךְ אֲרֵי נְטַלְתְּ יַת אֲרוֹנָא דַייָ אֱלֹהִים קֳדָם דָוִד אַבָּא וַאֲרֵי אִתְעַנֵיתָא בְּכֹל דִי אִתְעַנֵי אַבָּא:</small></div>","<div>2 (22) And king Shelomo answered and said to his mother, And why dost thou ask Avishag the Shunammite for Adoniyyahu? ask for him the kingdom also; for he is my elder brother; even for him, and for Evyatar the priest, and for Yo᾽av the son of Żeruya.</div><div>(23) Then king Shelomo swore by the Lord, saying, God do so to me, and more also, if Adoniyyahu have not spoken this word against his own life.</div><div>(24) Now therefore, as the Lord lives, who has established me, and set me on the throne of David my father, and who has made me a house, as he promised, Adoniyyahu shall be put to death this day.</div><div>(25) And king Shelomo sent by the hand of Benayahu the son of Yehoyada; and he fell upon him that he died.</div><div>(26) And to Evyatar the priest the king said, Get thee to ῾Anatot, to thy own fields; for thou art worthy of death: but I will not at this time put thee to death, because thou didst bear the ark of the Lord God before David my father, and because thou hast been afflicted in all my father’s afflictions.</div>",""
"Vayechi","חק לישראל - פרשת ויחי יום חמישי","6","","<h1><b>כתובים</b></h1>","",""
"Vayechi","חק לישראל - פרשת ויחי יום חמישי","7","Proverbs 11:20-24","<div>יא (<small>כ</small>) תּוֹעֲבַ֣ת יְ֭הֹוָה עִקְּשֵׁי־לֵ֑ב וּ֝רְצוֹנ֗וֹ תְּמִ֣ימֵי דָֽרֶךְ׃</div><div><small>מְרָחֵק אֱלָהָא לַעֲקִימֵי לִבָּא וְצָבֵי בְּאִלֵין דִתְמִימִין:</small></div><div>(<small>כא</small>) יָ֣ד לְ֭יָד לֹא־יִנָּ֣קֶה רָּ֑ע וְזֶ֖רַע צַדִּיקִ֣ים נִמְלָֽט׃</div><div><small>דְמוֹשִׁיט אַיְדָא עַל חַבְרֵיהּ לָא מִזְדַכֵּי מִן בִּישְׁתָּא וְזַרְעָא דְצַדִיקֵי מִתְפְּרֵק:</small></div><div>(<small>כב</small>) נֶ֣זֶם זָ֭הָב בְּאַ֣ף חֲזִ֑יר אִשָּׁ֥ה יָ֝פָ֗ה וְסָ֣רַת טָֽעַם׃</div><div><small>קָדָשֵׁי דְדַהֲבָא בִּנְחִירֵי דַחֲזִירְתָּא הֵיכְנָא אִתְּתָא דְשַׁפִּירֵי וְסָרֵי טַעֲמָא:</small></div><div>(<small>כג</small>) תַּאֲוַ֣ת צַדִּיקִ֣ים אַךְ־ט֑וֹב תִּקְוַ֖ת רְשָׁעִ֣ים עֶבְרָֽה׃</div><div><small>רִגְתָא דְצַדִיקֵי בְּטָבְתָא וְסִבּוּרָא דְרַשִׁיעֵי בְרוּגְזָא:</small></div><div>(<small>כד</small>) יֵ֣שׁ מְ֭פַזֵּר וְנוֹסָ֥ף ע֑וֹד וְחֹשֵׂ֥ךְ מִ֝יֹּ֗שֶׁר אַךְ־לְמַחְסֽוֹר׃</div><div><small>אִית דְפָרֵד וּמוֹסִיף תּוּב וְחָשֵׂיךְ מִן תְּרִיצוּתָא חוּסְרָנָא לֵיהּ:</small></div>","<div>11 (20) They that are of a crooked heart are an abomination to the Lord: but such as are upright in their way are his delight.</div><div>(21) They who join hands for wicked ends shall not go unpunished: but the seed of the righteous shall be delivered.</div><div>(22) Like a jewel of gold in a swine’s snout, so is a fair woman without discretion.</div><div>(23) The desire of the righteous is only good: but the expectation of the wicked is wrath.</div><div>(24) There is one who gives freely, and yet increases, another spares unjustly, but comes to want.</div>",""
"Vayechi","חק לישראל - פרשת ויחי יום חמישי","8","","<h1><b>משנה</b></h1>","",""
"Vayechi","חק לישראל - פרשת ויחי יום חמישי","9","Mishnah Zevachim 12","<div>א. טְבוּל יוֹם וּמְחֻסַּר כִּפּוּרִים, אֵינָן חוֹלְקִים בַּקֳּדָשִׁים לֶאֱכֹל לָעָרֶב. אוֹנֵן, נוֹגֵעַ וְאֵינוֹ מַקְרִיב, וְאֵינוֹ חוֹלֵק לֶאֱכֹל לָעָרֶב. בַּעֲלֵי מוּמִין, בֵּין בַּעֲלֵי מוּמִין קְבוּעִין, בֵּין בַּעֲלֵי מוּמִין עוֹבְרִין, חוֹלְקִין וְאוֹכְלִין, אֲבָל לֹא מַקְרִיבִין. וְכֹל שֶׁאֵינוֹ רָאוּי לָעֲבוֹדָה, אֵינוֹ חוֹלֵק בַּבָּשָׂר. וְכֹל שֶׁאֵין לוֹ בַּבָּשָׂר, אֵין לוֹ בָעוֹרוֹת. אֲפִלּוּ טָמֵא בִשְׁעַת זְרִיקַת דָּמִים וְטָהוֹר בִּשְׁעַת הֶקְטֵר חֲלָבִים, אֵינוֹ חוֹלֵק בַּבָּשָׂר, שֶׁנֶּאֱמַר (ויקרא ז), הַמַּקְרִיב אֶת דַּם הַשְּׁלָמִים וְאֶת הַחֵלֶב מִבְּנֵי אַהֲרֹן לוֹ תִהְיֶה שׁוֹק הַיָּמִין לְמָנָה: 
</div><div>ב. כֹּל שֶׁלֹּא זָכָה הַמִּזְבֵּחַ בִּבְשָׂרָהּ, לֹא זָכוּ הַכֹּהֲנִים בְּעוֹרָהּ, שֶׁנֶּאֱמַר (שם), עֹלַת אִישׁ, עוֹלָה שֶׁעָלְתָה לְאִישׁ. עוֹלָה שֶׁנִּשְׁחֲטָה שֶׁלֹּא לִשְׁמָהּ, אַף עַל פִּי שֶׁלֹּא עָלְתָה לַבְּעָלִים, עוֹרָהּ לַכֹּהֲנִים. אֶחָד עוֹלַת הָאִישׁ וְאֶחָד עוֹלַת הָאִשָּׁה, עוֹרוֹתֵיהֶן לַכֹּהֲנִים: 
</div><div>ג. עוֹרוֹת קָדָשִׁים קַלִּים לַבְּעָלִים, וְעוֹרוֹת קָדְשֵׁי קָדָשִׁים לַכֹּהֲנִים. קַל וָחֹמֶר, מָה אִם עוֹלָה, שֶׁלֹּא זָכוּ בִבְשָׂרָהּ, זָכוּ בְעוֹרָהּ, קָדְשֵׁי קָדָשִׁים, שֶׁזָּכוּ בִבְשָׂרָהּ, אֵינוֹ דִין שֶׁיִּזְכּוּ בְעוֹרָהּ. אֵין מִזְבֵּחַ יוֹכִיחַ, שֶׁאֵין לוֹ עוֹר מִכָּל מָקוֹם: 
</div><div>ד. כָּל הַקֳּדָשִׁים שֶׁאֵרַע בָּהֶם פְּסוּל קֹדֶם לְהֶפְשֵׁטָן, אֵין עוֹרוֹתֵיהֶם לַכֹּהֲנִים. לְאַחַר הֶפְשֵׁטָן, עוֹרוֹתֵיהֶם לַכֹּהֲנִים. אָמַר רַבִּי חֲנִינָא סְגָן הַכֹּהֲנִים, מִיָּמַי לֹא רָאִיתִי עוֹר יוֹצֵא לְבֵית הַשְּׂרֵפָה. אָמַר רַבִּי עֲקִיבָא, מִדְּבָרָיו לָמַדְנוּ, שֶׁהַמַּפְשִׁיט אֶת הַבְּכוֹר וְנִמְצָא טְרֵפָה, שֶׁיֵּאוֹתוּ הַכֹּהֲנִים בְּעוֹרוֹ. וַחֲכָמִים אוֹמְרִים, אֵין לֹא רָאִינוּ רְאָיָה, אֶלָּא יוֹצֵא לְבֵית הַשְּׂרֵפָה: 
</div><div>ה. פָּרִים הַנִּשְׂרָפִים וּשְׂעִירִים הַנִּשְׂרָפִים, בִּזְמַן שֶׁהֵם נִשְׂרָפִין כְּמִצְוָתָן, נִשְׂרָפִין בְּבֵית הַדֶּשֶׁן וּמְטַמְּאִין בְּגָדִים. וְאִם אֵינָן נִשְׂרָפִין כְּמִצְוָתָן, נִשְׂרָפִין בְּבֵית הַבִּירָה וְאֵינָם מְטַמְּאִין בְּגָדִים: 
</div><div>ו. הָיוּ סוֹבְלִין אוֹתָם בְּמוֹטוֹת. יָצְאוּ הָרִאשׁוֹנִים חוּץ לְחוֹמַת הָעֲזָרָה וְהָאַחֲרוֹנִים לֹא יָצְאוּ, הָרִאשׁוֹנִים מְטַמְּאִין בְּגָדִים, וְהָאַחֲרוֹנִים אֵינָן מְטַמְּאִין בְּגָדִים, עַד שֶׁיֵּצֵאוּ. יָצְאוּ אֵלּוּ וָאֵלּוּ, אֵלּוּ וָאֵלּוּ מְטַמְּאִין בְּגָדִים. רַבִּי שִׁמְעוֹן אוֹמֵר, אֵלּוּ וָאֵלּוּ אֵינָן מְטַמְּאִין בְּגָדִים, עַד שֶׁיִּצַּת הָאוּר בְּרֻבָּן. נִתַּךְ הַבָּשָׂר, אֵין הַשּׂוֹרֵף מְטַמֵּא בְגָדִים: 
</div>","<div>1. A priest who was ritually impure <b>who immersed that day</b> and is waiting for nightfall for the purification process to be completed, <b>and</b> a priest <b>who has not yet</b> brought <b>an atonement</b> offering to complete the purification process, e.g., a <i>zav</i> and a leper who did not bring their requisite atonement offerings, who are not yet permitted to partake of sacrificial meat, <b>do not receive a share of sacrificial</b> meat along with the other members of the patrilineal priestly family serving in the Temple that day, in order <b>to partake</b> of it <b>in the evening</b> after the offerings were sacrificed, even though after nightfall he would be permitted to partake of the offerings. A priest who is <b>an acute mourner,</b> i.e., if one of his relatives for whom he is obligated to mourn died that day, is permitted to <b>touch</b> sacrificial meat, as he is not ritually impure. <b>But he may not sacrifice</b> offerings, <b>and he does not receive a share</b> of sacrificial meat in order <b>to partake</b> of it <b>in the evening.</b> <b>Blemished</b> priests, <b>whether</b> they are <b>temporarily blemished</b> or <b>whether</b> they are <b>permanently blemished, receive a share and partake</b> of the offerings with their priestly brethren, <b>but do not sacrifice</b> the offerings. The principle is: <b>Any</b> priest <b>who is unfit for the service</b> that specific day <b>does not receive a share of the</b> sacrificial <b>meat, and anyone who has no</b> share <b>of the meat has no</b> share <b>in the hides</b> of the animals, to which the priests are entitled as well. <b>Even</b> if the priest was <b>ritually impure</b> only <b>at the time of the sprinkling of the blood</b> of the offering <b>and</b> he was <b>pure at the time of the burning of</b> the <b>fats</b> of that offering, he still <b>does not receive a share of the meat, as it is stated: “He that sacrifices the blood of the peace offerings and the fat, from among the sons of Aaron, shall have the right thigh for a portion”</b> (Leviticus 7:33). One who cannot sprinkle the blood does not receive a share in the meat.</div><div>2. In the case of <b>any</b> burnt offering <b>for which the altar did not acquire its flesh,</b> e.g., if it was disqualified prior to the sprinkling of its blood, the <b>priests did not acquire its hide, as it is stated</b> with regard to the burnt offering: “And the priest that sacrifices <b>a man’s burnt offering,</b> the priest shall have to himself the hide of the burnt offering that he has sacrificed” (Leviticus 7:8), indicating that the priest acquires only the hide of <b>a burnt offering that satisfied</b> the obligation <b>of a man.</b> Nevertheless, in a case of <b>a burnt offering that was slaughtered not for its sake</b> but for the sake of another offering, <b>although it did not satisfy</b> the obligation <b>of the owner, its hide</b> goes <b>to the priests.</b> In addition, although the verse states: “A man’s burnt offering,” in the case of <b>both the burnt offering of a man and the burnt offering of a woman, their hides</b> go <b>to the priests.</b></div><div>3. <b>The hides of offerings of lesser sanctity</b> belong <b>to the owners; the hides of offerings of the most sacred order</b> belong <b>to the priests.</b> The right of priests to hides of offerings of the most sacred order is derived via <b>an <i>a fortiori</i></b> inference: <b>If</b> for <b>a burnt offering, for which</b> the priests <b>do not acquire its flesh,</b> as it is burned in its entirety, <b>they acquire its hide,</b> then for other <b>offerings of the most sacred order, for which</b> the priests <b>acquire its flesh, is it not right that they should acquire its hide?</b> And <b>there is no</b> room to contend that the <b>altar will prove</b> that this is not a valid inference, as it acquires the flesh of a burnt offering but not its hide, <b>since it does not have</b> the right to the <b>hide</b> of an offering <b>in any place.</b></div><div>4. If <b>any offerings</b> of the most sacred order <b>were disqualified prior to their flaying, their hides do not</b> go <b>to the priests;</b> rather, they are burned together with the flesh in the place of burning. If they were disqualified <b>after their flaying, their hides</b> go <b>to the priests. Rabbi Ḥanina, the deputy High Priest, said: In</b> all <b>my days, I never saw a hide going out to the place of burning.</b> <b>Rabbi Akiva said: From the statement of</b> Rabbi Ḥanina, the deputy High Priest, <b>we learned that</b> in a case where <b>one flays the firstborn</b> offering, <b>and</b> the animal is later <b>discovered to have a wound that would have caused it to die within twelve months [<i>tereifa</i>],</b> the <i>halakha</i> is <b>that the priests may derive benefit [<i>sheye’otu</i>] from its hide. And the Rabbis say:</b> The claim: <b>We did not see, is no proof; rather,</b> if after flaying it is discovered that the animal was unfit before it was flayed, the hide <b>goes out to the place of burning.</b></div><div>5. With regard to <b>bulls that are burned,</b> i.e., the bull of Yom Kippur, the bull of the anointed priest, and the bull brought for an unwitting communal sin, which are burned after their blood is sprinkled and their sacrificial portions burned on the altar, <b>and goats that are burned,</b> i.e., the goat of Yom Kippur and the goat brought for the unwitting communal transgression of the prohibition against idol worship, <b>when they are burned in accordance with their mitzva, they are burned in the place of the ashes</b> (see Leviticus 4:12) outside of Jerusalem, <b>and they render</b> the <b>garments</b> of the priests who tend to their burning <b>impure</b> (see Leviticus 4:25). <b>And if</b> these offerings <b>are not burned in accordance with their mitzva</b> because they were disqualified, and offerings that are disqualified are also burned, <b>they are burned in the place of</b> burning in <b>the <i>bira</i>, and they do not render</b> the <b>garments</b> of the priests who tend to their burning <b>impure.</b></div><div>6. The priests <b>would carry</b> the bulls and the goats that are burned suspended <b>on poles.</b> When <b>the first</b> priests, carrying the front of the pole, <b>emerged outside the wall of the</b> Temple <b>courtyard and the latter</b> priests <b>did not</b> yet <b>emerge, the first</b> priests <b>render</b> their <b>garments impure, and the latter</b> priests <b>do not render</b> their <b>garments impure until they emerge.</b> When both <b>these and those</b> priests <b>emerged, they render</b> their <b>garments impure. Rabbi Shimon says: They do not render</b> their <b>garments impure,</b> as this <i>halakha</i> applies only to those who burn the offerings. And even then their garments do not become ritually impure <b>until the fire is ignited in the majority of</b> the offerings. Once <b>the flesh is</b> completely <b>scorched,</b> with no moisture remaining, <b>one who</b> then <b>burns</b> the remains <b>does not render</b> his <b>garments impure.</b></div>",""
"Vayechi","חק לישראל - פרשת ויחי יום חמישי","10","","<h1><b>גמרא</b></h1>","",""
"Vayechi","חק לישראל - פרשת ויחי יום חמישי","11","Zevachim 118a:15-118b:5","קָדְשֵׁי קָדָשִׁים. מְנָא הָנֵי מִילֵי אָמַר רִבִּי אוֹשַׁעְיָא דְאָמַר קְרָא (דברים יב) הִשָּׁמֶר לְךָ פֶּן תַּעֲלֶה עוֹלוֹתֶיךָ בְּכָל מָקוֹם אֲשֶׁר תִּרְאֶה. בְּכָל מָקוֹם אֲשֶׁר תִּרְאֶה אִי אַתָּה מַעֲלֶה אֲבָל אַתָּה אוֹכֵל בְּכָל מָקוֹם שָׁאַתָּה רוֹאֶה. אִימָא בְּכָל מָקוֹם שָׁאַתָּה רוֹאֶה אִי אַתָּה מַעֲלֶה אֲבָל אַתָּה זוֹבֵחַ בְּכָל מָקוֹם שֶׁתִּרְאֶה. אָמַר רִבִּי יַנַּאי אָמַר קְרָא שָׁם תַּעֲלֶה עוֹלוֹתֶיךָ וְשָׁם תַּעֲשֶׂה. רִבִּי אַבְדִּימִי בַּר חָסָא אָמַר אָמַר קְרָא (יהושע טז) וְלוֹ תַאֲנַת שִׁילֹה מָקוֹם שֶׁכָּל הָרוֹאֶה אוֹתוֹ מִתְאַנֵּחַ עָלָיו עַל אֲכִילַת קָדָשִׁים שֶׁלּוֹ. רַבִּי אַבָּהוּ אָמַר אָמַר קְרָא בֵּן פּוֹרָת יוֹסֵף בֵּן פּוֹרָת עֲלֵי עָיִן. עַיִן שֶׁלֹּא רָצְתָה לִיזוֹן וְלֵיהָנוֹת מִדָּבָר שֶׁאֵינוֹ שֶׁלּוֹ תִּזְכֶּה וְתֹאכַל כִּמְלֹא עֵינָיו. רִבִּי יוֹסֵי בַר חֲנִינָא אָמַר (דברים לג) וּרְצוֹן שֹׁכְנִי סְנֶה עַיִן שֶׁלֹא רָצְתָה לֵיהָנוֹת מִדָּבָר שֶׁאֵינוֹ שֶׁלּוֹ תִּזְכֶּה וְתֹאכַל בֵּין הַשְּׂנוּאִין. תָּנָא רוֹאֶה שֶׁאָמְרוּ רוֹאֶה כּוּלוֹ וְלֹא הַמַּפְסִיק בֵּינוֹ לְבֵינוֹ. אָמַר לֵיהּ רִבִּי שִׁמְעוֹן בֶּן אֶלְיָקִים לְרִבִּי אֶלְעָזָר אַסְבְּרָא לָךְ כְּגוֹן בֵּי כְנִישְׁתָּא דְמָעוֹן. אָמַר רַב פַּפָּא רוֹאֶה שֶׁאָמְרוּ לֹא רוֹאֶה כּוּלוֹ אֶלָּא רוֹאֶה מִקְצָתוֹ. בָּעֵי רַב פַּפָּא עוֹמֵד וְרוֹאֶה יוֹשֵׁב וְאֵינוֹ רוֹאֶה מָאי. בָּעֵי רִבִּי יִרְמְיָה עוֹמֵד עַל גַּבֵּי הַנַּחַל וְרוֹאֶה בְּתוֹךְ הַנַּחַל וְאֵינוֹ רוֹאֶה מָאי תֵּיקוּ:","<div>§ The mishna teaches that during the period of Shiloh, <b>offerings of the most sacred order</b> were eaten within the curtains, and offerings of lesser sanctity and second tithe were eaten in any place that overlooks Shiloh. The Gemara asks: <b>From where are these matters</b> derived? <b>Rabbi Oshaya said: As</b> in the context of the prohibition against sacrificing outside the Tabernacle, <b>the verse states: “Take heed to yourself that you do not offer your burnt offerings in every place that you see”</b> (Deuteronomy 12:13), from which it may be inferred: <b>You may not offer up in every place that you see, but you may eat</b> the offerings <b>in every place that you see.</b></div><div>The Gemara challenges: <b>Say</b> instead the following inference: <b>You may not offer up</b> offerings upon an altar <b>in every place that you see, but you may slaughter</b> offerings <b>in every place that you see.</b> It would therefore be permitted to slaughter offerings in any place that overlooks Shiloh.</div><div><b>Rabbi Yannai said</b> that <b>the</b> subsequent <b>verse states:</b> “But in the place that the Lord shall choose in one of your tribes, <b>there you shall offer</b> your burnt offerings, <b>and there you shall do</b> all that I command you” (Deuteronomy 12:14). This verse teaches that all of the sacrificial service is performed in the place that the offering is burned, and only the consumption of offerings of lesser sanctity is permitted in any place that overlooks Shiloh.</div><div><b>Rabbi Avdimi bar Ḥasa said</b> that when describing the boundaries of the portions of Eretz Yisrael of the children of Joseph, wherein Shiloh was located, <b>the verse states:</b></div><div><b>“And</b> the border turned about eastward to <b>Taanath Shiloh”</b> (Joshua 16:6), a place adjacent to Shiloh. Why did it bear the name of Taanath Shiloh? It is because it was the <b>place</b> from <b>which whoever saw</b> the Tabernacle in Shiloh after its destruction would <b>moan [<i>mitane’aḥ</i>] for it with regard to the consumption of sacrificial</b> animals from offerings of lesser sanctity that had been previously permitted there, but was now no longer permitted.</div><div><b>Rabbi Abbahu says</b> that a different biblical allusion may be found in what <b>the verse states</b> in the context of Jacob’s blessing to Joseph: <b>“Joseph is a fruitful vine, a fruitful vine by a fountain [<i>ayin</i>]”</b> (Genesis 49:22). The Gemara interprets the word fountain homiletically: <b>An eye [<i>ayin</i>] that did not wish to partake or derive benefit from something that was not his,</b> i.e., the wife of Potiphar, <b>shall merit</b> to have offerings of lesser sanctity <b>consumed</b> in Shiloh, in Joseph’s portion of Eretz Yisrael, <b>to the fullest</b> extent <b>of its eyes,</b> i.e., from wherever Shiloh can be seen.</div><div><b>Rabbi Yosei, son of Rabbi Ḥanina, says</b> that another allusion may be found in the context of Moses’ blessing to Joseph: <b>“And the good will of Him Who dwelt in the bush [<i>seneh</i>]”</b> (Deuteronomy 33:16). The Gemara interprets the word “<i>seneh</i>” homiletically: <b>An eye that did not wish to derive benefit from something that was not his shall merit</b> to have offerings of lesser sanctity <b>consumed among the haters [<i>senu’in</i>].</b> In other words, offerings of lesser sanctity may be consumed in any place that overlooks Shiloh, even in the portions of the other tribes, who are described by the Torah as hating Joseph (see Genesis, chapter 37).</div><div>§ With regard to the <i>halakha</i> that during the period of Shiloh offerings of lesser sanctity could be eaten in any place that overlooks Shiloh, it was <b>taught:</b> The term: <b>Overlooks, that</b> was <b>stated</b> in the mishna, means that one <b>sees</b> it in <b>its entirety, and</b> there is <b>nothing that obstructs between</b> the seer <b>and</b> the surrounding area. <b>Rabbi Shimon ben Elyakum said to Rabbi Elazar: I shall explain</b> this type of seeing <b>to you: For example, the synagogue of Maon,</b> which was adjacent to the city of Tiberias, and from where Tiberias could be seen. <b>Rav Pappa said</b> that the term: <b>Overlooks, that was stated</b> does <b>not</b> mean that one must <b>see</b> the Tabernacle in Shiloh in <b>its entirety, but</b> rather even if one <b>sees</b> it <b>partially,</b> offerings of lesser sanctity may be consumed there.</div><div>With regard to the definition of overlooking, <b>Rav Pappa raises a dilemma:</b> If one is in a place where he <b>stands and sees</b> Shiloh, but if he <b>sits</b> he <b>does not see</b> Shiloh, <b>what</b> is the <i>halakha</i>? Is this considered overlooking? Likewise, <b>Rabbi Yirmeya raises a dilemma:</b> If one is in a place where he can <b>stand upon</b> the bank of <b>the stream and see</b> Shiloh, but if he is <b>in the stream he does not see</b> Shiloh, <b>what</b> is the <i>halakha</i>? No resolution is found for either of these questions, and the Gemara concludes: These dilemmas <b>shall stand</b> unresolved.</div>",""
"Vayechi","חק לישראל - פרשת ויחי יום חמישי","12","","<h1><b>זוהר</b></h1>","",""
"Vayechi","חק לישראל - פרשת ויחי יום חמישי","13","Zohar, Vayechi 68","דָבָר אַחֵר, יִשָּׂשׂכָר חֲמוֹר גָּרֶם רוֹבֵץ וְגוֹ' פָּתַח וְאָמַר (תהלים כ''ז) לְדָוִד ה' אוֹרִי וְיִשְׁעִי מִמִּי אִירָא יְיָ מָעוֹז חַיַּי מִמִּי אֶפְחָד כַּמָּה חֲבִיבִין אִנּוּן מִלִּין דְּאוֹרַיְתָא כַּמָּה חֲבִיבִין אִנּוּן דְּמִשְׁתַּדְּלֵי בְּאוֹרַיְתָא קַמֵּי קֻדְשָׁא בְּרִיךְ הוּא דְּכָל מַאן דְּאִשְׁתַּדַּל בְּאוֹרַיְתָא לָא דָּחִיל מִפִּגְעֵי עָלְמָא נָטִיר הוּא לְעֵילָא נָטִיר הוּא לְתַתָּא וְלָא עוֹד אֶלָא דְּכָפִית לְכָל פְּגִיעֵי דְּעָלְמָא וְאָחִית לוֹן לְעוּמְקֵי דִּתְהוֹמָא רַבָּא, תָּא חֲזֵי בְּשַׁעְתָּא דְּעָאל לֵילְיָא פִּתְחִין סְתִימִין וְכַלְבֵּי וְחַמְרֵי שַׁרְיָן וְשָׁטָאן בְּעָלְמָא וְאִתְיְהִיבָת רְשׁוּ לְחַבְּלָא וְכָל בְּנֵי עָלְמָא נַיְמֵי בְּעַרְסַיְהוּ וְנִשְׁמָתְהוֹן דְּצַדִּיקַיָּא סָלְקִין לְאִתְעַנְּגָא לְעֵילָא כַּד אִתְעָר רוּחַ צָפוֹן וְאִתְפְּלִיג לֵילְיָא אִתְעֲרוּתָא קַדִּישָׁא אִתְעָר בְּעָלְמָא וְאִתְמָר בְּכַמָּה דּוּכְתֵּי, זַכָּאָה חוּלָקֵיהּ דְּהַהוּא בַּר נַשׁ דְּאִיהוּ קָאִים בְּהַהִיא שַׁעְתָּא וְאִשְׁתַּדַּל בְּאוֹרַיְתָא כֵּיוָן דְּאִיהוּ פָּתַח בְּאוֹרַיְתָא כָּל אִנּוּן זִינִין בִּישִׁין אָעִיל לוֹן בְּנוּקְבֵי דִּתְהוֹמָא רַבָּה וְכָפִית לֵיהּ לַחֲמוֹר וְנָחִית בְּטַפְסְרֵי דִּתְחוֹת עֲפָרָא דְּזוּהֲמֵי קִסְרָא, בְּגִנֵּי כָּךְ יִשָּׂשׂכָר דְּאִשְׁתַּדְּלוּתֵיהּ בְּאוֹרַיְתָא כָּפִית לֵיהּ לַחֲמוֹר וְנָחִית לֵיהּ מַה הוּא גָּרֶם הַמַּעֲלוֹת דְּאִיהוּ סָלִיק לְנַזְּקָא עָלְמָא וְשַׁוִּי מָדוֹרֵיהּ בֵּין הַמִּשְׁפְּתָיִם בֵּין זוּהֲמֵי דְּטַפְסְרֵי דַּעֲפָרָא, תָּא חֲזֵי מַה כְּתִיב וַיַּרְא מְנוּחָה כִּי טוֹב וְאֶת הָאָרֶץ כִּי נָעֵמָה וַיֵּט שִׁכְמוֹ לִסְבּוֹל וַיְהִי לְמַס עוֹבֵד, וַיַּרְא מְנוּחָה כִּי טוֹב דָּא תּוֹרָה שֶׁבִּכְתָב, וְאֶת הָאָרֶץ כִּי נָעֵמָה דָּא תּוֹרָה שֶׁבְּעַל פֶּה, וַיֵּט שִׁכְמוֹ לִסְבּוֹל לְמִסְבָּל עוּלָא דְּאוֹרַיְתָא וּלְדַבְּקָא בָּהּ יוֹמֵי וְלֵילֵי, וַיְהִי לְמַס עוֹבֵד לְמֶהֱוֵי פְּלָח לְקֻדְשָׁא בְּרִיךְ הוּא וּלְאִתְדַבָּקָא בֵּיהּ וְלַאֲתָּשָׁא גַּרְמֵיהּ בֵּיהּ:","",""
"Vayechi","חק לישראל - פרשת ויחי יום חמישי","14","","דָּבָר אַחֵר, יִשָׂשׂכָר חֲמוֹר גָּרֶם וְגוֹ': פָּתַח וְאָמַר, (תהלים כ''ז) לְדָוִד ה' אוֹרִי וְיִשְׁעִי מִמִּי אִירָא וְגוֹ'. כַּמָּה חֲבִיבִים הֵם דִּבְרֵי תּוֹרָה, כַּמָּה חֲבִיבִים הֵם אוֹתָם שֶׁעוֹסְקִים בַּתּוֹרָה, לִפְנֵי הַקָּדוֹשׁ בָּרוּךְ הוּא, כִּי כָּל מִי שֶׁעוֹסֵק בַּתּוֹרָה אֵינוֹ מְפַחֵד מִמַּזִּיקֵי הָעוֹלָם, נִשְׁמָר הוּא לְמַעְלָה נִשְׁמָר הוּא לְמַטָּה. וְלֹא עוֹד אֶלָּא שֶׁמַּכְנִיעַ כָּל הַמַּזִּיקִים שֶׁבָּעוֹלָם וּמוֹרִידֵם לְעִמְקֵי תְּהוֹם רַבָּא. בֹּא וּרְאֵה בְּשָׁעָה שֶׁבָּא הַלַּיְלָה, הַפְּתָחִים שֶׁל מַעְלָה נִסְתָּמִים, וּכְלָבִים וַחֲמוֹרִים שׁוֹרִים וּמְשׁוֹטְטִים בָּעוֹלָם, וְנִתָּן רְשׁוּת לַמַּזִּיקִים לְהַשְׁחִית, וְכָל בְּנֵי הָעוֹלָם יְשֵׁנִים בְּמִטּוֹתֵיהֶם, וְנִשְׁמוֹת הַצַדִּיקִים עוֹלוֹת וּמִתְעַנְּגוֹת לְמַעְלָה. כְּשֶׁנִּתְעוֹרֵר רוּחַ צָפוֹן, וְנֶחֱלָק הַלַּיְלָה, הִתְעוֹרְרוּת קְדֻשָּׁה מִתְעוֹרֶרֶת בָּעוֹלָם, וְנִתְבָּאֵר בְּכַמָּה מְקוֹמוֹת. אַשְׁרֵי חֶלְקוֹ שֶׁל אוֹתוֹ אָדָם שֶׁקָּם מִמִּטָּתוֹ בְּאוֹתָהּ שָׁעָה וְעוֹסֵק בַּתּוֹרָה, כֵּיוָן שֶׁהוּא פּוֹתֵחַ בַּתּוֹרָה, כָּל אֵלּוּ מִינֵי מַזִּיקִים הָרָעִים, מַכְנִיס אוֹתָם בְּנִקְבֵי תְּהוֹם הַגָּדוֹל, וּמַכְנִיעַ קְלִפַּת הַחֲמוֹר וּמוֹרִיד אוֹתוֹ בַּבְּקִיעִים שֶׁמִּתַּחַת הֶעָפָר, בְּזֹהַם הַפְּסֹלֶת וְהַזֶּבֶל הַמְקֵבָּץ שָׁם. מִשּׁוּם זֶה, יִשָׂשׂכָר שֶׁהָיָה עִסְקוֹ בַּתּוֹרָה, הִכְנִיעַ אֶת קְלִפַּת הַחֲמוֹר, וְהוֹרִידוֹ. (וּמַה שֶּׁהָיָה הַחֲמוֹר), מִגָּרֶם הַמַּעֲלוֹת, (דְּהַיְנוּ שֶׁכָּתוּב, חֲמוֹר גָּרֶם), שֶׁהָיָה עוֹלֶה לְהַזִּיק הָעוֹלָם, הִנֵּה עַתָּה, הֵשִׂים מָדוֹרוֹ, בֵּין הַמִּשְׁפְּתַיִם, בֵּין הַזֹּהֲמוֹת שֶׁל בְּקִיעֵי הֶעָפָר. בֹּא וּרְאֵה מַה כְּתִיב וַיַּרְא מְנוּחָה וְגוֹ': וַיַּרְא מְנוּחָה כִּי טוֹב, זוֹ הִיא תּוֹרָה שֶׁבִּכְתָב. וְאֶת הָאָרֶץ כִּי נָעֵמָה, זוֹ הִיא תּוֹרָה שֶׁבְּעַל פֶּה. וַיֵּט שִׁכְמוֹ לִסְבֹּל, הַיְנוּ לִסְבֹּל עֹל תּוֹרָה, וּלְהִדָּבֵק בָּהּ יָמִים וְלֵילוֹת. וַיְהִי לְמַס עוֹבֵד, הַיְנוּ לִהְיוֹת עוֹבֵד אֶל הַקָּדוֹשׁ בָּרוּךְ הוּא, וּלְהִדָּבֵק בּוֹ, וּלְהַחֲלִישׁ אֶת עַצְמוֹ בָּהּ.","",""
"Vayechi","חק לישראל - פרשת ויחי יום חמישי","15","","<h1><b>הלכה פסוקה</b></h1>","",""
"Vayechi","חק לישראל - פרשת ויחי יום חמישי","16","Mishneh Torah, Repentance 3:3-4","<div><b>א. </b>כָּל מִי שֶׁנִּיחַם עַל הַמִּצְוֹת שֶׁעָשָׂה וְתוֹהֶא עַל הַזָּכִיּוֹת וְאָמַר בְּלִבּוֹ וּמַה הוֹעַלְתִּי בַּעֲשִׂיָּיתָן הַלְוַאי לֹא עָשִׂיתִי אוֹתָן הֲרֵי זֶה אִבֵּד אֶת כּוּלָן וְאֵין מַזְכִּירִין לוֹ שׁוּם זְכוּת בָּעוֹלָם שֶׁנֶּאֱמַר (יחזקאל יח) צִדְקַת הַצַדִּיק לֹא תַּצִילֶנּוּ בְּיוֹם רִשְׁעוֹ אֵין זֶה אֶלָּא בְתוֹהֶא עַל הָרִאשּׁוֹנוֹת:</div><div><b>ב. </b>וּכְשֵׁם שֶׁשּׁוֹקְלִין זָכִיּוֹת אָדָם וַעֲוֹנוֹתָיו בִּשְׁעַת מִיתָתוֹ כָּךְ בְּכָל שָׁנָה וְשָׁנָה שׁוֹקְלִין עֲוֹנוֹת כָּל אֶחָד וְאֶחָד מִבָּאֵי הָעוֹלָם עִם זָכִיּוֹתָיו בְּיוֹם טוֹב שֶׁל רֹאשׁ הַשָּׁנָה מִי שֶׁנִּמְצָא צַדִּיק נֶחְתָּם לְחַיִּים מִי שֶׁנִּמְצָא רָשָׁע נֶחְתָּם לְמִיתָה וְהַבֵּינוֹנִי תּוֹלִין אוֹתוֹ עַד יוֹם הַכִּפּוּרִים אִם עָשָׂה תְשׁוּבָה נֶחְתָּם לְחַיִּים וְאִם לָאו נֶחְתָּם לְמִיתָה:</div><div><b>ג. </b>אַף עַל פִּי שֶׁתְּקִיעַת שׁוֹפָר בְּרֹאשׁ הַשָּׁנָה גְזֵירַת הַכָּתוּב רֶמֶז יֵשׁ בָּהּ כְּלוֹמַר עוּרוּ יְשֵׁנִים מִשְּׁנַתְכֶם וְּנִרְדָּמִין הָקִיצוּ מִתַּרְדְּמַתְכֶם וְחִפְּשׂוּ בְמַעֲשֵׂיכֶם וְחִזְרוּ בִתְשׁוּבָה וְזִכְרוּ בּוֹרַאֲכֶם אֵלּוּ הַשּׁוֹכְחִים אֶת הָאֱמֶת בְּהַבְלֵי הַזְּמַן וְשׁוֹגִים כָּל שְׁנָתָם לְהֶבֶל וָרִיק אֲשֶׁר לֹא יוֹעִיל וְלֹא יַצִיל הַבִּיטוּ לְנַפְשׁוֹתֵיכֶם וְהֵטִיבוּ דַרְכֵיכֶם וּמַעַלְלֵיכֶם וְיַעֲזוֹב כָּל אֶחָד מִכֶּם דַּרְכּוֹ הָרָעָה וּמַחֲשַׁבְתּוֹ אֲשֶׁר לֹא טוֹבָה:</div>","<div>One who renounces his observance of the commandments, and recants his virtues, saying in his heart: ""In what have I advanced by observing these, fain would I not have observed them""!, he, indeed, lost the virtues of all of them, and by no virtue in the world should he be remembered, even as it is said"". The righteousness of the righteous shall not deliver him in the day of his transgression"" (Ezek. 312); on no other can this be said than on him who recants his first virtues. And, even as man's virtues and vices are weighed at the time of his death so are the vices and virtues of each and every one who cometh on this earth weighed on the holy time of Rosh ha-Shanah. He who is found righteous is sealed for life; he who is found wicked is sealed for death, and the midiocre is suspended till the Day of Atonement, if he did repent he is sealed for life, if not he is sealed for death.<sup class=""footnote-marker"">4</sup><i class=""footnote"">Ibid. 40b; Rosh ha-Shanah, 16b. C.</i></div><div>Notwithstanding that the blowing of the ram's horn trumpet on Rosh ha-Shanah is a Scriptural statute, its blast is symbolic, as if saying: ""Ye that sleep, bestir yourselves from your sleep, and ye slumbering, emerge from your slumber, examine your conduct, turn in repentance, and remember your Creator! They that forget the truth because of the vanities of the times, who err all of their years by pursuing vanity and idleness, which are of neither benefit nor of salvation, care for your souls, improve your ways and your tendencies, let each one of you abandon his evil path and his thought which is not pure! It is, therefore, necessary for every man to behold himself throughout the whole year in a light of being evenly balanced between innocence and guilt, and look upon the entire world as if evenly balanced between innocence and guilt; thus, if he commit one sin, he will overbalance himself and the whole world to the side of guilt, and be a cause of its destruction; but if he perform one duty, behold, he will overbalance himself and the whole world to the side of virtue, and bring about his own and their salvation and escape, even as it is said: ""But the righteous is an everlasting foundation"" (Prov. 10. 25), it is he, by whose righteousness he overbalanced the whole world to virtue and saved it. And, because of this matter, it became the custom of the whole house of Israel to excel in alms-giving, in good conduct and in the performance of duties during the intervening days of Rosh ha-Shanah and Yom ha-Kippurim above what they do during the whole year. It also became a universal custom to rise early during those ten days, to deliver in the synagogues prayers of supplication and ardor till the dawn of the day.<sup class=""footnote-marker"">5</sup><i class=""footnote"">Kiddushin, 39b–40a. C.</i></div>",""
"Vayechi","חק לישראל - פרשת ויחי יום חמישי","17","","<h1><b>מוסר</b></h1>","",""
"Vayechi","חק לישראל - פרשת ויחי יום חמישי","18","","<div><strong><span style=""color: #999999;"">ספר דברים שבקדושה סי' ב'</span></strong></div><div>א. אָמַר רַב הוּנָא סָבָא כְּתִיב (תהלים עח) לֶחֶם אַבִּירִים אָכַל אִישׁ לֶחֶם שֶׁמַּלְאֲכֵי הַשָּׁרֵת אוֹכְלִים בִּקְדוּשָׁה וּבִנְקִיּוּת אַף יִשְׂרָאֵל אוֹכְלִים כֵּן בִּקְדוּשָׁה וּבִנְקִיּוּת דִּכְתִיב (ויקרא כ) וְהִתְקַדִּשְׁתֶּם אֵלּוּ מַיִם רִאשׁוֹנִים וִהְיִיתֶם קְדוֹשִׁים אֵלּוּ מַיִם אַחֲרוֹנִים אֲנִי ה' אֱלֹהֵיכֶם זוּ בִּרְכַּת הַמָּזוֹן וְכָל הָאוֹכֵל בִּקְדוּשָׁה וּנְקִיּוּת דּוֹמֶה לְמַלְאֲכֵי הַשָּׁרֵת: ב. תַּכְלִית הַסְּעוּדָה שֶׁל אַבְרָהָם אָבִינוּ עָלָיו הַשָּׁלוֹם לְזַמֵּן בִּשְׁלשָׁה עִם בִּרְכַּת הַמָּזוֹן שֶׁהוּא מִצְוָה רַבָּה מְקוּדֶשֶׁת אֵצֶל הַמַּלְאָכִים וְזֶהוּ (בראשית יח) כִּי עַל כֵּן עֲבַרְתֶּם עַל עַבְדְכֶם כִּי עַל כֵּן תָּכִינוּ לִסְעוֹד אֶצְלִי: ג. בִּרְכַּת הַמָּזוֹן דְּאוֹרַיְיתָא הֶחֱמִירוּ לְאוֹמְרָה מְיוֹשֵׁב וְיָשִׂים אֶל לִבּוֹ שֶׁהוּא מְבָרֵךְ לְהַקָּדוֹשׁ בָּרוּךְ הוּא עַל שֶׁנָּתַן לוֹ לֶאֱכוֹל וּרְעָדָה יִלְבַּשׁ לְכַוֵּין כָּרָאוּי אִם בַּעַל נֶפֶשׁ הוּא:</div>","",""
"Vayechi","חק לישראל - פרשת ויחי ליל שישי","1","","<h1><b>תורה</b></h1>","",""
"Vayechi","חק לישראל - פרשת ויחי ליל שישי","2","","<small>צרוף יִהִוִהִ</small>","",""
"Vayechi","חק לישראל - פרשת ויחי ליל שישי","3","Genesis 49:1-26","<div>מט (<small>א</small>) וַיִּקְרָ֥א יַעֲקֹ֖ב אֶל־בָּנָ֑יו וַיֹּ֗אמֶר הֵאָֽסְפוּ֙ וְאַגִּ֣ידָה לָכֶ֔ם אֵ֛ת אֲשֶׁר־יִקְרָ֥א אֶתְכֶ֖ם בְּאַחֲרִ֥ית הַיָּמִֽים׃</div><div><small>וּקְרָא יַעֲקֹב לִבְנוֹהִי וַאֲמַר אִתְכַּנָּשׁוּ וַאֲחַוֵּי לְכוֹן יָת דִּי יְעַרַע יָתְכוֹן בְּסוֹף יוֹמַיָּא:</small></div><div>(<small>ב</small>) הִקָּבְצ֥וּ וְשִׁמְע֖וּ בְּנֵ֣י יַעֲקֹ֑ב וְשִׁמְע֖וּ אֶל־יִשְׂרָאֵ֥ל אֲבִיכֶֽם׃</div><div><small>אִתְכַּנָּשׁוּ וּשְׁמָעוּ בְּנֵי יַעֲקֹב וְקַבִּילוּ אוּלְפַן מִן יִשְׂרָאֵל אֲבוּכוֹן:</small></div><div>(<small>ג</small>) רְאוּבֵן֙ בְּכֹ֣רִי אַ֔תָּה כֹּחִ֖י וְרֵאשִׁ֣ית אוֹנִ֑י יֶ֥תֶר שְׂאֵ֖ת וְיֶ֥תֶר עָֽז׃</div><div><small>רְאוּבֵן בּוּכְרִי אַתְּ חֵילִי וְרֵישׁ תָּקְפִּי לָךְ הֲוָה חָזֵי לְמִסַּב תְּלָתָא חוּלָקִין בְּכֵירוּתָא כְּהֻנְתָּא וּמַלְכוּתָא:</small></div><div>(<small>ד</small>) פַּ֤חַז כַּמַּ֙יִם֙ אַל־תּוֹתַ֔ר כִּ֥י עָלִ֖יתָ מִשְׁכְּבֵ֣י אָבִ֑יךָ אָ֥ז חִלַּ֖לְתָּ יְצוּעִ֥י עָלָֽה׃ <span class=""mam-spi-pe"">{פ}</span> </div><div><small>עַל דַּאֲזַלְתָּא לָקֳבֵל אַפָּיךְ הָא כְמַיָּא בְּרַם לָא אַהֲנֵיתָא חוֹלָק יַתִּיר לָא תִסָּב אֲרֵי סְלֶקְתָּא בֵּית מִשְׁכְּבֵי אָבוּךְ בְּכֵן אֲחֶלְתָּא לְשִׁוּוּיִי בְּרִי סְלֶקְתָּא:</small></div><div>(<small>ה</small>) שִׁמְע֥וֹן וְלֵוִ֖י אַחִ֑ים כְּלֵ֥י חָמָ֖ס מְכֵרֹתֵיהֶֽם׃</div><div><small>שִׁמְעוֹן וְלֵוִי אַחִין גַּבְרִין גִּבָּרִין בְּאַרַע תּוֹתָבוּתְהוֹן עֲבָדוּ גְבוּרָא:</small></div><div>(<small>ו</small>) בְּסֹדָם֙ אַל־תָּבֹ֣א נַפְשִׁ֔י בִּקְהָלָ֖ם אַל־תֵּחַ֣ד כְּבֹדִ֑י כִּ֤י בְאַפָּם֙ הָ֣רְגוּ אִ֔ישׁ וּבִרְצֹנָ֖ם עִקְּרוּ־שֽׁוֹר׃</div><div><small>בְּרָזְהוֹן לָא הֲוַת נַפְשִׁי בְּאִתְכַּנְּשֵׁהוֹן לִמְהַךְ לָא נְחָתִית מִן יְקָרִי אֲרֵי בְרָגְזְהוֹן קְטָלוּ קְטוֹל וּבִרְעוּתְהוֹן תַּרָעוּ שׁוּר סַנְאָה:</small></div><div>(<small>ז</small>) אָר֤וּר אַפָּם֙ כִּ֣י עָ֔ז וְעֶבְרָתָ֖ם כִּ֣י קָשָׁ֑תָה אֲחַלְּקֵ֣ם בְּיַעֲקֹ֔ב וַאֲפִיצֵ֖ם בְּיִשְׂרָאֵֽל׃ <span class=""mam-spi-pe"">{פ}</span> </div><div><small>לִיט רָגְזְהוֹן אֲרֵי תַקִּיף וְחֵמַתְהוֹן אֲרֵי קַשְׁיָא אֲפַלְּגִנּוּן בְּיַעֲקֹב וְאֵבַדָּרִנּוּן בְּיִשְׂרָאֵל:</small></div><div>(<small>ח</small>) יְהוּדָ֗ה אַתָּה֙ יוֹד֣וּךָ אַחֶ֔יךָ יָדְךָ֖ בְּעֹ֣רֶף אֹיְבֶ֑יךָ יִשְׁתַּחֲו֥וּ לְךָ֖ בְּנֵ֥י אָבִֽיךָ׃</div><div><small>יְהוּדָה אַתְּ אוֹדֵיתָא וְלָא בְהֵיתְתָא בָּךְ יוֹדוּן אַחָיךְ יְדָךְ תִּתְקֵף עַל בַּעֲלֵי דְבָבָךְ יִתְבַּדְּרוּן סַנְאָךְ יְהוֹן מְחַזְּרִין קְדַל קֳדָמָךְ וִיהוֹן מְקַדְּמִין לְמִשְׁאַל בִּשְׁלָמָךְ בְּנֵי אָבוּךְ:</small></div><div>(<small>ט</small>) גּ֤וּר אַרְיֵה֙ יְהוּדָ֔ה מִטֶּ֖רֶף בְּנִ֣י עָלִ֑יתָ כָּרַ֨ע רָבַ֧ץ כְּאַרְיֵ֛ה וּכְלָבִ֖יא מִ֥י יְקִימֶֽנּוּ׃</div><div><small>שִׁלְטוֹן יְהֵי בְשֵׁרוּיָא וּבְסוֹפָא יִתְרַבָּא מַלְכָּא מִדְּבֵית יְהוּדָה אֲרֵי מִדִּין קַטְלָא בְּרִי נַפְשָׁךְ סְלֶקְתָּא יְנוּחַ יִשְׁרֵי בִתְקוֹף כְּאַרְיָא וּכְלֵיתָא וְלֵית מַלְכוּ דִתְזַעְזְעִנֵּיהּ:</small></div><div>(<small>י</small>) לֹֽא־יָס֥וּר שֵׁ֙בֶט֙ מִֽיהוּדָ֔ה וּמְחֹקֵ֖ק מִבֵּ֣ין רַגְלָ֑יו עַ֚ד כִּֽי־יָבֹ֣א <span class=""mam-kq-trivial"">שִׁילֹ֔ה </span>וְל֖וֹ יִקְּהַ֥ת עַמִּֽים׃</div><div><small>לָא יַעֲדֵי עָבֵד שָׁלְטַן מִדְּבֵית יְהוּדָה וְסַפְרָא מִבְּנֵי בְנוֹהִי עַד עָלְמָא עַד דְּיֵיתֵי מְשִׁיחָא דְּדִילֵיהּ הִיא מַלְכוּתָא וְלֵיהּ יִשְׁתַּמְּעוּן עַמְמַיָּא:</small></div><div>(<small>יא</small>) אֹסְרִ֤י לַגֶּ֙פֶן֙ <span class=""mam-kq-trivial"">עִירֹ֔ה </span>וְלַשֹּׂרֵקָ֖ה בְּנִ֣י אֲתֹנ֑וֹ כִּבֵּ֤ס בַּיַּ֙יִן֙ לְבֻשׁ֔וֹ וּבְדַם־עֲנָבִ֖ים <span class=""mam-kq-trivial"">סוּתֹֽה׃</span></div><div><small>יַסְחַר יִשְׂרָאֵל לְקַרְתֵּיהּ עַמָּא יִבְנוּן הֵיכְלֵיהּ יְהוֹן צַדִּיקַיָּא סְחוֹר סְחוֹר לֵיהּ וְעָבְדֵי אוֹרַיְתָא בְּאוּלְפַן עִמֵּיהּ יְהֵי אַרְגְּוָן טַב לְבוּשׁוֹהִי כְּסוּתֵיהּ מֵילָא מֵילָא צְבַע זְהוֹרִי וְצִבְעוֹנִין:</small></div><div>(<small>יב</small>) חַכְלִילִ֥י עֵינַ֖יִם מִיָּ֑יִן וּלְבֶן־שִׁנַּ֖יִם מֵחָלָֽב׃ <span class=""mam-spi-pe"">{פ}</span> </div><div><small>יְסַמְּקוּן טוּרוֹהִי בְּכַרְמוֹהִי יְטוּפוּן נַעֲווֹהִי בַּחֲמָר יְחַוְּרָן בִּקְעֲתֵיהּ בְּעִיבוּר וּבְעֶדְרֵי עָנָא:</small></div><div>(<small>יג</small>) זְבוּלֻ֕ן לְח֥וֹף יַמִּ֖ים יִשְׁכֹּ֑ן וְהוּא֙ לְח֣וֹף אֳנִיֹּ֔ת וְיַרְכָת֖וֹ עַל־צִידֹֽן׃ <span class=""mam-spi-pe"">{פ}</span> </div><div><small>זְבוּלֻן עַל סְפַר יַמְמַיָּא יִשְׁרֵי וְהוּא יְכַבֵּשׁ מְחוֹזִין בִּסְפִינַן וְטוּב יַמָּא יֵיכוּל וּתְחוּמֵיהּ יְהֵי מָטֵי עַל צִידוֹן:</small></div><div>(<small>יד</small>) יִשָּׂשכָ֖ר חֲמֹ֣ר גָּ֑רֶם רֹבֵ֖ץ בֵּ֥ין הַֽמִּשְׁפְּתָֽיִם׃</div><div><small>יִשָּׂשׂכָר עַתִּיר בְּנִכְסִין וְאַחֲסַנְתֵּיהּ בֵּין תְּחוּמַיָּא:</small></div><div>(<small>טו</small>) וַיַּ֤רְא מְנֻחָה֙ כִּ֣י ט֔וֹב וְאֶת־הָאָ֖רֶץ כִּ֣י נָעֵ֑מָה וַיֵּ֤ט שִׁכְמוֹ֙ לִסְבֹּ֔ל וַיְהִ֖י לְמַס־עֹבֵֽד׃ <span class=""mam-spi-samekh"">{ס}</span>        </div><div><small>וַחֲזָא חוּלָקָא אֲרֵי טַב וְיָת אַרְעָא אֲרֵי מְעַבְּדָא פֵירִין וִיכַבֵּשׁ מָחוֹזֵי עַמְמַיָּא וִישֵׁיצֵי יָת דַּיָּרֵיהוֹן וּדְאִשְׁתַּאֲרוּן בְּהוֹן יְהוֹן לֵיהּ פַּלְחִין וּמַסְּקֵי מַסִּין:</small></div><div>(<small>טז</small>) דָּ֖ן יָדִ֣ין עַמּ֑וֹ כְּאַחַ֖ד שִׁבְטֵ֥י יִשְׂרָאֵֽל׃</div><div><small>מִדְּבֵית דָּן יִתְבְּחַר וִיקוּם גַּבְרָא בְּיוֹמוֹהִי יִתְפְּרֵק עַמֵּיהּ וּבִשְׁנוֹהִי יְנוּחוּן כַּחֲדָא שִׁבְטַיָּא דְיִשְׂרָאֵל:</small></div><div>(<small>יז</small>) יְהִי־דָן֙ נָחָ֣שׁ עֲלֵי־דֶ֔רֶךְ שְׁפִיפֹ֖ן עֲלֵי־אֹ֑רַח הַנֹּשֵׁךְ֙ עִקְּבֵי־ס֔וּס וַיִּפֹּ֥ל רֹכְב֖וֹ אָחֽוֹר׃</div><div><small>יְהֵי גַבְרָא דְּיִתְבְּחַר וִיקוּם מִדְּבֵית דָּן אֵימְתֵיהּ תִּתְרְמֵי עַל עַמְמַיָּא וּמְחָתֵיהּ תִּתְקֵף בִּפְלִשְׁתָּאֵי כְּחִיוֵי חוּרְמָן יִשְׁרֵי עַל אָרְחָא וּכְפִתְנָא יִכְמוֹן עַל שְׁבִילָא יְקַטֵּל גִּבָּרֵי מַשִּׁרְיַת פְּלִשְׁתָּאֵי פָּרָשִׁין עִם רַגְלָאִין יְעַקֵּר סוּסָוָן וּרְתִכִּין וִימַגֵּר רוֹכְבֵיהוֹן לַאֲחוֹרָא:</small></div><div>(<small>יח</small>) לִישׁוּעָֽתְךָ֖ קִוִּ֥יתִי יְהֹוָֽה׃ <span class=""mam-spi-samekh"">{ס}</span>        </div><div><small>לְפוּרְקָנָךְ סַבָּרִית יְיָ:</small></div><div>(<small>יט</small>) גָּ֖ד גְּד֣וּד יְגוּדֶ֑נּוּ וְה֖וּא יָגֻ֥ד עָקֵֽב׃ <span class=""mam-spi-samekh"">{ס}</span>        </div><div><small>מִדְּבֵית גָּד מַשִּׁרְיַת מְזַיְּנִין כַּד יַעַבְרוּן יָת יַרְדְּנָא קֳדָם אֲחֵיהוֹן לִקְרָבָא וּבְנִכְסִין סַגִּיאִין יְתוּבוּן לְאַרְעֲהוֹן:</small></div><div>(<small>כ</small>) מֵאָשֵׁ֖ר שְׁמֵנָ֣ה לַחְמ֑וֹ וְה֥וּא יִתֵּ֖ן מַֽעֲדַנֵּי־מֶֽלֶךְ׃ <span class=""mam-spi-samekh"">{ס}</span>        </div><div><small>דְּאָשֵׁר טָבָא אַרְעֵיהּ וְהוּא מְרַבְיָא בְּתַפְנוּקֵי מַלְכִין:</small></div><div>(<small>כא</small>) נַפְתָּלִ֖י אַיָּלָ֣ה שְׁלֻחָ֑ה הַנֹּתֵ֖ן אִמְרֵי־שָֽׁפֶר׃ <span class=""mam-spi-samekh"">{ס}</span>        </div><div><small>נַפְתָּלִי בְּאַרַע טָבָא יִתְרְמֵי עַדְבֵיהּ וְאַחֲסַנְתֵּיהּ תְּהֵי מְעַבְּדָא פֵירִין יְהוֹן מוֹדַן וּמְבָרְכִין עֲלֵיהוֹן:</small></div><div>(<small>כב</small>) בֵּ֤ן פֹּרָת֙ יוֹסֵ֔ף בֵּ֥ן פֹּרָ֖ת עֲלֵי־עָ֑יִן בָּנ֕וֹת צָעֲדָ֖ה עֲלֵי־שֽׁוּר׃</div><div><small>בְּרִי דְיִסְגֵּי יוֹסֵף בְּרִי דְיִתְבָּרַךְ כְּגֹפֶן דִּנְצֵיב עַל עֵינָא דְמַיָּא תְּרֵין שִׁבְטִין יִפְּקוּן מִבְּנוֹהִי יְקַבְּלוּן חוּלָקָא וְאַחֲסַנְתָּא:</small></div><div>(<small>כג</small>) וַֽיְמָרְרֻ֖הוּ וָרֹ֑בּוּ וַֽיִּשְׂטְמֻ֖הוּ בַּעֲלֵ֥י חִצִּֽים׃</div><div><small>וְאִתְמַרְרוּ יָתֵיהּ וְנַקְּמוֹהִי וְאָעִיקוּ לֵיהּ גֻּבְרִין גִּבָּרִין בַּעֲלֵי פַלְגּוֹתָא:</small></div><div>(<small>כד</small>) וַתֵּ֤שֶׁב בְּאֵיתָן֙ קַשְׁתּ֔וֹ וַיָּפֹ֖זּוּ זְרֹעֵ֣י יָדָ֑יו מִידֵי֙ אֲבִ֣יר יַעֲקֹ֔ב מִשָּׁ֥ם רֹעֶ֖ה אֶ֥בֶן יִשְׂרָאֵֽל׃</div><div><small>וְתָבַת בְּהוֹן נְבִיאוּתֵיהּ עַל דְּקַיַּם אוֹרַיְתָא בְּסִתְרָא וְשַׁוִּי בְתוּקְפָא רוֹחֲצָנֵיהּ בְּכֵן יִתְרְמָא דְהַב עַל דְּרָעוֹהִי וְאַחֲסִין מַלְכוּתָא וּתְקֵיף דָּא הֲוַת לֵיהּ מִן קֳדָם אֵל תַּקִּיפָא דְיַעֲקֹב דִּי בְמֵימְרֵיהּ זַן אֲבָהָן וּבְנִין זַרְעָא דְיִשְׂרָאֵל:</small></div><div>(<small>כה</small>) מֵאֵ֨ל אָבִ֜יךָ וְיַעְזְרֶ֗ךָּ וְאֵ֤ת שַׁדַּי֙ וִיבָ֣רְכֶ֔ךָּ בִּרְכֹ֤ת שָׁמַ֙יִם֙ מֵעָ֔ל בִּרְכֹ֥ת תְּה֖וֹם רֹבֶ֣צֶת תָּ֑חַת בִּרְכֹ֥ת שָׁדַ֖יִם וָרָֽחַם׃</div><div><small>מֵימַר אֱלָהָא דְאָבוּךְ יְהֵי בְסַעְדָּךְ וְיָת שַׁדַּי וִיבָרְכִנָּךְ בִּרְכַן דְּנַחֲתָן מִטַּלָּא דִשְׁמַיָּא מִלְּעֵלָּא בִּרְכַן דְּנַגְדַּן מִמַּעֲמַקֵּי אַרְעָא מִלְּרָע בִּרְכְּתָא דְאָבוּךְ וּדְאִמָּךְ:</small></div><div>(<small>כו</small>) בִּרְכֹ֣ת אָבִ֗יךָ גָּֽבְרוּ֙ עַל־בִּרְכֹ֣ת הוֹרַ֔י עַֽד־תַּאֲוַ֖ת גִּבְעֹ֣ת עוֹלָ֑ם תִּֽהְיֶ֙יןָ֙ לְרֹ֣אשׁ יוֹסֵ֔ף וּלְקׇדְקֹ֖ד נְזִ֥יר אֶחָֽיו׃ <span class=""mam-spi-pe"">{פ}</span> </div><div><small>בִּרְכְּתָא דְאָבוּךְ יִתּוֹסְפָן עַל בִּרְכְּתָא דִילִי בָּרִיכוּ אֲבָהָתַי דַּחֲמִידוּ לְהֶן רַבְרְבַיָּא דְּמִן עָלְמָא יֶהֶוְיַן כָּל אִלֵּין לְרֵישָׁא דְיוֹסֵף וּלְגַבְרָא פָּרִישָׁא דַאֲחוֹהִי:</small></div>","<div>49 (1) And Ya῾aqov called to his sons, and said, Gather yourselves together, that I may tell you that which shall befall you in the last days.</div><div>(2) Gather yourselves together, and hear, you sons of Ya῾aqov; and hearken to Yisra᾽el your father.</div><div>(3) Re᾽uven, thou art my firstborn, my might and the beginning of my strength, the excellency of dignity, and the excellency of power:</div><div>(4) unstable as water, thou shalt not excel; because thou wentest up to thy father’s bed; then thou didst defile it: he went up to my couch.</div><div>(5) Shim῾on and Levi are brothers; instruments of cruelty are their swords.</div><div>(6) Let my soul not come into their council; to their assembly let my honour not be united: for in their anger they slew a man, and in their selfwill they lamed an ox.</div><div>(7) Cursed be their anger, for it was fierce; and their wrath, for it was cruel: I will divide them in Ya῾aqov, and scatter them in Yisra᾽el.</div><div>(8) Yehuda thou art he whom thy brethren shall praise: thy hand shall be on the neck of thy enemies; thy father’s children shall bow down before thee.</div><div>(9) Yehuda is a lion’s whelp: from the prey, my son, thou art gone up: he stooped down, he couched as a lion, and as a lioness; who shall rouse him up?</div><div>(10) The staff shall not depart from Yehuda, nor the sceptre from between his feet, until Shilo come, and the obedience of the people be his.</div><div>(11) Binding his foal to the vine, and his ass’s colt to the choice vine; he washes his garments in wine, and his clothes in the blood of grapes;</div><div>(12) his eyes are red with wine, and his teeth white with milk.</div><div>(13) Zevulun shall dwell at the shore of the sea; and he shall be a haven for ships; and his border shall be at Żidon.</div><div>(14) Yissakhar is a strong ass couching down between the sheepfolds:</div><div>(15) and he saw that rest was good, and the land that it was pleasant; and he bowed his shoulder to bear, and became a servant to tribute.</div><div>(16) Dan shall judge his people, as one of the tribes of Yisra᾽el.</div><div>(17) Dan shall be a serpent by the way, an adder in the path, that bites the horse’s heels, so that his rider shall fall backward.</div><div>(18) I wait for thy salvation, O Lord.</div><div>(19) Gad, raiders shall maraud him, but he shall overcome at the last.</div><div>(20) Out of Asher his bread shall be fat, and he shall yield royal dainties.</div><div>(21) Naftali is a hind let loose: he gives goodly words.</div><div>(22) Yosef is a fruitful bough, a fruitful bough by a well; whose branches run over the wall:</div><div>(23) the archers fiercely attacked him, and shot at him, and hated him:</div><div>(24) but his bow abode in strength, and the arms of his hands were made supple by the hands of the mighty God of Ya῾aqov; (from thence from the shepherd, the Stone of Yisra᾽el:)</div><div>(25) by the God of thy father, Who shall help thee; and by the Almighty, Who shall bless thee, with blessings of heaven above, blessings of the deep that couches beneath, blessings of the breasts, and of the womb:</div><div>(26) the blessings of thy father are potent above the blessings of my progenitors to the utmost bound of the everlasting hills: they shall be on the head of Yosef, and on the crown of the head of him that was separated from his brothers.</div>",""
"Vayechi","חק לישראל - פרשת ויחי יום שישי","1","","<h1><b>תורה</b></h1>","",""
"Vayechi","חק לישראל - פרשת ויחי יום שישי","2","","<small>כדי להשלים כל הסדרה שנים מקרא ואחד תרגום הצגנו תשלום כל הסדרה ותרגום והפטרה:</small>","",""
"Vayechi","חק לישראל - פרשת ויחי יום שישי","3","Genesis 49:27-50:20","<div>מט (<small>כז</small>) בִּנְיָמִין֙ זְאֵ֣ב יִטְרָ֔ף בַּבֹּ֖קֶר יֹ֣אכַל עַ֑ד וְלָעֶ֖רֶב יְחַלֵּ֥ק שָׁלָֽל׃</div><div><small>בִּנְיָמִין בְּאַרְעֵיהּ תִּשְׁרֵי שְׁכִנְתָּא וּבְאַחֲסַנְתֵּיהּ יִתְבְּנֵי מַקְדְּשָׁא בְּצַפְרָא וּבְפַנְיָא יְהוֹן מְקָרְבִין כַּהֲנַיָּא קָרְבָּנָא וּבְעִדַּן רַמְשָׁא יְהוֹן מְפַלְּגִין מוֹתַר חוּלְקְהוֹן מִשְּׁאַר קָדְשַׁיָּא:</small></div><div>(<small>כח</small>) כׇּל־אֵ֛לֶּה שִׁבְטֵ֥י יִשְׂרָאֵ֖ל שְׁנֵ֣ים עָשָׂ֑ר וְ֠זֹ֠את אֲשֶׁר־דִּבֶּ֨ר לָהֶ֤ם אֲבִיהֶם֙ וַיְבָ֣רֶךְ אוֹתָ֔ם אִ֛ישׁ אֲשֶׁ֥ר כְּבִרְכָת֖וֹ בֵּרַ֥ךְ אֹתָֽם׃</div><div><small>כָּל אִלֵּין שִׁבְטַיָּא דְיִשְׂרָאֵל תְּרֵין עֲסַר וְדָא דְּמַלֵּיל לְהוֹן אֲבוּהוֹן וּבָרִיךְ יָתְהוֹן גְּבַר דִּי כְבִרְכְּתֵיהּ בָּרֵךְ יָתְהוֹן:</small></div><div>(<small>כט</small>) וַיְצַ֣ו אוֹתָ֗ם וַיֹּ֤אמֶר אֲלֵהֶם֙ אֲנִי֙ נֶאֱסָ֣ף אֶל־עַמִּ֔י קִבְר֥וּ אֹתִ֖י אֶל־אֲבֹתָ֑י אֶ֨ל־הַמְּעָרָ֔ה אֲשֶׁ֥ר בִּשְׂדֵ֖ה עֶפְר֥וֹן הַֽחִתִּֽי׃</div><div><small>וּפַקֵּד יָתְהוֹן וַאֲמַר לְהוֹן אֲנָא מִתְכְּנֵשׁ לְעַמִּי קְבָרוּ יָתִי לְוַת אֲבָהָתָי בִּמְעַרְתָּא דִּי בַחֲקַל עֶפְרוֹן חִתָּאָה:</small></div><div>(<small>ל</small>) בַּמְּעָרָ֞ה אֲשֶׁ֨ר בִּשְׂדֵ֧ה הַמַּכְפֵּלָ֛ה אֲשֶׁ֥ר עַל־פְּנֵי־מַמְרֵ֖א בְּאֶ֣רֶץ כְּנָ֑עַן אֲשֶׁר֩ קָנָ֨ה אַבְרָהָ֜ם אֶת־הַשָּׂדֶ֗ה מֵאֵ֛ת עֶפְרֹ֥ן הַחִתִּ֖י לַאֲחֻזַּת־קָֽבֶר׃</div><div><small>בִּמְעַרְתָּא דִּי בַחֲקַל כָּפֶלְתָּא דִּי עַל אַפֵּי מַמְרֵא בְּאַרְעָא דִכְנָעַן דִּי זְבַן אַבְרָהָם יָת חַקְלָא מִן עֶפְרֹן חִתָּאָה לְאַחֲסָנַת קְבוּרָא:</small></div><div>(<small>לא</small>) שָׁ֣מָּה קָֽבְר֞וּ אֶת־אַבְרָהָ֗ם וְאֵת֙ שָׂרָ֣ה אִשְׁתּ֔וֹ שָׁ֚מָּה קָבְר֣וּ אֶת־יִצְחָ֔ק וְאֵ֖ת רִבְקָ֣ה אִשְׁתּ֑וֹ וְשָׁ֥מָּה קָבַ֖רְתִּי אֶת־לֵאָֽה׃</div><div><small>תַּמָּן קְבָרוּ יָת אַבְרָהָם וְיָת שָׂרָה אִתְּתֵיהּ תַּמָּן קְבָרוּ יָת יִצְחָק וְיָת רִבְקָה אִתְּתֵיהּ וְתַמָּן קְבָרִית יָת לֵאָה:</small></div><div>(<small>לב</small>) מִקְנֵ֧ה הַשָּׂדֶ֛ה וְהַמְּעָרָ֥ה אֲשֶׁר־בּ֖וֹ מֵאֵ֥ת בְּנֵי־חֵֽת׃</div><div><small>זְבִינֵי חַקְלָא וּמְעַרְתָּא דִּי בֵיהּ מִן בְּנֵי חִתָּאָה:</small></div><div>(<small>לג</small>) וַיְכַ֤ל יַעֲקֹב֙ לְצַוֺּ֣ת אֶת־בָּנָ֔יו וַיֶּאֱסֹ֥ף רַגְלָ֖יו אֶל־הַמִּטָּ֑ה וַיִּגְוַ֖ע וַיֵּאָ֥סֶף אֶל־עַמָּֽיו׃</div><div><small>וְשֵׁיצֵי יַעֲקֹב לְפַקָּדָא יָת בְּנוֹהִי וּכְנַשׁ רַגְלוֹהִי לְעַרְסָא וְאִתְנְגִיד וְאִתְכְּנִישׁ לְעַמֵּיהּ:</small></div><div>נ (<small>א</small>) וַיִּפֹּ֥ל יוֹסֵ֖ף עַל־פְּנֵ֣י אָבִ֑יו וַיֵּ֥בְךְּ עָלָ֖יו וַיִּשַּׁק־לֽוֹ׃</div><div><small>וּנְפַל יוֹסֵף עַל אַפֵּי אָבוּהִי וּבְכָא עַלּוֹהִי וּנְשַׁק לֵיהּ:</small></div><div>(<small>ב</small>) וַיְצַ֨ו יוֹסֵ֤ף אֶת־עֲבָדָיו֙ אֶת־הָרֹ֣פְאִ֔ים לַחֲנֹ֖ט אֶת־אָבִ֑יו וַיַּחַנְט֥וּ הָרֹפְאִ֖ים אֶת־יִשְׂרָאֵֽל׃</div><div><small>וּפַקִּיד יוֹסֵף יָת עַבְדּוֹהִי יָת אַסְוָתָא לְמֶחְנַט יָת אָבוּהִי וְחָנְטוּ אַסְוָתָא יָת יִשְׂרָאֵל:</small></div><div>(<small>ג</small>) וַיִּמְלְאוּ־לוֹ֙ אַרְבָּעִ֣ים י֔וֹם כִּ֛י כֵּ֥ן יִמְלְא֖וּ יְמֵ֣י הַחֲנֻטִ֑ים וַיִּבְכּ֥וּ אֹת֛וֹ מִצְרַ֖יִם שִׁבְעִ֥ים יֽוֹם׃</div><div><small>וּשְׁלִימוּ לֵיהּ אַרְבְּעִין יוֹמִין אֲרֵי כֵּן שְׁלִימוּ יוֹמֵי חֲנִטַּיָּא וּבְכוֹ יָתֵיהּ מִצְרָאֵי שַׁבְעִין יוֹמִין:</small></div><div>(<small>ד</small>) וַיַּֽעַבְרוּ֙ יְמֵ֣י בְכִית֔וֹ וַיְדַבֵּ֣ר יוֹסֵ֔ף אֶל־בֵּ֥ית פַּרְעֹ֖ה לֵאמֹ֑ר אִם־נָ֨א מָצָ֤אתִי חֵן֙ בְּעֵ֣ינֵיכֶ֔ם דַּבְּרוּ־נָ֕א בְּאׇזְנֵ֥י פַרְעֹ֖ה לֵאמֹֽר׃</div><div><small>וַעֲבָרוּ יוֹמֵי בְכִיתֵיהּ וּמַלֵּיל יוֹסֵף עִם בֵּית פַּרְעֹה לְמֵימָר אִם כְּעַן אַשְׁכָּחִית רַחֲמִין בְּעֵינֵיכוֹן מַלִּילוּ <b>כְעַן קֳדָם</b> פַּרְעֹה לְמֵימָר:</small></div><div>(<small>ה</small>) אָבִ֞י הִשְׁבִּיעַ֣נִי לֵאמֹ֗ר הִנֵּ֣ה אָנֹכִי֮ מֵת֒ בְּקִבְרִ֗י אֲשֶׁ֨ר כָּרִ֤יתִי לִי֙ בְּאֶ֣רֶץ כְּנַ֔עַן שָׁ֖מָּה תִּקְבְּרֵ֑נִי וְעַתָּ֗ה אֶֽעֱלֶה־נָּ֛א וְאֶקְבְּרָ֥ה אֶת־אָבִ֖י וְאָשֽׁוּבָה׃</div><div><small>אַבָּא קַיִּים עָלַי לְמֵימַר הָא אֲנָא מָאִית בְּקִבְרִי דְּאַתְקֵנִית לִי בְּאַרְעָא דִכְנַעַן תַּמָּן תִּקְבְּרִנָּנִי וּכְעַן אֶסַּק <b>כְּעַן</b> וְאֶקְבַּר יָת אַבָּא וְאֵיתוּב:</small></div><div>(<small>ו</small>) וַיֹּ֖אמֶר פַּרְעֹ֑ה עֲלֵ֛ה וּקְבֹ֥ר אֶת־אָבִ֖יךָ כַּאֲשֶׁ֥ר הִשְׁבִּיעֶֽךָ׃</div><div><small>וַאֲמַר פַּרְעֹה סַק וּקְבוֹר יָת אָבוּךְ כְּמָא דְקַיִּים עֲלָךְ:</small></div><div>(<small>ז</small>) וַיַּ֥עַל יוֹסֵ֖ף לִקְבֹּ֣ר אֶת־אָבִ֑יו וַיַּֽעֲל֨וּ אִתּ֜וֹ כׇּל־עַבְדֵ֤י פַרְעֹה֙ זִקְנֵ֣י בֵית֔וֹ וְכֹ֖ל זִקְנֵ֥י אֶֽרֶץ־מִצְרָֽיִם׃</div><div><small>וּסְלֵיק יוֹסֵף לְמִקְבַּר יָת אָבוּהִי וּסְלִיקוּ עִמֵּיהּ כָּל עַבְדֵי פַרְעֹה סָבֵי בֵיתֵיהּ וְכֹל סָבֵי אַרְעָא דְמִצְרָיִם:</small></div><div>(<small>ח</small>) וְכֹל֙ בֵּ֣ית יוֹסֵ֔ף וְאֶחָ֖יו וּבֵ֣ית אָבִ֑יו רַ֗ק טַפָּם֙ וְצֹאנָ֣ם וּבְקָרָ֔ם עָזְב֖וּ בְּאֶ֥רֶץ גֹּֽשֶׁן׃</div><div><small>וְכֹל בֵּית יוֹסֵף וַאֲחוֹהִי וּבֵית אָבוּהִי לְחוֹד טַפְלְהוֹן וְעָנְהוֹן וְתוֹרֵיהוֹן שְׁבָקוּ בְּאַרְעָא דְגשֶׁן:</small></div><div>(<small>ט</small>) וַיַּ֣עַל עִמּ֔וֹ גַּם־רֶ֖כֶב גַּם־פָּרָשִׁ֑ים וַיְהִ֥י הַֽמַּחֲנֶ֖ה כָּבֵ֥ד מְאֹֽד׃</div><div><small>וּסְלִיקוּ עִמֵּיהּ אַף רְתִכִּין אַף פָּרָשִׁין וַהֲוָה מַשְׁרִיתָא סַגִּיאָה לַחֲדָא:</small></div><div>(<small>י</small>) וַיָּבֹ֜אוּ עַד־גֹּ֣רֶן הָאָטָ֗ד אֲשֶׁר֙ בְּעֵ֣בֶר הַיַּרְדֵּ֔ן וַיִּ֨סְפְּדוּ־שָׁ֔ם מִסְפֵּ֛ד גָּד֥וֹל וְכָבֵ֖ד מְאֹ֑ד וַיַּ֧עַשׂ לְאָבִ֛יו אֵ֖בֶל שִׁבְעַ֥ת יָמִֽים׃</div><div><small>וַאֲתוֹ עַד בֵּית אִדְרֵי דְאָטָד דִּי בְּעִבְרָא דְיַרְדְּנָא וּסְפָדוּ תַמָּן מִסְפֵּד רַב וְתַקִּיף לַחֲדָא וְעָבַד לַאֲבוּהִי אֶבְלָא שַׁבְעָא יוֹמִין:</small></div><div>(<small>יא</small>) וַיַּ֡רְא יוֹשֵׁב֩ הָאָ֨רֶץ הַֽכְּנַעֲנִ֜י אֶת־הָאֵ֗בֶל בְּגֹ֙רֶן֙ הָֽאָטָ֔ד וַיֹּ֣אמְר֔וּ אֵֽבֶל־כָּבֵ֥ד זֶ֖ה לְמִצְרָ֑יִם עַל־כֵּ֞ן קָרָ֤א שְׁמָהּ֙ אָבֵ֣ל מִצְרַ֔יִם אֲשֶׁ֖ר בְּעֵ֥בֶר הַיַּרְדֵּֽן׃</div><div><small>וַחֲזָא יָתֵב אַרְעָא כְנַעֲנָאָה יָת אֶבְלָא בְּבֵית אִדְרֵי דְאָטָד וַאֲמָרוּ אָבֵל תַּקִּיף דֵּין לְמִצְרָאֵי עַל כֵּן קְרָא שְׁמַהּ אָבֵל מִצְרַיִם דִּי בְּעִבְרָא דְיַרְדְּנָא:</small></div><div>(<small>יב</small>) וַיַּעֲשׂ֥וּ בָנָ֖יו ל֑וֹ כֵּ֖ן כַּאֲשֶׁ֥ר צִוָּֽם׃</div><div><small>וַעֲבָדוּ בְנוֹהִי לֵיהּ כֵּן כְּמָא דִי פַקֵּדִנּוּן:</small></div><div>(<small>יג</small>) וַיִּשְׂא֨וּ אֹת֤וֹ בָנָיו֙ אַ֣רְצָה כְּנַ֔עַן וַיִּקְבְּר֣וּ אֹת֔וֹ בִּמְעָרַ֖ת שְׂדֵ֣ה הַמַּכְפֵּלָ֑ה אֲשֶׁ֣ר קָנָה֩ אַבְרָהָ֨ם אֶת־הַשָּׂדֶ֜ה לַאֲחֻזַּת־קֶ֗בֶר מֵאֵ֛ת עֶפְרֹ֥ן הַחִתִּ֖י עַל־פְּנֵ֥י מַמְרֵֽא׃</div><div><small>וּנְטָלוּ יָתֵיהּ בְּנוֹהִי לְאַרְעָא דִכְנַעַן וּקְבָרוּ יָתֵיהּ בִּמְעָרַת חֲקַל כָּפֶלְתָּא דִּי זְבַן אַבְרָהָם יָת חַקְלָא לְאַחֲסָנַת קְבוּרָא מִן עֶפְרֹן חִתָּאָה עַל אַפֵּי מַמְרֵא:</small></div><div>(<small>יד</small>) וַיָּ֨שׇׁב יוֹסֵ֤ף מִצְרַ֙יְמָה֙ ה֣וּא וְאֶחָ֔יו וְכׇל־הָעֹלִ֥ים אִתּ֖וֹ לִקְבֹּ֣ר אֶת־אָבִ֑יו אַחֲרֵ֖י קׇבְר֥וֹ אֶת־אָבִֽיו׃</div><div><small>וְתַב יוֹסֵף לְמִצְרַיִם הוּא וַאֲחוֹהִי וְכָל דִּסְלִיקוּ עִמֵּיהּ לְמִקְבַּר יָת אָבוּהִי בָּתַר דִּקְבַר יָת אָבוּהִי:</small></div><div>(<small>טו</small>) וַיִּרְא֤וּ אֲחֵֽי־יוֹסֵף֙ כִּי־מֵ֣ת אֲבִיהֶ֔ם וַיֹּ֣אמְר֔וּ ל֥וּ יִשְׂטְמֵ֖נוּ יוֹסֵ֑ף וְהָשֵׁ֤ב יָשִׁיב֙ לָ֔נוּ אֵ֚ת כׇּל־הָ֣רָעָ֔ה אֲשֶׁ֥ר גָּמַ֖לְנוּ אֹתֽוֹ׃</div><div><small>וַחֲזוֹ אֲחֵי יוֹסֵף אֲרֵי מִית אֲבוּהוֹן וַאֲמָרוּ דִּלְמָא יִטּר לָנָא דְבָבוּ יוֹסֵף וַאֲתָבָא יָתֵיב לָנָא יָת כָּל בִּישְׁתָא דִּי גְמַלְנָא יָתֵיהּ:</small></div><div>(<small>טז</small>) וַיְצַוּ֕וּ אֶל־יוֹסֵ֖ף לֵאמֹ֑ר אָבִ֣יךָ צִוָּ֔ה לִפְנֵ֥י מוֹת֖וֹ לֵאמֹֽר׃</div><div><small>וּפַקִּידוּ לְוַת יוֹסֵף לְמֵימָר אָבוּךְ פַּקֵּד קֳדָם מוֹתֵיהּ לְמֵימָר:</small></div><div>(<small>יז</small>) כֹּֽה־תֹאמְר֣וּ לְיוֹסֵ֗ף אָ֣נָּ֡א שָׂ֣א נָ֠א פֶּ֣שַׁע אַחֶ֤יךָ וְחַטָּאתָם֙ כִּי־רָעָ֣ה גְמָל֔וּךָ וְעַתָּה֙ שָׂ֣א נָ֔א לְפֶ֥שַׁע עַבְדֵ֖י אֱלֹהֵ֣י אָבִ֑יךָ וַיֵּ֥בְךְּ יוֹסֵ֖ף בְּדַבְּרָ֥ם אֵלָֽיו׃</div><div><small>כְּדֵין תֵּימְרוּן לְיוֹסֵף בְּבָעוּ שְׁבוֹק כְּעַן לְחוֹבָא אַחָיךְ וְלַחֲטָאֵהוֹן אֲרֵי בִישְׁתָא גְמָלוּךְ וּכְעַן שְׁבוֹק <b>כְּעַן</b> לְחוֹבָא עַבְדֵי אֱלָהָא דְאָבוּךְ וּבְכָא יוֹסֵף בְּמַלָּלוּתְהוֹן עִמֵּיהּ:</small></div><div>(<small>יח</small>) וַיֵּלְכוּ֙ גַּם־אֶחָ֔יו וַֽיִּפְּל֖וּ לְפָנָ֑יו וַיֹּ֣אמְר֔וּ הִנֶּ֥נּֽוּ לְךָ֖ לַעֲבָדִֽים׃</div><div><small>וַאֲזָלוּ אַף אֲחוֹהִי וּנְפָלוּ קֳדָמוֹהִי וַאֲמָרוּ הָא אֲנַחְנָא לָךְ לְעַבְדִּין:</small></div><div>(<small>יט</small>) וַיֹּ֧אמֶר אֲלֵהֶ֛ם יוֹסֵ֖ף אַל־תִּירָ֑אוּ כִּ֛י הֲתַ֥חַת אֱלֹהִ֖ים אָֽנִי׃</div><div><small>וַאֲמַר לְהוֹן יוֹסֵף לָא תִדַּחֲלוּן <b>אֲרֵי דַּחֲלָא דַיְיָ אֲנָא</b>:</small></div><div>(<small>כ</small>) וְאַתֶּ֕ם חֲשַׁבְתֶּ֥ם עָלַ֖י רָעָ֑ה אֱלֹהִים֙ חֲשָׁבָ֣הּ לְטֹבָ֔ה לְמַ֗עַן עֲשֹׂ֛ה כַּיּ֥וֹם הַזֶּ֖ה לְהַחֲיֹ֥ת עַם־רָֽב׃</div><div><small>וְאַתּוּן חֲשַׁבְתּוּן עֲלַי בִּישָׁא מִן <b>קֳדָם</b> יְיָ <b>אִתְחַשְּׁבַת</b> לְטָבָא בְּדִיל לְמֶּעְבַּד כְּיוֹמָא הָדֵין לְקַיָּמָא עַם סַגִּי:</small></div>","<div>49 (27) Binyamin is a ravenous wolf: in the morning he shall devour the prey, and at night he shall divide the spoil.</div><div>(28) All these are the twelve tribes of Yisra᾽el: and this is that which their father spoke to them, and blessed them; every one according to his blessing he blessed them.</div><div>(29) And he charged them, and said to them, I am to be gathered to my people: bury me with my fathers in the cave that is in the field of ῾Efron, the Ḥittite,</div><div>(30) in the cave that is in the field of Makhpela, which is before Mamre, in the land of Kena῾an, which Avraham bought with the field from ῾Efron the Ḥittite for a possession of a buryingplace.</div><div>(31) There they buried Avraham and Sara his wife; there they buried Yiżĥaq and Rivqa his wife; and there I buried Le᾽a.</div><div>(32) The purchase of the field and of the cave that is in it was from the children of Ḥet.</div><div>(33) And when Ya῾aqov had made an end of commanding his sons, he gathered up his feet into the bed, and expired, and was gathered to his people.</div><div>50 (1) And Yosef fell on his father’s face, and wept upon him, and kissed him.</div><div>(2) And Yosef commanded his servants the physicians to embalm his father: and the physicians embalmed Yisra᾽el.</div><div>(3) And forty days were fulfilled for him: for so are fulfilled the days of those who are embalmed: and Miżrayim wept for him seventy days.</div><div>(4) And when the days of his mourning were past, Yosef spoke to the house of Par῾o, saying, If now I have found favour in your eyes, speak, I pray you, in the ears of Par῾o, saying,</div><div>(5) My father made me swear, saying, Lo, I die: in my grave which I have dug for myself in the land of Kena῾an there shalt thou bury me. Now therefore let me go up, I pray thee, and bury my father, and I will come back.</div><div>(6) And Par῾o said, Go up, and bury thy father, according as he made thee swear.</div><div>(7) And Yosef went up to bury his father: and with him went up all the servants of Par῾o, the elders of his house, and all the elders of the land of Miżrayim.</div><div>(8) And all the house of Yosef, and his brothers, and his father’s house: only their little ones, and their flocks, and their herds, they left in the land of Goshen.</div><div>(9) And there went up with him both chariots and horsemen: and it was a very great company.</div><div>(10) And they came to the threshing floor of Atad, which is beyond the Yarden, and there they mourned with a great and very sore lamentation: and he made a mourning for his father of seven days.</div><div>(11) And when the inhabitants of the land, the Kena῾ani, saw the mourning at the floor of Atad, they said, This is a grievous mourning to Miżrayim: so that the name of it was called Avel-miżrayim, which is beyond the Yarden.</div><div>(12) And his sons did to him according as he had commanded them:</div><div>(13) for his sons carried him into the land of Kena῾an, and buried him in the cave of the field of Makhpela, which Avraham bought with the field for a possession of a buryingplace from ῾Efron the Ḥittite, before Mamre.</div><div>(14) And Yosef returned to Miżrayim, he, and his brethren, and all that went up with him to bury his father, after he had buried his father.</div><div>(15) And when Yosef’s brothers saw that their father was dead, they said, What if Yosef will hate us, and will pay us back the evil which we did to him.</div><div>(16) And they sent word urgently to Yosef, saying, Thy father did command before he died, saying,</div><div>(17) So shall you say to Yosef, Forgive, I pray thee now, the trespass of thy brothers, and their sin; for they did evil to thee: and now, we pray thee, forgive the trespass of the servants of the God of thy father. And Yosef wept when they spoke to him.</div><div>(18) And his brothers even went and fell down before his face; and they said, Behold, we are thy servants.</div><div>(19) And Yosef said to them, Fear not: for am I in the place of God?</div><div>(20) But as for you, you thought evil against me; but God meant it for good, to bring it to pass at this day that much people should be saved alive.</div>",""
"Vayechi","חק לישראל - פרשת ויחי יום שישי","4","Genesis 50:21-26","<div>נ (<small>כא</small>) וְעַתָּה֙ אַל־תִּירָ֔אוּ אָנֹכִ֛י אֲכַלְכֵּ֥ל אֶתְכֶ֖ם וְאֶֽת־טַפְּכֶ֑ם וַיְנַחֵ֣ם אוֹתָ֔ם וַיְדַבֵּ֖ר עַל־לִבָּֽם׃</div><div><small>וּכְעַן לָא תִדַּחֲלוּן אֲנָא אֵזוּן יָתְכוֹן וְיָת טַפְלְכוֹן וְנַחֵם יָתְהוֹן <b>וּמַלֵּל תַּנְחוּמִין</b> עַל לִבְּהוֹן:</small></div><div>(<small>כב</small>) וַיֵּ֤שֶׁב יוֹסֵף֙ בְּמִצְרַ֔יִם ה֖וּא וּבֵ֣ית אָבִ֑יו וַיְחִ֣י יוֹסֵ֔ף מֵאָ֥ה וָעֶ֖שֶׂר שָׁנִֽים׃</div><div><small>וִיתֵיב יוֹסֵף בְּמִצְרַיִם הוּא וּבֵית אָבוּהִי וַחֲיָא יוֹסֵף מְאָה וַעֲסַר שְׁנִין:</small></div><div>(<small>כג</small>) וַיַּ֤רְא יוֹסֵף֙ לְאֶפְרַ֔יִם בְּנֵ֖י שִׁלֵּשִׁ֑ים גַּ֗ם בְּנֵ֤י מָכִיר֙ בֶּן־מְנַשֶּׁ֔ה יֻלְּד֖וּ עַל־בִּרְכֵּ֥י יוֹסֵֽף׃</div><div><small>וַחֲזָא יוֹסֵף לְאֶפְרַיִם בְּנִין תְּלִיתָאִין אַף בְּנֵי מָכִיר בַּר מְנַשֶּׁה אִתְיְלִידוּ <b>וְרַבִּי יוֹסֵף</b>:</small></div><div>(<small>כד</small>) וַיֹּ֤אמֶר יוֹסֵף֙ אֶל־אֶחָ֔יו אָנֹכִ֖י מֵ֑ת וֵֽאלֹהִ֞ים פָּקֹ֧ד יִפְקֹ֣ד אֶתְכֶ֗ם וְהֶעֱלָ֤ה אֶתְכֶם֙ מִן־הָאָ֣רֶץ הַזֹּ֔את אֶל־הָאָ֕רֶץ אֲשֶׁ֥ר נִשְׁבַּ֛ע לְאַבְרָהָ֥ם לְיִצְחָ֖ק וּֽלְיַעֲקֹֽב׃</div><div><small>וַאֲמַר יוֹסֵף לַאֲחוֹהִי אֲנָא מָאִית וַייָ מִדְכַּר דְּכִיר יָתְכוֹן וְיִסַּק יָתְכוֹן מִן אַרְעָא הָדָא לְאַרְעָא דִּי קַיִּים לְאַבְרָהָם לְיִצְחָק וּלְיַעֲקֹב:</small></div><div>(<small>כה</small>) וַיַּשְׁבַּ֣ע יוֹסֵ֔ף אֶת־בְּנֵ֥י יִשְׂרָאֵ֖ל לֵאמֹ֑ר פָּקֹ֨ד יִפְקֹ֤ד אֱלֹהִים֙ אֶתְכֶ֔ם וְהַעֲלִתֶ֥ם אֶת־עַצְמֹתַ֖י מִזֶּֽה׃</div><div><small>וְאוֹמֵי יוֹסֵף יָת בְּנֵי יִשְׂרָאֵל לְמֵימָר מִדְכַּר דְּכִיר יְיָ יָתְכוֹן וְתַסְּקוּן יָת גַּרְמַי מִכָּא:</small></div><div>(<small>כו</small>) וַיָּ֣מׇת יוֹסֵ֔ף בֶּן־מֵאָ֥ה וָעֶ֖שֶׂר שָׁנִ֑ים וַיַּחַנְט֣וּ אֹת֔וֹ וַיִּ֥ישֶׂם בָּאָר֖וֹן בְּמִצְרָֽיִם׃</div><div><small>וּמִית יוֹסֵף בַּר מְאָה וַעֲסַר שְׁנִין וַחֲנָטוּ יָתֵיהּ וְשָׂמוּהִי בְאָרוֹנָא בְּמִצְרָיִם:</small></div>","<div>50 (21) Now therefore fear not: I will nourish you, and your little ones. And he comforted them, and spoke kindly to them.</div><div>(22) And Yosef dwelt in Miżrayim, he, and his father’s house: and Yosef lived a hundred and ten years.</div><div>(23) And Yosef saw Efrayim’s children of the third generation: the children also of Makhir the son of Menashshe were born on Yosef’s knees.</div><div>(24) And Yosef said to his brothers, I die: and God will surely visit you, and bring you up out of this land to the land of which He swore to Avraham, to Yiżĥaq, and to Ya῾aqov.</div><div>(25) And Yosef took an oath of the children of Yisra᾽el, saying, God will surely visit you, and you shall carry up my bones from here.</div><div>(26) So Yosef died, being a hundred and ten years old: and they embalmed him, and he was put in a coffin in Miżrayim.
			
			
				Bereshit</div>",""
"Vayechi","חק לישראל - פרשת ויחי יום שישי","5","","<h1><b>הפטרה</b></h1>","",""
"Vayechi","חק לישראל - פרשת ויחי יום שישי","6","I Kings 2:1-12","<div>ב (<small>א</small>) וַיִּקְרְב֥וּ יְמֵֽי־דָוִ֖ד לָמ֑וּת וַיְצַ֛ו אֶת־שְׁלֹמֹ֥ה בְנ֖וֹ לֵאמֹֽר׃ (<small>ב</small>) אָנֹכִ֣י הֹלֵ֔ךְ בְּדֶ֖רֶךְ כׇּל־הָאָ֑רֶץ וְחָזַקְתָּ֖ וְהָיִ֥יתָֽ לְאִֽישׁ׃ (<small>ג</small>) וְשָׁמַרְתָּ֞ אֶת־מִשְׁמֶ֣רֶת <b>׀</b> יְהֹוָ֣ה אֱלֹהֶ֗יךָ לָלֶ֤כֶת בִּדְרָכָיו֙ לִשְׁמֹ֨ר חֻקֹּתָ֤יו מִצְוֺתָיו֙ וּמִשְׁפָּטָ֣יו וְעֵדְוֺתָ֔יו כַּכָּת֖וּב בְּתוֹרַ֣ת מֹשֶׁ֑ה לְמַ֣עַן תַּשְׂכִּ֗יל אֵ֚ת כׇּל־אֲשֶׁ֣ר תַּעֲשֶׂ֔ה וְאֵ֛ת כׇּל־אֲשֶׁ֥ר תִּפְנֶ֖ה שָֽׁם׃ (<small>ד</small>) לְמַ֩עַן֩ יָקִ֨ים יְהֹוָ֜ה אֶת־דְּבָר֗וֹ אֲשֶׁ֨ר דִּבֶּ֣ר עָלַי֮ לֵאמֹר֒ אִם־יִשְׁמְר֨וּ בָנֶ֜יךָ אֶת־דַּרְכָּ֗ם לָלֶ֤כֶת לְפָנַי֙ בֶּאֱמֶ֔ת בְּכׇל־לְבָבָ֖ם וּבְכׇל־נַפְשָׁ֑ם לֵאמֹ֕ר לֹֽא־יִכָּרֵ֤ת לְךָ֙ אִ֔ישׁ מֵעַ֖ל כִּסֵּ֥א יִשְׂרָאֵֽל׃ (<small>ה</small>) וְגַ֣ם אַתָּ֣ה יָדַ֡עְתָּ אֵת֩ אֲשֶׁר־עָ֨שָׂה לִ֜י יוֹאָ֣ב בֶּן־צְרוּיָ֗ה אֲשֶׁ֣ר עָשָׂ֣ה לִשְׁנֵֽי־שָׂרֵ֣י צִבְא֣וֹת יִ֠שְׂרָאֵ֠ל לְאַבְנֵ֨ר בֶּן־נֵ֜ר וְלַעֲמָשָׂ֤א בֶן־יֶ֙תֶר֙ וַיַּ֣הַרְגֵ֔ם וַיָּ֥שֶׂם דְּמֵֽי־מִלְחָמָ֖ה בְּשָׁלֹ֑ם וַיִּתֵּ֞ן דְּמֵ֣י מִלְחָמָ֗ה בַּחֲגֹֽרָתוֹ֙ אֲשֶׁ֣ר בְּמׇתְנָ֔יו וּֽבְנַעֲל֖וֹ אֲשֶׁ֥ר בְּרַגְלָֽיו׃ (<small>ו</small>) וְעָשִׂ֖יתָ כְּחׇכְמָתֶ֑ךָ וְלֹֽא־תוֹרֵ֧ד שֵׂיבָת֛וֹ בְּשָׁלֹ֖ם שְׁאֹֽל׃ (<small>ז</small>) וְלִבְנֵ֨י בַרְזִלַּ֤י הַגִּלְעָדִי֙ תַּֽעֲשֶׂה־חֶ֔סֶד וְהָי֖וּ בְּאֹכְלֵ֣י שֻׁלְחָנֶ֑ךָ כִּי־כֵן֙ קָרְב֣וּ אֵלַ֔י בְּבׇרְחִ֕י מִפְּנֵ֖י אַבְשָׁל֥וֹם אָחִֽיךָ׃ (<small>ח</small>) וְהִנֵּ֣ה עִ֠מְּךָ֠ שִֽׁמְעִ֨י בֶן־גֵּרָ֥א בֶן־הַיְמִינִי֮ מִבַּחֻרִים֒ וְה֤וּא קִֽלְלַ֙נִי֙ קְלָלָ֣ה נִמְרֶ֔צֶת בְּי֖וֹם לֶכְתִּ֣י מַחֲנָ֑יִם וְהֽוּא־יָרַ֤ד לִקְרָאתִי֙ הַיַּרְדֵּ֔ן וָאֶשָּׁ֨בַֽע ל֤וֹ בַֽיהֹוָה֙ לֵאמֹ֔ר אִם־אֲמִֽיתְךָ֖ בֶּחָֽרֶב׃ (<small>ט</small>) וְעַתָּה֙ אַל־תְּנַקֵּ֔הוּ כִּ֛י אִ֥ישׁ חָכָ֖ם אָ֑תָּה וְיָֽדַעְתָּ֙ אֵ֣ת אֲשֶׁ֣ר תַּֽעֲשֶׂה־לּ֔וֹ וְהֽוֹרַדְתָּ֧ אֶת־שֵׂיבָת֛וֹ בְּדָ֖ם שְׁאֽוֹל׃ (<small>י</small>) וַיִּשְׁכַּ֥ב דָּוִ֖ד עִם־אֲבֹתָ֑יו וַיִּקָּבֵ֖ר בְּעִ֥יר דָּוִֽד׃ <span class=""mam-spi-pe"">{פ}</span>  (<small>יא</small>) וְהַיָּמִ֗ים אֲשֶׁ֨ר מָלַ֤ךְ דָּוִד֙ עַל־יִשְׂרָאֵ֔ל אַרְבָּעִ֖ים שָׁנָ֑ה בְּחֶבְר֤וֹן מָלַךְ֙ שֶׁ֣בַע שָׁנִ֔ים וּבִירֽוּשָׁלַ֣͏ִם מָלַ֔ךְ שְׁלֹשִׁ֥ים וְשָׁלֹ֖שׁ שָׁנִֽים׃ (<small>יב</small>) וּשְׁלֹמֹ֕ה יָשַׁ֕ב עַל־כִּסֵּ֖א דָּוִ֣ד אָבִ֑יו וַתִּכֹּ֥ן מַלְכֻת֖וֹ מְאֹֽד׃ <span class=""mam-spi-samekh"">{ס}</span>        </div>","<div>2 (1) Now the days of David drew near that he should die; and he charged Shelomo his son, saying, (2) I go the way of all the earth: be thou strong therefore, and show thyself a man; (3) and keep the charge of the Lord thy God, to walk in his ways, to keep his statutes, and his commandments, and his judgments, and his testimonies, as it is written in the Tora of Moshe, that thou mayst prosper in all that thou doest, and wherever thou turnest thyself: (4) that the Lord may continue his word which he spoke concerning me, saying, If thy children take heed to their way, to walk before me in truth with all their heart and with all their soul, there shall not fail thee (said he) a man on the throne of Yisra᾽el. (5) Moreover thou knowst also what Yo᾽av the son of Żeruya did to me, and what he did to the two captains of the hosts of Yisra᾽el, to Avner the son of Ner, and to ῾Amasa the son of Yeter, whom he slew, and shed the blood of war in peace, and put the blood of war upon his girdle that was about his loins, and in his shoes that were on his feet. (6) Do therefore according to thy wisdom, and let not his hoar head go down to She᾽ol in peace. (7) But show loyal love to the sons of Barzillay the Gil῾adite, and let them be of those that eat at thy table: for they came to me when I fled from Avshalom thy brother. (8) And, behold, thou hast with thee Shim῾i the son of Gera, a Binyeminite of Baĥurim, who cursed me with a grievous curse on the day when I went to Maĥanayim: but he came down to meet me at the Yarden, and I swore to him by the Lord, saying, I will not put thee to death with the sword. (9) Now therefore hold him not guiltless: for thou art a wise man, and knowst what thou oughtest to do to him; but his hoar head bring thou down to She᾽ol with blood. (10) So David slept with his fathers, and was buried in the city of David. (11) And the days that David reigned over Yisra᾽el were forty years: seven years he reigned in Ḥevron, and thirty three years he reigned in Yerushalayim. (12) Then Shelomo sat upon the throne of David his father; and his kingdom was firmly established.</div>",""
"Vayechi","חק לישראל - פרשת ויחי יום שישי","7","","<small>אחר קריאת פרשת השבוע שנים מקרא ואחד תרגום והפטרה, ומזמור ה' מלך גאות לבש או מזמור שיר ליום השבת וה' מלך, יצל''ח דברו משנה והלכה מסדר טהרות שהוא נגד היסוד בחינת היום.</small>","",""
"Vayechi","חק לישראל - פרשת ויחי יום שישי","8","","<h1><b>משנה</b></h1>","",""
"Vayechi","חק לישראל - פרשת ויחי יום שישי","9","Mishnah Parah 2","<div>א. רַבִּי אֱלִיעֶזֶר אוֹמֵר, פָּרַת חַטָּאת הַמְעֻבֶּרֶת, כְּשֵׁרָה. וַחֲכָמִים פּוֹסְלִין. רַבִּי אֱלִיעֶזֶר אוֹמֵר, אֵינָהּ נִלְקַחַת מִן הַנָּכְרִים. וַחֲכָמִים מַכְשִׁירִים. וְלֹא זוֹ בִלְבַד, אֶלָּא כָל קָרְבְּנוֹת הַצִּבּוּר וְהַיָּחִיד בָּאִין מֵהָאָרֶץ וּמִחוּץ לָאָרֶץ, מִן הֶחָדָשׁ וּמִן הַיָּשָׁן, חוּץ מִן הָעֹמֶר וּשְׁתֵּי הַלֶּחֶם שֶׁאֵינָן בָּאִין אֶלָּא מִן הֶחָדָשׁ וּמִן הָאָרֶץ: 
</div><div>ב. פָּרָה שֶׁקַּרְנֶיהָ וּטְלָפֶיהָ שְׁחוֹרִים, יָגֹד. גַּלְגַּל הָעַיִן וְהַשִּׁנַּיִם וְהַלָּשׁוֹן אֵינָם פּוֹסְלִים בַּפָּרָה. וְהַנַּנֶּסֶת, כְּשֵׁרָה. הָיְתָה בָהּ יַבֶּלֶת וַחֲתָכָהּ, רַבִּי יְהוּדָה פוֹסֵל. רַבִּי שִׁמְעוֹן אוֹמֵר, כָּל מְקוֹם שֶׁנִּטַּל וְלֹא הֶעֱלָה מְקוֹמוֹ שֵׂעָר אָדֹם, פְּסוּלָה: 
</div><div>ג. יוֹצֵא דֹפֶן וְאֶתְנָן וּמְחִיר, פְּסוּלָה. רַבִּי אֱלִיעֶזֶר מַכְשִׁיר, שֶׁנֶּאֱמַר (דברים כג), לֹא תָבִיא אֶתְנַן זוֹנָה וּמְחִיר כֶּלֶב בֵּית ה' אֱלֹהֶיךָ, וְאֵין זוֹ בָאָה לַבָּיִת. כָּל הַמּוּמִים הַפּוֹסְלִים בַּמֻּקְדָּשִׁים, פּוֹסְלִים בַּפָּרָה. רָכַב עָלֶיהָ, נִשְׁעַן עָלֶיהָ, נִתְלָה בִזְנָבָהּ, עָבַר בָּהּ אֶת הַנָּהָר, קִפֵּל עָלֶיהָ אֶת הַמּוֹסֵרָה, נָתַן טַלִּיתוֹ עָלֶיהָ, פְּסוּלָה. אֲבָל קְשָׁרָהּ בַּמּוֹסֵרָה, עָשָׂה לָהּ סַנְדָּל בִּשְׁבִיל שֶׁלֹּא תַחֲלִיק, פָּרַס טַלִּיתוֹ עָלֶיהָ מִפְּנֵי הַזְּבוּבִים, כְּשֵׁרָה. זֶה הַכְּלָל, כֹּל שֶׁהוּא לְצָרְכָּהּ, כְּשֵׁרָה. לְצֹרֶךְ אַחֵר, פְּסוּלָה: 
</div><div>ד. שָׁכַן עָלֶיהָ עוֹף, כְּשֵׁרָה. עָלָה עָלֶיהָ זָכָר, פְּסוּלָה. רַבִּי יְהוּדָה אוֹמֵר, אִם הֶעֱלָהוּ, פְּסוּלָה. וְאִם מֵעַצְמוֹ, כְּשֵׁרָה: 
</div><div>ה. הָיוּ בָהּ שְׁתֵּי שְׂעָרוֹת שְׁחוֹרוֹת אוֹ לְבָנוֹת בְּתוֹךְ גֻּמָּא אַחַת, פְּסוּלָה. רַבִּי יְהוּדָה אוֹמֵר, אֲפִלּוּ בְתוֹךְ כּוֹס אֶחָד. הָיוּ בְתוֹךְ שְׁנֵי כוֹסוֹת וְהֵן מוֹכִיחוֹת זוֹ אֶת זוֹ, פְּסוּלָה. רַבִּי עֲקִיבָא אוֹמֵר, אֲפִלּוּ אַרְבַּע, אֲפִלּוּ חָמֵשׁ, וְהֵן מְפֻזָּרוֹת, יִתְלֹשׁ. רַבִּי אֱלִיעֶזֶר אוֹמֵר, אֲפִלּוּ חֲמִשִּׁים. רַבִּי יְהוֹשֻׁעַ בֶּן בְּתֵירָא אוֹמֵר, אֲפִלּוּ אַחַת בְּרֹאשָׁהּ וְאַחַת בִּזְנָבָהּ, פְּסוּלָה. הָיוּ בָהּ שְׁתֵּי שְׂעָרוֹת, עִקָּרָן מַשְׁחִיר וְרֹאשָׁן מַאְדִּים, עִקָּרָן מַאְדִּים וְרֹאשָׁן מַשְׁחִיר, הַכֹּל הוֹלֵךְ אַחַר הַנִּרְאֶה, דִּבְרֵי רַבִּי מֵאִיר. וַחֲכָמִים אוֹמְרִים, אַחַר הָעִקָּר: 
</div>","<div>1. Rabbi Eliezer says: a [red] cow for the hatat that is pregnant is valid, But the sages say: it is invalid. Rabbi Eliezer says: it may not be bought from non-Jews, But the sages say: it is valid. And not only this, but all sacrifices of the congregation or the individual may be brought from the land of Israel and from outside the land, from new produce and from the old; Except the omer and the two loaves, which may be brought only from new produce and from within the land.</div><div>2. If the horns or the hoofs of the [red] cow are black they are chopped off. The eye ball, the teeth and the tongue cause do not invalidate the [red] cow. One that is dwarf-like is valid. If there was on it an extra digit and it was cut off: Rabbi Judah says that it is invalid. Rabbi Shimon says: wherever, if removed, no red hair grows in its place is it invalid.</div><div>3. One that is born from the side, the hire of a harlot or the price of a dog is invalid. Rabbi Eliezer says that it is valid, as it says, ""You shall not bring the hire of a harlot or the price of a dog into the house of the Lord your God,"" (Deuteronomy 23:19) and this was not brought into the house. All blemishes that cause consecrated animals to be invalid cause also the [red] cow to be invalid. If one had ridden on it, leaned on it, hung on its tail, crossed a river by its help, doubled up its leading rope, or put one's cloak on it, it is invalid. But if one had only tied it up by its leading rope or made for it a sandal to prevent it from slipping or spread one's cloak on it because of flies, it is valid. This is the general rule: wherever anything is done for its own sake, it remains valid; but if for the sake of another, it becomes invalid.</div><div>4. If a bird rested on it, it remains valid. If a male beast mounted it, it becomes invalid. Rabbi Judah says: if the male was made to mount, it becomes invalid; but if it did so of itself, it remains valid.</div><div>5. If it had two black or white hairs growing within one follicle, it is invalid. Rabbi Judah said: within one kos; if they grew within two kosot that were adjacent to one another, it is invalid. Rabbi Akiva says: even if there were four or five but they were dispersed, they may be plucked out. Rabbi Eliezer says: even as many as fifty. Rabbi Joshua ben Batera says: even if it had but one on its head and one on its tail, it is invalid. If it had two hairs with their roots black and their tips red or with their roots red and their tips black, everything goes according to what is visible, the words of Rabbi Meir. But the sages say: by the root.</div>",""
"Vayechi","חק לישראל - פרשת ויחי יום שישי","10","","<h1><b>גמרא</b></h1>","",""
"Vayechi","חק לישראל - פרשת ויחי יום שישי","11","Niddah 15a:11-15","וּמוֹדִים חֲכָמִים לְרִבִּי עֲקִיבָא בְּרוֹאָה כֶּתֶם. אָמַר רַב לְמַפְרֵעַ וְרִבִּי מֵאִיר הִיא וּשְׁמוּאֵל אָמַר מִכָּאן וּלְהַבָּא וְרַבָּנָן הִיא מִכָּאן וּלְהַבָּא פְּשִׁיטָא מַהוּ דְתֵימָא הוֹאִיל וּמֵעֵת לְעֵת דְּרַבָּנָן וּכְתָמִים דְּרַבָּנָן מַה מֵעֵת לְעֵת לֹא מְטַמְּאָה אֶת בּוֹעֲלָהּ אַף כְּתָמִים לֹא מְטַמְּאָה אֶת בּוֹעֲלָהּ קָא מַשְׁמַע לָן וְאֵימָא הָכִי נָמֵי הָתָם אֵין שׁוֹר שָׁחוּט לְפָנֶיךָ הָכָא יֵשׁ שׁוֹר שָׁחוּט לְפָנֶיךָ וְכֵן אָמַר רֵישׁ לָקִישׁ לְמַפְרֵעַ וְרִבִּי מֵאִיר הִיא רִבִּי יוֹחָנָן אָמַר מִכָּאן וּלְהַבָּא וְרַבָּנָן הִיא:","<div>§ The mishna states: <b>And the Rabbis concede to Rabbi Akiva in</b> the case of a woman who <b>sees</b> a blood <b>stain,</b> that she transmits seven-day impurity to the man with whom she engaged in intercourse. The Gemara cites a dispute of <i>amora’im</i> in this regard. <b>Rav says</b> that she renders the man with whom she engaged in intercourse impure <b>retroactively, and</b> this <b>is</b> in accordance with the opinion of <b>Rabbi Meir,</b> who maintains that a woman who sees a blood stain renders pure items impure retroactively (see 5a).</div><div><b>And Shmuel says</b> that she does not render him impure retroactively, but only if he engages in intercourse with her <b>from now and onward,</b> i.e., after she sees the blood stain, <b>and</b> this <b>is</b> in accordance with the opinion of <b>the Rabbis,</b> who hold that a woman who sees a blood stain renders pure items impure only from that moment onward. The Gemara raises a difficulty with the opinion of Shmuel: Why does the mishna find it necessary to state that she renders him impure <b>from now and onward?</b> Isn’t it <b>obvious?</b></div><div>The Gemara explains that it was necessary for the mishna to state this ruling, <b>lest you say: Since</b> the woman’s retroactive impurity for a twenty-four-hour <b>period</b> is a decree that applies <b>by rabbinic law, and</b> the impurity of blood <b>stains</b> also applies <b>by rabbinic law,</b> one might claim as follows: <b>Just as</b> her retroactive impurity of a twenty-four-hour <b>period does not render impure the man with whom she engaged in intercourse, so too,</b> her blood <b>stains</b> should <b>not render impure the man with whom she engaged in intercourse.</b> Therefore, the mishna <b>teaches us</b> that she does render him impure from that point onward.</div><div>The Gemara asks: <b>But</b> perhaps one can <b>say</b> that <b>indeed,</b> she does not transmit impurity to him? The Gemara explains that there is a difference between the two types of rabbinic impurity: <b>There,</b> with regard to retroactive impurity, it is <b>not</b> a case of: The <b>slaughtered ox is before you,</b> i.e., the evidence of impurity did not exist at the time, as she had yet to experience menstruation. Therefore, the Sages did not apply the stringency of retroactive impurity to the husband. By contrast, <b>here,</b> with regard to the impurity of blood stains, it <b>is</b> a case of: The <b>slaughtered ox is before you,</b> as blood has appeared on the cloth.</div><div>The Gemara notes: <b>And Reish Lakish similarly says,</b> like Rav, that the woman transmits impurity to the man with whom she engaged in intercourse <b>retroactively, and</b> this <b>is</b> in accordance with the opinion of <b>Rabbi Meir.</b> But <b>Rabbi Yoḥanan says,</b> like Shmuel: She renders him impure <b>from now and onward,</b> i.e., after she sees the blood stain, <b>and</b> this <b>is</b> in accordance with the opinion of <b>the Rabbis.</b></div>",""
"Vayechi","חק לישראל - פרשת ויחי יום שישי","12","","<h1><b>זוהר</b></h1>","",""
"Vayechi","חק לישראל - פרשת ויחי יום שישי","13","Zohar, Yitro 27","רַבִּי יְהוּדָה אָמַר בָּעֵי לְאִתְעַנָּגָא בְּהַאי יוֹמָא וּלְמֵיכָל תְּלָת סְעוּדָתֵי בְּשַׁבַּתָּא בְּגִין דְּיִשְׁתַּכַּח שָׂבְעָא וְעִנּוּגָא בְּהַאי יוֹמָא בְּעָלְמָא, רַבִּי אַבָּא אָמַר לְאִזְדַּמְּנָא בִּרְכָתָא בְּאִנּוּן יוֹמִין דִּלְעֵילָא דְּמִתְבָּרְכָאן מֵהַאי יוֹמָא, וְהַאי יוֹמָא מַלְיָא רֵישֵׁיהּ דִּזְעֵיר אַנְפִּין מִטַּלָּא דְּנָחִית מֵעַתִּיקָא קַדִּישָׁא סְתִימָא דְּכֹלָּא וְאַטִּיל לְחַקְלָא דְּתַפּוּחִין קַדִּישִׁין תְּלָת זִמְנֵי מִכַּד עַיִּל שַׁבְּתָא דְּיִתְבָּרְכוּן כֻּלְּהוּ כַּחֲדָא, וְעַל דָּא בָּעֵי בַּר נַשׁ לְאִתְעַנָּגָא תְּלָת זִמְנִין אִלֵּין דְּהָא בְּהָא תַּלְיָא מְהֵימָנוּתָא דִּלְעֵילָא בְּעַתִּיקָא קַדִּישָׁא וּבִזְעֵיר אַנְפִּין וּבְחַקְלָא דְּתַפּוּחִין וּבָעֵי בַּר נַשׁ לְאִתְעַנָּגָא בְּהוּ וּלְמֶחֱדֵי בְּהוּ, וּמַאן דְּגָרַע סְעוּדָתָא מִנַּיְהוּ אַחֲזֵי פְּגִימוּתָא לְעֵילָא וְעוֹנָשֵׁיהּ דְּהַהוּא בַּר נַשׁ סַגִּי, בְּגִנֵּי כָּךְ בָּעֵי לְסַדְּרָא פְּתוֹרֵיהּ תְּלָת זִמְנֵי מִכַּד עַיִּל שַׁבְּתָא וְלָא יִשְׁתַּכַּח פְּתוֹרֵיהּ רֵיקָנַיָּא וְתִשְׁרֵי בִּרְכָתָא עֲלֵיהּ כָּל שְׁאָר יוֹמֵי דְּשַׁבַּתָּא וּבְהַאי מִלָּה אַחֲזֵי וְתָלֵי מְהֵימָנוּתָא לְעֵילָא:","",""
"Vayechi","חק לישראל - פרשת ויחי יום שישי","14","","רַבִּי יְהוּדָה אָמַר צָרִיךְ לְהִתְעַנֵג בַּיּוֹם הַזֶּה וְלֶאֱכֹל שָׁלֹש סְעֻדוֹת בַּשַׁבָּת, בִּכְדֵי שֶׁיִּמָצֵא שׂוֹבַע וְעֹנֶג בַּיּוֹם הַזֶּה בָּעוֹלָם. רַבִּי אַבָּא אָמַר בִּכְדֵי לְזַוֵּג הַבְּרָכוֹת שֶׁל אֵלּוּ הַיָּמִים שֶׁלְמַעְלָה שֶׁמִּתְבָּרְכִים מֵהַיּוֹם הַזֶּה. וְהַיּוֹם הַזֶּה מְמַלֵּא רֹאשׁוֹ שֶׁל זְעֵיר אַנְפִּין מֵהַטָּל שֶׁיּוֹרֵד מֵעַתִּיקָא קַדִישָׁא הַסָּתוּם מִכֹּל, וּמוֹרִיד לִשְׂדֵה תַּפּוּחִים הַקָּדוֹשׁ שָׁלֹש פְּעָמִים מִשֶּׁנִכְנָס הַשַּׁבָּת בִּשְׁבִיל שֶׁיִּתְבָּרְכוּ כֻּלָּם כְּאֶחָד. וְלָכֵן צָרִיךְ הָאָדָם לְהִתְעַנֵּג שָׁלֹש פְּעָמִים אֵלּוּ שֶׁהַרֵי בָּזֶּה תָּלוּי הָאֱמוּנָה שֶׁלְמַעְלָה, בַּעַתִּיקָא קַדִישָׁא וּבִזְעֵיר אַנְפִּין וּבִשְׂדֵה תַּפּוּחִים הַקָּדושׁ, וְצָרִיךְ הָאָדָם לְהִתְעַנֵג בָּהֶם, וְלִשְׂמֹחַ בָּהֶם, וּמִי שֶׁגּוֹרֵעַ סְעֻדָּה אַחַת מֵהֶם, מַרְאֶה פְּגַם לְמַעְלָה וְעוֹנְשׁוֹ שֶׁל הָאָדָם הַהוּא גָּדוֹל. וְלָכֵן צָרִיךְ לְסַדֵּר שֻׁלְחָנוֹ שָׁלֹש פְּעָמִים מִשֶׁנִּכְנָס הַשַּׁבָּת, וְלֹא יִמָצֵא שֻׁלְחָנוֹ רֵיקָן, וְעַל יְדֵי זֶה יָחוּלוּ הַבְּרָכוֹת עָלָיו כָּל שְׁאָר יְמֵי הַשָּׁבוּעַ, וּבַּדָבָר הַזֶּה נִרְאֶה וְתָלוּי הָאֱמוּנָה שֶׁלְמַעְלָה.","",""
"Vayechi","חק לישראל - פרשת ויחי יום שישי","15","","<h1><b>הלכה פסוקה</b></h1>","",""
"Vayechi","חק לישראל - פרשת ויחי יום שישי","16","Mishneh Torah, Sabbath 5:9-10","<div><b>א. </b>חֵלֶב שֶׁהִתִּיכָן וְקִרְבֵי דָגִים שֶׁנִּימוֹחוּ נוֹתֵן לְתוֹכָן שֶׁמֶן כָּל שֶׁהוּא וּמַדְלִיק אֲבָל שְׁמָנִים שֶׁאֵין מַדְלִיקִין בָּהֶם אֲפִילוּ עֵרְבָן בִּשְׁמָנִים שֶׁמַּדְלִיקִין בָּהֶם לֹא יַדְלִיק מִפְּנֵי שֶׁאֵין נִמְשָׁכִין:</div><div><b>ב. </b>אֵין מַדְלִיקִין בְּעִטְרָן מִפְּנֵי שֶׁרֵיחוֹ רַע שֶׁמָא יַנִּיחֶנּוּ וְיֵצֵא וְחוֹבָה עָלָיו לֵישֵׁב לְאוֹר הַנֵּר וְלֹא בִּצְרִי מִפְּנֵי שֶׁרֵיחוֹ טוֹב שֶׁמָּא יִקַּח מִמֶּנּוּ מִן הַנֵּר וְעוֹד מִפְּנֵי שֶׁהוּא עָף. וְלֹא בְּנֵפְט לָבָן וַאֲפִילוּ בְּחוֹל מִפְּנֵי שֶׁהוּא עָף וְיָבֹא לִידֵי סַכָּנָה: (וְזֶה לְשׁוֹן רַבֵּינוּ יְרוּחָם נְתִיב י''ב ח''ב אֵין מַדְלִיקִין בִּצְרִי וְהוּא בַּאלְסַאמוּ מִפְּנֵי שֶׁרֵיחוֹ טוֹב וְיָבֹא לְהִסְתַּפֵּק מִמֶּנּוּ וְגַם שֶׁהוּא עָף וְאוּלַי יִדְלַק הַבַּיִת וְכֵן אֵין מַדְלִיקִין בְּנֵפְט לָבָן בְּחוֹל וְאֵין צָרִיךְ לוֹמַר בְּשַׁבָּת מִפְּנֵי שֶׁהוּא עָף וְאוּלַי יִדְלַק הַבַּיִת):</div>","<div>One may put a minimal amount of oil into molten fat or fish innards that dissolved, and [then] light. But even if he mixed oils with which we do light into oils with which we do not light, he may not light [with them] – since they are not drawn.</div><div>We do not light with <i>itran</i> (a type of tar) because its smell is bad – lest he leave it and go out; and it is an obligation upon him to sit by the light of the [Shabbat] lamp. And [he may not light] with balm because its smell is good – lest he take some from the lamp – and also because it flutters; and not with white naphtha – and [that is forbidden] even during the week, because it flutters and he will come to [be in] danger.</div>",""
"Vayechi","חק לישראל - פרשת ויחי יום שישי","17","","<h1><b>מוסר</b></h1>","",""
"Vayechi","חק לישראל - פרשת ויחי יום שישי","18","","<div><strong><span style=""color: #999999;"">ספר דברים שבקדושה ס""ג</span></strong></div><div>א. כָּל הַצָרוֹת שֶׁבָּאוּ עַל יַעֲקֹב מִדִּינָה וְיוֹסֵף וְכֵן כֻּלָּם הָיוּ מִטַּעַם שֶׁלֹּא יִתְגָּאֶה יַעֲקֹב עָל עֵשָׂו אָחִיו: ב. אָמַר רִבִּי יְהוּדָה קַיִן בָּא בְּגַּסּוּת הָרוּחַ וְהֶבֶל בִּנְמִיכוּת רוּחַ דִּכְתִיב (תהלים יא) זִבְחֵי אֱלֹהִים רוּחַ נִשְׁבָּרָה מַה כְּתִיב (בראשית ד) וַיִּשַׁע ה' אֶל הֶבֶל וְאֶל מִנְחָתוֹ וְאֶל קַיִן וְאֶל מִנְחָתוֹ לֹא שָׁעָה: ג. וְנַעֲמָן הָיָה אִישׁ גָּדוֹל מַהוּ גָדוֹל שֶׁהָיָה רוּחוֹ גַסָּה עָלָיו וְעַל יְדֵי כֵּן נִצְטָרַע: ד. אָמַר רִבִּי יוֹסֵי וַדַּאי יוֹסֵף לֹא נִזְכַּר שְׁמוֹ בִּדְגָלִים דִּכְתִיב (במדבר ג) דֶּגֶל מַחֲנֵה אֶפְרָיִם וְלֹא דֶגֶל מַחֲנֵה יוֹסֵף לְפִי שֶׁנִּתְגָאֶה עַל אֶחָיו:</div>","",""
"Vayigash","חק לישראל - פרשת ויגש יום ראשון","1","","<h1><b>תורה</b></h1>","",""
"Vayigash","חק לישראל - פרשת ויגש יום ראשון","2","","<small>יכוין בקריאת ששה פסוקים אלו שהם כנגד וֵ דמילוי יו''ד דשם ב''ן להשאיר בו הארה מתוספת נשמה משבת שעברה:</small>","",""
"Vayigash","חק לישראל - פרשת ויגש יום ראשון","3","Genesis 44:18-23","<div>מד (<small>יח</small>) וַיִּגַּ֨שׁ אֵלָ֜יו יְהוּדָ֗ה וַיֹּ֘אמֶר֮ בִּ֣י אֲדֹנִי֒ יְדַבֶּר־נָ֨א עַבְדְּךָ֤ דָבָר֙ בְּאׇזְנֵ֣י אֲדֹנִ֔י וְאַל־יִ֥חַר אַפְּךָ֖ בְּעַבְדֶּ֑ךָ כִּ֥י כָמ֖וֹךָ כְּפַרְעֹֽה׃</div><div><small>וּקְרֵב לְוָתֵיהּ יְהוּדָה וַאֲמַר בְּבָעוּ רִבּוֹנִי יְמַלֶּל <b>כְּעַן</b> עַבְדָךְ פִּתְגָּמָא <b>קֳדָם</b> רִבּוֹנִי וְלָא יִתְקֵף רוּגְזָךְ בְּעַבְדָךְ אֲרֵי כְפַרְעֹה כֶּן אָתְּ:</small></div><div>(<small>יט</small>) אֲדֹנִ֣י שָׁאַ֔ל אֶת־עֲבָדָ֖יו לֵאמֹ֑ר הֲיֵשׁ־לָכֶ֥ם אָ֖ב אוֹ־אָֽח׃</div><div><small>רִבּוֹנִי שְׁאִיל יָת עַבְדוֹהִי לְמֵימָר הַאִית לְכוֹן אַבָּא אוֹ אָחָא:</small></div><div>(<small>כ</small>) וַנֹּ֙אמֶר֙ אֶל־אֲדֹנִ֔י יֶשׁ־לָ֙נוּ֙ אָ֣ב זָקֵ֔ן וְיֶ֥לֶד זְקֻנִ֖ים קָטָ֑ן וְאָחִ֣יו מֵ֔ת וַיִּוָּתֵ֨ר ה֧וּא לְבַדּ֛וֹ לְאִמּ֖וֹ וְאָבִ֥יו אֲהֵבֽוֹ׃</div><div><small>וַאֲמַרְנָא לְרִבּוֹנִי אִית לָנָא אַבָּא סָבָא וּבַר סִיבְתִין זְעֵיר וְאָחוּהִי מִית וְאִשְׁתָּאַר הוּא בִּלְחוֹדוֹהִי לְאִמֵּהּ וַאֲבוּהִי רְחִים לֵהּ:</small></div><div>(<small>כא</small>) וַתֹּ֙אמֶר֙ אֶל־עֲבָדֶ֔יךָ הוֹרִדֻ֖הוּ אֵלָ֑י וְאָשִׂ֥ימָה עֵינִ֖י עָלָֽיו׃</div><div><small>וַאֲמַרְתָּ לְעַבְדָיךְ אֲחִיתוֹהִי לְוָתִי וֶאֱשַׁוֵּי עֵינִי עֲלוֹהִי:</small></div><div>(<small>כב</small>) וַנֹּ֙אמֶר֙ אֶל־אֲדֹנִ֔י לֹא־יוּכַ֥ל הַנַּ֖עַר לַעֲזֹ֣ב אֶת־אָבִ֑יו וְעָזַ֥ב אֶת־אָבִ֖יו וָמֵֽת׃</div><div><small>וַאֲמַרְנָא לְרִבּוֹנִי לָא יִכּוּל עוּלֵימָא לְמִשְׁבַּק יָת אֲבוּהִי וְאִם יִשְׁבּוֹק יָת אֲבוּהִי וּמִית:</small></div><div>(<small>כג</small>) וַתֹּ֙אמֶר֙ אֶל־עֲבָדֶ֔יךָ אִם־לֹ֥א יֵרֵ֛ד אֲחִיכֶ֥ם הַקָּטֹ֖ן אִתְּכֶ֑ם לֹ֥א תֹסִפ֖וּן לִרְא֥וֹת פָּנָֽי׃</div><div><small>וַאֲמַרְתָּ לְעַבְדָיךְ אִם לָא יֵחוֹת אֲחוּכוֹן זְעֵירָא עִמְּכוֹן לָא תוֹסְפוּן לְמֶחֱזֵי אַפָּי:</small></div>","<div>44 (18) Then Yehuda came near to him, and said, Oh my lord, let thy servant, I pray thee, speak a word in my lord’s ears, and let not thy anger burn against thy servant: for thou art even as Par῾o.</div><div>(19) My lord asked his servants, saying, Have you a father, or a brother?</div><div>(20) And we said to my lord, We have a father, an old man, and a child of his old age, a little one; and his brother is dead, and he alone is left of his mother, and his father loves him.</div><div>(21) And thou didst say to thy servants, Bring him down to me, that I may set my eyes upon him.</div><div>(22) And we said to my lord, The lad cannot leave his father: for if he should leave his father, his father would die.</div><div>(23) And thou didst say to thy servants, Unless your youngest brother comes down with you, you shall see my face no more.</div>",""
"Vayigash","חק לישראל - פרשת ויגש יום ראשון","4","","<h1><b>נביאים</b></h1>","",""
"Vayigash","חק לישראל - פרשת ויגש יום ראשון","5","Ezekiel 37:15-20","<div>לז (<small>טו</small>) וַיְהִ֥י דְבַר־יְהֹוָ֖ה אֵלַ֥י לֵאמֹֽר׃</div><div><small>וַהֲוָה פִתְגָם נְבוּאָה מִן קֳדָם יְיָ עִמִי לְמֵימָר:</small></div><div>(<small>טז</small>) וְאַתָּ֣ה בֶן־אָדָ֗ם קַח־לְךָ֙ עֵ֣ץ אֶחָ֔ד וּכְתֹ֤ב עָלָיו֙ לִֽיהוּדָ֔ה וְלִבְנֵ֥י יִשְׂרָאֵ֖ל <span class=""mam-kq-trivial"">חֲבֵרָ֑ו </span>וּלְקַח֙ עֵ֣ץ אֶחָ֔ד וּכְת֣וֹב עָלָ֗יו לְיוֹסֵף֙ עֵ֣ץ אֶפְרַ֔יִם וְכׇל־בֵּ֥ית יִשְׂרָאֵ֖ל <span class=""mam-kq-trivial"">חֲבֵרָֽו׃</span></div><div><small>וְאַתְּ בַּר אָדָם סַב לָךְ לוּחָא חֲדָא וּכְתוֹב עֲלוֹהִי לְשִׁבְטָא דִיהוּדָה וְלִבְנֵי יִשְׂרָאֵל אַחֵיהוֹן וְסַב לוּחָא חֲדָא וּכְתוֹב עֲלוֹהִי לְשִׁבְטָא דְיוֹסֵף דִי הוּא שִׁבְטָא דְאֶפְרַיִם וְכָל בֵּית יִשְׂרָאֵל אֲחֵיהוֹן:</small></div><div>(<small>יז</small>) וְקָרַ֨ב אֹתָ֜ם אֶחָ֧ד אֶל־אֶחָ֛ד לְךָ֖ לְעֵ֣ץ אֶחָ֑ד וְהָי֥וּ לַאֲחָדִ֖ים בְּיָדֶֽךָ׃</div><div><small>וְתַקְרֵיב יַתְהוֹן חַד לְוַת חַד לָךְ לְלוּחָא חַד וִיהוֹן לְחוֹד בִּידָךְ:</small></div><div>(<small>יח</small>) וְכַֽאֲשֶׁר֙ יֹאמְר֣וּ אֵלֶ֔יךָ בְּנֵ֥י עַמְּךָ֖ לֵאמֹ֑ר הֲלֽוֹא־תַגִּ֥יד לָ֖נוּ מָה־אֵ֥לֶּה לָּֽךְ׃</div><div><small>וְכַד יֵימְרוּן לָךְ בְּנֵי עַמָךְ לְמֵימָר הֲלָא תְחַוֵי לָנָא מָה אִלֵין לָךְ:</small></div><div>(<small>יט</small>) דַּבֵּ֣ר אֲלֵהֶ֗ם כֹּה־אָמַר֮ אֲדֹנָ֣י יֱהֹוִה֒ הִנֵּה֩ אֲנִ֨י לֹקֵ֜חַ אֶת־עֵ֤ץ יוֹסֵף֙ אֲשֶׁ֣ר בְּיַד־אֶפְרַ֔יִם וְשִׁבְטֵ֥י יִשְׂרָאֵ֖ל <span class=""mam-kq-trivial"">חֲבֵרָ֑ו </span>וְנָתַתִּי֩ אוֹתָ֨ם עָלָ֜יו אֶת־עֵ֣ץ יְהוּדָ֗ה וַֽעֲשִׂיתִם֙ לְעֵ֣ץ אֶחָ֔ד וְהָי֥וּ אֶחָ֖ד בְּיָדִֽי׃</div><div><small>אִתְנַבֵּי לְהוֹן כִּדְנַן אֲמַר יְיָ אֱלֹהִים הָא אֲנָא מְקָרִיב יַת שִׁבְטָא דְיוֹסֵף דִי הוּא שִׁבְטָא דְאֶפְרַיִם וְשִׁבְטֵי יִשְׂרָאֵל אֲחֵיהוֹן וַאֲחַבֵּיר יַתְהוֹן עֲלוֹהִי יַת שִׁבְטָא דִיהוּדָה וְאַעְבְּדִינוּן לְעַמָא חַד וִיהוֹן חַד קֳדָמָי:</small></div><div>(<small>כ</small>) וְהָי֨וּ הָעֵצִ֜ים אֲֽשֶׁר־תִּכְתֹּ֧ב עֲלֵיהֶ֛ם בְּיָדְךָ֖ לְעֵינֵיהֶֽם׃</div><div><small>וִיהוֹן לוּחַיָא דִי תִכְתּוֹב עֲלֵיהוֹן בִּידָךְ לְעֵינֵיהוֹן:</small></div>","<div>37 (15) And the word of the Lord came to me saying,</div><div>(16) And thou, son of man, take thee one stick, and write upon it. For Yehuda, and for the children of Yisra᾽el his companions: then take another stick and write upon it. For Yosef, the stick of Efrayim, and for all the house of Yisra᾽el his companions:</div><div>(17) and join them one to the other to make one stick; and they shall become one in thy hand.</div><div>(18) And when the children of thy people shall speak to thee, saying, Wilt thou not tell us what thou meanest by these?</div><div>(19) say to them, Thus says the Lord God; Behold I will take the stick of Yosef, which is in the hand of Efrayim, and the tribes of Yisra᾽el his companions, and will put them and it together with the stick of Yehuda to form one stick, and they shall be one in my hand.</div><div>(20) And the sticks on which thou writest shall be in thy hand before their eyes.</div>",""
"Vayigash","חק לישראל - פרשת ויגש יום ראשון","6","","<h1><b>כתובים</b></h1>","",""
"Vayigash","חק לישראל - פרשת ויגש יום ראשון","7","Proverbs 10:5-10","<div>י (<small>ה</small>) אֹגֵ֣ר בַּ֭קַּיִץ בֵּ֣ן מַשְׂכִּ֑יל נִרְדָּ֥ם בַּ֝קָּצִ֗יר בֵּ֣ן מֵבִֽישׁ׃</div><div><small>דְפָלֵיחַ בְּקַיְטָא בְּרָא סוּכְלְתָנָא הוּא וּדְדָמֵיךְ בְּחַצְדָא בְּרָא הוּא מְבַהֲתָנָא:</small></div><div>(<small>ו</small>) בְּ֭רָכוֹת לְרֹ֣אשׁ צַדִּ֑יק וּפִ֥י רְ֝שָׁעִ֗ים יְכַסֶּ֥ה חָמָֽס׃</div><div><small>בִּרְכְּתָא תֶהֶוְיָן עַל רֵישֵׁי דְצַדִיקַיָא וּבְפוּמְהוֹן דְרַשִׁיעֵי נְכַסֵי חֲטוֹפָא:</small></div><div>(<small>ז</small>) זֵ֣כֶר צַ֭דִּיק לִבְרָכָ֑ה וְשֵׁ֖ם רְשָׁעִ֣ים יִרְקָֽב׃</div><div><small>דוּכְרָנָא דְצַדִיקֵי בִּרְכְתָא וּשְׁמָא דְרַשִׁיעֵי נִדְעָךְ:</small></div><div>(<small>ח</small>) חֲכַם־לֵ֭ב יִקַּ֣ח מִצְוֺ֑ת וֶאֱוִ֥יל שְׂ֝פָתַ֗יִם יִלָּבֵֽט׃</div><div><small>דְחַכִּים לִבֵּיהּ יְקַבֵּל פּוּקְדָנָא וְסַכְלָא בְּשִׂפְוָתֵיהּ מִתְאֲחֵד:</small></div><div>(<small>ט</small>) הוֹלֵ֣ךְ בַּ֭תֹּם יֵ֣לֶךְ בֶּ֑טַח וּמְעַקֵּ֥שׁ דְּ֝רָכָ֗יו יִוָּדֵֽעַ׃</div><div><small>דִמְהַלֵךְ בִּתְמִימוּתָא נֵיזֵל בְּסַעֲדָא וְדִמְעַקְמָן אוֹרְחָתֵיהּ נִתְיְדָע:</small></div><div>(<small>י</small>) קֹ֣רֵֽץ עַ֭יִן יִתֵּ֣ן עַצָּ֑בֶת וֶאֱוִ֥יל שְׂ֝פָתַ֗יִם יִלָּבֵֽט׃</div><div><small>דְרָמֵז בְּעַיְנוֹהִי יָהֵב כְּאֵבָא וְסַלִיף בְּשִׂפְוָתֵיהּ מִתְאֲחֵד:</small></div>","<div>10 (5) He that gathers in summer is a wise son: but a son that sleeps in harvest brings shame.</div><div>(6) Blessings are upon the head of the just: but violence covers the mouth of the wicked.</div><div>(7) The memory of the just is blessed: but the name of the wicked shall rot.</div><div>(8) The wise in heart will receive commandments: but a prating fool shall be punished.</div><div>(9) He that walks uprightly walks surely: but he that perverts his ways shall be found out.</div><div>(10) He that winks with the eye causes sorrow: and a prating fool shall fall.</div>",""
"Vayigash","חק לישראל - פרשת ויגש יום ראשון","8","","<h1><b>משנה</b></h1>","",""
"Vayigash","חק לישראל - פרשת ויגש יום ראשון","9","Mishnah Peah 2","<div>א. וְאֵלּוּ מַפְסִיקִין לַפֵּאָה. הַנַּחַל, וְהַשְּׁלוּלִית, וְדֶרֶךְ הַיָּחִיד, וְדֶרֶךְ הָרַבִּים, וּשְׁבִיל הָרַבִּים, וּשְׁבִיל הַיָּחִיד הַקָּבוּעַ בִּימוֹת הַחַמָּה וּבִימוֹת הַגְּשָׁמִים, וְהַבּוּר, וְהַנִּיר, וְזֶרַע אַחֵר. וְהַקּוֹצֵר לְשַׁחַת מַפְסִיק, דִּבְרֵי רַבִּי מֵאִיר. וַחֲכָמִים אוֹמְרִים, אֵינוֹ מַפְסִיק, אֶלָּא אִם כֵּן חָרָשׁ: 
</div><div>ב. אַמַּת הַמַּיִם שֶׁאֵינָהּ יְכוֹלָה לְהִקָּצֵר כְּאַחַת, רַבִּי יְהוּדָה אוֹמֵר, מַפְסֶקֶת. וְכֹל הֶהָרִים אֲשֶׁר בַּמַּעְדֵּר יֵעָדֵרוּן, אַף עַל פִּי שֶׁאֵין הַבָּקָר יָכוֹל לַעֲבֹר בְּכֵלָיו, הוּא נוֹתֵן פֵּאָה לַכֹּל: 
</div><div>ג. הַכֹּל מַפְסִיק לַזְּרָעִים, וְאֵינוֹ מַפְסִיק לָאִילָן אֶלָּא גָדֵר. וְאִם הָיָה שֵׂעָר כּוֹתֵשׁ, אֵינוֹ מַפְסִיק, אֶלָּא נוֹתֵן פֵּאָה לַכֹּל: 
</div><div>ד. וְלֶחָרוּבִין, כָּל הָרוֹאִין זֶה אֶת זֶה. אָמַר רַבָּן גַּמְלִיאֵל, נוֹהֲגִין הָיוּ בֵּית אַבָּא, נוֹתְנִין פֵּאָה אַחַת לַזֵּיתִים שֶׁהָיוּ לָהֶם בְּכָל רוּחַ, וְלֶחָרוּבִין, כָּל הָרוֹאִין זֶה אֶת זֶה. רַבִּי אֱלִיעֶזֶר בְּרַבִּי צָדוֹק אוֹמֵר מִשְּׁמוֹ, אַף לֶחָרוּבִין שֶׁהָיוּ לָהֶם בְּכָל הָעִיר: 
</div><div>ה. הַזּוֹרֵעַ אֶת שָׂדֵהוּ מִין אֶחָד, אַף עַל פִּי שֶׁהוּא עוֹשֵׂהוּ שְׁתֵּי גְרָנוֹת, נוֹתֵן פֵּאָה אַחַת. זְרָעָהּ שְׁנֵי מִינִין, אַף עַל פִּי שֶׁעֲשָׂאָן גֹּרֶן אַחַת, נוֹתֵן שְׁתֵּי פֵאוֹת. הַזּוֹרֵעַ אֶת שָׂדֵהוּ שְׁנֵי מִינֵי חִטִּין, עֲשָׂאָן גֹּרֶן אַחַת, נוֹתֵן פֵּאָה אַחַת. שְׁתֵּי גְרָנוֹת, נוֹתֵן שְׁתֵּי פֵאוֹת: 
</div><div>ו. מַעֲשֶׂה שֶׁזָּרַע רַבִּי שִׁמְעוֹן אִישׁ הַמִּצְפָּה לִפְנֵי רַבָּן גַּמְלִיאֵל, וְעָלוּ לְלִשְׁכַּת הַגָּזִית וְשָׁאָלוּ. אָמַר נַחוּם הַלַּבְלָר, מְקֻבָּל אֲנִי מֵרַבִּי מְיָאשָׁא, שֶׁקִּבֵּל מֵאַבָּא, שֶׁקִּבֵּל מִן הַזּוּגוֹת, שֶׁקִּבְּלוּ מִן הַנְּבִיאִים, הֲלָכָה לְמשֶׁה מִסִּינַי, בְּזוֹרֵעַ אֶת שָׂדֵהוּ שְׁנֵי מִינֵי חִטִּין, אִם עֲשָׂאָן גֹּרֶן אַחַת, נוֹתֵן פֵּאָה אַחַת. שְׁתֵּי גְרָנוֹת, נוֹתֵן שְׁתֵּי פֵאוֹת: 
</div><div>ז. שָׂדֶה שֶׁקְּצָרוּהָ כּוּתִים, קְצָרוּהָ לִסְטִים, קִרְסְמוּהָ נְמָלִים, שְׁבָרַתָּהּ הָרוּחַ אוֹ בְהֵמָה, פְּטוּרָה. קָצַר חֶצְיָהּ וְקָצְרוּ לִסְטִים חֶצְיָהּ, פְּטוּרָה, שֶׁחוֹבַת הַפֵּאָה בַּקָּמָה: 
</div><div>ח. קְצָרוּהָ לִסְטִים חֶצְיָהּ וְקָצַר הוּא חֶצְיָהּ, נוֹתֵן פֵּאָה מִמַּה שֶּׁקָּצָר. קָצַר חֶצְיָהּ וּמָכַר חֶצְיָהּ, הַלּוֹקֵחַ נוֹתֵן פֵּאָה לַכֹּל. קָצַר חֶצְיָהּ וְהִקְדִּישׁ חֶצְיָהּ, הַפּוֹדֶה מִיַּד הַגִּזְבָּר, הוּא נוֹתֵן פֵּאָה לַכֹּל: 
</div>","<div>1. The following divide a field for peah: a stream, a pool, a private road, a public road, a public path, a private path in constant use in summer and the rainy season, fallow land, a plowed field and a different seed. One who harvested for animal fodder, [the plot] serves divides, the words of Rabbi Meir. But the sages say: it does not stop for peah unless it is plowed.</div><div>2. A water channel that makes harvesting [on one side] impossible [while standing on the other side], Rabbi Judah says: it divides. But all of the hills that can be tilled with a hoe, even though cattle cannot pass over it in with their equipment, [is regarded as part of the field] he gives one peah from it all.</div><div>3. All of these divide in the case of a field [planted] with seeds, but in the case of trees nothing divides except a fence. Should the branches intertwine [on top of the fence], then it does not divide and he gives one peah for the whole field.</div><div>4. As for carob trees, [they are not divided] as long as they see one another. Rabban Gamaliel said: we had this custom in the house of my father. We would give separate peah from the olive trees in each direction and [one peah] for all the carob trees that saw one another. Rabbi Elazar bar Zadok said in his name: also for the carob trees they had in the whole city [they only gave one peah].</div><div>5. He who plants his field with one kind of seed, even though he makes up of it two threshing-floors, he gives only one peah [for the lot]. If he plants it of two kinds, even though he makes up of it one threshing-floor, he must give two peahs. One who plants his field with two species of wheat: If he makes up of it one threshing-floor, he gives only one peah; But if two threshing-floors, he gives two peahs.</div><div>6. It happened that Rabbi Shimon of Mitzpah planted his field [with two different kinds] and came before Rabban Gamaliel. They both went up to the Chamber of Hewn Stone and asked [about the law]. Nahum the scribe said: I have a tradition from Rabbi Meyasha, who received it from Abba, who received it from the pairs [of sages], who received it from the prophets, a halakhah of Moses from Sinai, that one who plants his field with two species of wheat, if he makes up of it one threshing-floor, he gives only one peah, but if two threshing-floors, he gives two peahs.</div><div>7. A field harvested by gentiles, or harvested by robbers, or which ants have bitten [the stalks at the roots], or which wind and cattle have broken down, is exempt from peah. If [the owner] harvested half of it and robbers harvested half, it is exempt from peah, for the obligation of peah is in the standing grain.</div><div>8. If robbers harvested half and the owner the other half, he gives peah from what he has harvested. If he harvested half and sold the other half, then the purchaser must give peah for the whole. If he harvested half and dedicated the other half, then he who redeems it from the Temple treasurer must give peah for the whole.</div>",""
"Vayigash","חק לישראל - פרשת ויגש יום ראשון","10","","<h1><b>גמרא</b></h1>","",""
"Vayigash","חק לישראל - פרשת ויגש יום ראשון","11","Berakhot 5b:21-6a:1","תַּנְיָא אַבָּא בִּנְיָמִין אוֹמֵר עַל שְׁנֵי דְבָרִים הָיִיתִי מִצְטָעֵר כָּל יָמַי עַל תְּפִלָּתִי שֶׁתְּהֵא לִפְנֵי מִטָּתִי וְעַל מִטָּתִי שֶׁתְּהֵא נְתוּנָה בֵּין צָפוֹן לְדָרוֹם. עַל תְּפִלָּתִי שֶׁתְּהֵא לִפְנֵי מִטָּתִי. מַאי לִפְנֵי מִטָּתִי אִילֵימָא לִפְנֵי מִטָּתִי מַמָּשׁ וְהָאָמַר רַב יְהוּדָה אָמַר רַב וְאִי תֵּימָא רִבִּי יְהוֹשֻׁעַ בֶּן לֵוִי מְנַיִן לְמִתְפַּלֵּל שֶׁלֹּא יְהֵא דָבָר חוֹצֵץ בֵּינוֹ לְבֵין הַקִּיר שֶׁנֶּאֱמַר (ישעי' ל''ח) וַיַּסֵּב חִזְקִיָּהוּ פָנָיו אֶל הַקִּיר וַיִּתְפַּלֵּל לֹא תֵּימָא לִפְנֵי מִטָּתִי אֶלָא אֵימָא סָמוּךְ לְמִטָתִי. וְעַל מִטָּתִי שֶׁתְּהֵא נְתוּנָה בֵּין צָפוֹן לְדָרוֹם דְאָמַר רִבִּי חָמָא בְּרִבִּי חֲנִינָא אָמַר רִבִּי יִצְחָק כָּל הַנּוֹתֵן מִטָּתוֹ בֵּין צָפוֹן לְדָרוֹם הַוְיָין לֵיהּ בָּנִים זְכָרִים שֶׁנֶּאֱמַר (תהלים י''ז) וּצְפוּנְךָ תְּמַלֵּא בִטְנָם יִשְׂבְּעוּ בָנִים. רַב נַחְמָן בַּר יִצְחָק אָמַר אַף אֵין אִשְׁתּוֹ מַפֶּלֶת נְפָלִים כְּתִיב הָכָא וצְפוּנְךָ תְּמַלֵּא בִטְנָם. וּכְתִיב הָתָם וַיִּמְלְאוּ יָמֶיהָ לָלֶדֶת וְהִנֵּה תוֹמִים בְּבִטְנָהּ. תַּנְיָא אַבָּא בִּנְיָמִין אוֹמֵר שְׁנַיִם שֶׁנִּכְנְסוּ לְהִתְפַּלֵּל וְקָדַם אֶחָד מֵהֶם לְהִתְפַּלֵּל וְלֹא הִמְתִּין אֶת חֲבֵירוֹ וְיָצָא טוֹרְפִין לוֹ תְּפִלָּתוֹ בְּפָנָיו. שֶׁנֶּאֱמַר (איוב י''ח) טוֹרֵף נַפְשׁוֹ בְּאַפּוֹ הַלְמַעַנְךָ תֵּעָזֵב אָרֶץ. וְלֹא עוֹד אֶלָּא שֶׁגּוֹרֵם לִשְׁכִינָה שֶׁתִּסְתַּלֵּק מִיִּשְׂרָאֵל שֶׁנֶּאֱמַר (שם) וְיֶעְתַּק צוּר מִמְּקוֹמוֹ וְאֵין צוּר אֶלָּא הַקָּדוֹשׁ בָּרוּךְ הוּא שֶׁנֶּאֱמַר (דברים ל''ב) צוּר יְלָדְךָ תֶּשִׁי. וְאִם הִמְתִּין לוֹ מַה שְׂכָרוֹ אָמַר רִבִּי יוֹסֵי בְּרִבִּי חֲנִינָא זוֹכֶה לִבְרָכוֹת הַלָּלוּ שֶׁנֶּאֱמַר (ישעי' מ''ח) לוּא הִקְשַׁבְתָּ לְמִצְוֹתָי. וַיְהִי כַנָּהָר שְׁלוֹמֶךָ וְצִדְקָתְךָ כְּגַלֵּי הַיָם. וַיְהִי כַחוֹל זַרְעֶךָ וְצֶאֱצָאֵי מֵעֶיךָ וְגוֹ':","<div>The Gemara returns to the topic of prayer. <b>It was taught</b> in a <i>baraita</i> that the <i>tanna</i> <b>Abba Binyamin</b> would <b>say: All of my life I have taken great pains with regard to two things: That my prayer should be before my bed and that my bed should be placed north to south.</b> Abba Binyamin’s statement requires explanation. With regard to his statement: <b>That my prayer should be before my bed,</b> the Gemara asks, <b>what does before my bed</b> mean? <b>If you say</b> that it <b>literally</b> means that he would stand <b>before his bed</b> and pray, it is difficult, as <b>Rav Yehuda said</b> that <b>Rav said, and some say</b> that <b>Rabbi Yehoshua ben Levi</b> said: <b>From where</b> is it derived <b>that one who prays should have nothing separating between him and the wall? As it is stated: “And Hezekiah turned to face the wall and prayed”</b> (Isaiah 38:2), in order to facilitate his concentration during prayer. That being said, why would Abba Binyamin pray before his bed? Rather, <b>do not say</b> that <b>before my bed</b> refers to where he stood during prayer, but <b>rather, say</b> that he prayed <b>adjacent to</b> the time that he would retire to <b>bed;</b> he was careful to recite <i>Shema</i> and recite the evening prayer just before going to sleep (Rabbeinu Ḥananel).</div><div>Abba Binyamin’s statement: <b>And my bed should be placed north to south</b> was in deference to the Divine Presence, which rests between east and west, the direction of the Temple; as the Holy of Holies was to the west, while the main entrance was to the east. Therefore, the Sages were careful not to perform actions inconsistent with that sanctity while facing east to west; and, therefore, Abba Binyamin was careful not to sleep in a bed that faced east to west.</div><div>In praise of that stringency, the Sages added that <b>Rabbi Ḥama said</b> that <b>Rabbi Ḥanina said</b> that <b>Rabbi Yitzḥak said: One who places his bed facing north to south will</b> be rewarded with <b>male children, as it is stated: “And whose belly You fill with Your treasure [<i>utzfunekha</i>], who have sons in plenty</b> and leave their abundance to their babies” (Psalms 17:14). This verse indicates that one who sets his bed facing north will be rewarded with sons in plenty, as north [<i>tzafon</i>] is etymologically similar to Your treasure [<i>tzfunekha</i>].</div><div><b>Rav Naḥman bar Yitzḥak said: Moreover, his wife will not miscarry.</b> From where do we derive this? <b>It is written here: “And whose belly You fill [<i>temaleh</i>] with Your treasure,” and it is written there,</b> concerning Rebecca’s pregnancy: <b>“And her time to give birth was fulfilled [<i>vayimle’u</i>] and there were twins in her belly”</b> (Genesis 25:24), consequently: You fill with Your treasure refers to a pregnancy that proceeds without complication.</div><div>Another of Abba Binyamin’s statements with regard to the laws of prayer <b>was taught</b> in a <i>baraita</i>: <b>Abba Binyamin says: If two</b> people <b>enter</b> a synagogue outside of the city <b>in order to pray, and one began praying before</b> the other <b>and did not wait for the other</b> person to complete his prayer, <b>and left</b> him alone in the synagogue, <b>his prayer is thrown back in his face.</b> Because he left the other person alone and caused him to be distracted during his prayer, his own prayer is thrown back in his face, <b>as it is stated: “You who throw your soul in your face, for your sake will the earth be forsaken?</b> The Rock will be moved from its place” (Job 18:4). This verse indicates that one who left the other person alone effectively causes his soul, as prayer is the outpouring of the soul before God, to be thrown in his face. God says to that person: For your sake, do you think because you left, the earth will be forsaken, that God will leave the world and the prayer of the other person will go unheard?</div><div><b>Not only that, but it causes the Divine Presence to remove itself from Israel, as it is stated</b> in the continuation of the verse: <b>“The Rock will be moved from its place.”</b> The rock, God, is forced to remove His presence. <b>And Rock means nothing other than the Holy One, Blessed be He, as it is stated: “Of the Rock that gave birth to you, you have been unmindful,</b> and you have forgotten God Who bore you” (Deuteronomy 32:18).</div><div><b>And if he waits for him</b> in the synagogue, what is his reward? Is his reward proportionate to the punishment received by one who failed to do so?</div><div>In terms of this reward, <b>Rabbi Yosei, son of Rabbi Ḥanina said:</b> One who waits in the synagogue for the other to finish his prayer <b>merits the following blessings, as it is stated: “If only you had listened to My mitzvot then your peace would be as a river, and your righteousness as the waves of the sea. Your seed would be as the sand, and the offspring of your body</b> like the grains thereof; his name would be neither cut off nor destroyed from before Me” (Isaiah 48:18–19). The explanation of this passage is based on the etymological similarity between the word mitzva and the word <i>tzevet</i>, which means group. If he keeps the other person company and does not abandon him after his prayer, all of the blessings that appear later in the verse will be fulfilled in him (<i>Talmidei Rabbeinu Yona</i>).</div>",""
"Vayigash","חק לישראל - פרשת ויגש יום ראשון","12","","<h1><b>זוהר</b></h1>","",""
"Vayigash","חק לישראל - פרשת ויגש יום ראשון","13","Zohar, Vayigash 5","רַבִּי יְהוּדָה וְרַבִּי יוֹסֵי אִעַרְעוּ בִּכְפַר חָנָן, עַד דַּהֲווּ יַתְבֵי בֵּי אוּשְׁפִּיזַיְהוּ, אָתָא חַד בַּר נַשׁ, וְחַד מְּטוּלָא דְּחַמְרָא קַמֵּיהּ וְעָאל בְּבֵיתָא. אַדְּהָכִי אָמַר רַבִּי יְהוּדָה לְרַבִּי יוֹסֵי הָא תַּנֵינָן דְּדָוִד מַלְכָּא הֲוָה מִתְנַמְנֵם כְּסוּס וְשִׁינְתֵּיהּ זְעִיר, הֵיךְ הֲוָה קָם בְּפַלְגוּת לֵילְיָא הַאי שִׁיעוּרָא זָעִיר אִיהוּ וְלָא הֲוָה אִתְּעַר אֲפִילוּ בִּתְּלַתּוּת לֵילְיָא. אָמַר לֵיהּ בְּשַׁעְתָּא דְּעָאל לֵילְיָא הֲוָה יָתִיב עִם כָּל רַבְרְבֵי בֵּיתֵיהּ, וְדָּאִין דִּינָא וְעָסִיק בְּמִלֵּי דְּאוֹרַיְיתָא וּלְבָתַר הֲוָה נָאִים שִׁנְּתֵּיהּ עַד פַּלְגּוּת לֵילְיָא, וְקָם בְּפַלְגוּת לֵילְיָא וְאִתְּעַר וְאֶשְׁתַּדֵּל בְּפוּלְחָנָא דְּמָארֵיהּ בְּשִׁירִין וְתוּשְׁבְּחָן. אַדְּהָכֵי אָמַר הַהוּא בַּר נַשׁ וְכִי הַאי מִלָּה דְּקָאַמְרִיתּוּ, הָכֵי הוּא רָזָא דְּמִלָּה הָכָא, דְּהָא דָּוִד מַלְכָּא חַי וְקַיָּם לְעָלַם וּלְעָלְמֵי עָלְמִין, וְדָוִד מַלְכָּא הֲוָה נָטִיר כָּל יוֹמֵי דְּלָא יִטְעַם טַעַם מִיתָה, בְּגִין דְּשִׁינְתָּא חַד מִשִׁיתִין בְּמִיתָה אִיהוּ, וְדָוִד בְּגִין דּוּכְתֵּיהּ דְּאִיהוּ חַי, לָא הֲוָה נָאִים אֶלָּא שִׁיתִין נִשְׁמֵּי דְּעַד שִׁיתִין נִשְׁמֵּי חָסַר חַד, אִיהוּ חַי, מִתַּמָּן וּלְהָלְאָה טָעִים בַּר נַשׁ טַעְמָא דְמוֹתָא, וְשַׁלִּיט בֵּיהּ סִטְרָא דְּרוּחַ מְסַאֲבָא, וְדָא הֲוָה נָטִיר דָּוִד מַלְכָּא, דְּלָא יִטְעַם טַעְמָא דְמוֹתָא, וְלָא יִשְׁלוֹט בֵּיהּ סִטְרָא דְּרוּחָא אַחְרָא. בְּגִין דְּשִׁיתִין נִשְׁמֵּי חָסַר חַד אִיהוּ רָזָא דְּחַיִּים דִּלְעֵילָא, עַד שִׁיתִין נִשְׁמֵּי דְּאִנּוּן שִׁיתִין (ד''א ל''ג חסר חד אינהו) נִשְׁמֵּי עִילָּאִין וְאִלֵּין רָזָא דִּילְהוֹן דְּתַלְיָין בְּהוֹן חַיֵּי וּמִכָּאן וּלְתַתָּא רָזָא דְמוֹתָא הוּא. וְעַל דָּא דָּוִד מַלְכָּא הֲוָה מְשַׁעֵר שִיעוּרָא דְּלֵילְיָא בְּגִין דְיִּתְקַיֵּים בַּחַיִּים דְּלָא יִשְׁלוֹט בֵּיהּ טַעְמָא דְמוֹתָא. וְכַּד אִתְפְּלִיג לֵילְיָא הֲוָה מִתְּקַיֵּים בְּאַתְרֵיהּ, בְּגִין דְּכַד אִתְּעַר פַּלְגוּ לֵילְיָא וְכִתְרָא קַדִּישָׁא אִתְּעַר בָּעָא דְּלָא לְאַשְׁכְּחָא לֵיהּ לְדָוִד מִתְקַשֵּׁר בַּאֲתַר אָחֳרָא, בַּאֲתַר דְמוֹתָא, בְּגִין דְּכַד אִתְפְּלִיג לֵילְיָא, וּקְדוּשָׁה עִלָּאָה אִתְּעַר וּבַר נַשׁ דְּנָאִים בְּעַרְסֵיהּ לָא אִתְּעַר לְאַשְׁגָחָא בִּיְקָרָא דְּמָרֵיהּ, הָא אִיהוּ אִתְקַשֵׁר בְּרָזָא דְמוֹתָא, וּמִתְדַּבֵּק בַּאֲתַר אָחֳרָא. וְעַל דָּא דָּוִד מַלְכָּא הֲוָה קָאִים לְאַשְׁגָחָא בִּיְקָרָא דְּמָרֵיהּ תָּדִיר, חַי לְגַבֵּי חַי, וְלָא נָאִים בְּשִׁינְתָּא לְטַּעְמָא טַעְמָא דְמוֹתָא. וּבְגִין כַּךְ הֲוָה מִתְנַמְנֵם כְּסוּס שִׁיתִין נִשְׁמֵּי, וְלָא בִּשְׁלִימוּ. אֲתוּ רַבִּי יְהוּדָה וְרַבִּי יוֹסֵי וְנָשְׁקוּהוּ, אָמְרוּ לֵיהּ מַה שְּׁמָךְ, אָמַר לְהוֹן חִזְקִיָּהוּ, אָמְרוּ לֵיהּ יִּתְיַישֵׁר חֵילָךְ וְיַּתְּקֵף אוֹרַיְיתָךְ.","",""
"Vayigash","חק לישראל - פרשת ויגש יום ראשון","14","","רַבִּי יְהוּדָה וְרַבִּי יוֹסֵי נִפְגְּשׁוּ בִּכְפָר חָנָן, בְּעוֹד שֶׁהָיוּ יוֹשְׁבִים בְּמָלוֹנָם, בָּא אָדָם אֶחָד, וּמַשָּׂא חֲמוֹר אֶחָד לְפָנָיו, וְנִכְנָס לַבַּיִת. בְּתוֹךְ כָּךְ, אָמַר רַבִּי יְהוּדָה לְרַבִּי יוֹסֵי, הֲרֵי לָמַדְנוּ, שֶׁדָּוִד הַמֶּלֶךְ הָיָה נָם כַּסּוּס וּשְׁנָתוֹ מוּעֶטֶת. וְאִם כֵּן, אֵיךְ הָיָה קָם בַּחֲצוֹת לַיְלָה, הֲרֵי שִׁיעוּר הַזֶּה, שִׁשִּׁים נְשִׁימוֹת שֶׁל שְׁנַת הַסּוּס, מְעָט הוּא, וְלֹא הָיָה מֵקִיץ אֲפִלּוּ בִּשְׁלִישׁ לַיְלָה. אָמַר לֵיהּ בְּשָׁעָה שֶׁבָּא לַיְלָה הָיָה יוֹשֵׁב עִם כָּל גְּדוֹלֵי בֵּיתוֹ וְדָן דִּינִים, וְעָסַק בְּדִבְרֵי תּוֹרָה, וְאַחַר כָּךְ הָיָה יָשֵׁן אֶת שְׁנָתוֹ עַד חֲצוֹת לַיְלָה, וְקָם בַּחֲצוֹת לַיְלָה, וְהִתְעוֹרֵר וְעָסַק בַּעֲבוֹדַת רִבּוֹנוֹ בְּשִׁירוֹת וְתִשְׁבָּחוֹת. בְּתוֹךְ זֶה אָמַר אוֹתוֹ אָדָם, וְכִי כָּךְ הוּא דָּבָר זֶה שֶׁאֲמַרְתֶּם, סוֹד הַדָּבָר הוּא כָּאן, כִּי דָּוִד הַמֶּלֶךְ הוּא חַי וְקַיָּם לְעוֹלָם וּלְעוֹלְמֵי עוֹלָמִים, וְדָוִד הַמֶּלֶךְ הָיָה שׁוֹמֵר עַצְמוֹ כָּל יָמָיו שֶׁלֹּא יִטְעֹם טַעַם מִיתָה, מִשּׁוּם שֶׁשֵּׁנָה הוּא אֶחָד מִשִּׁשִּׁים בַּמִּיתָה, וְדָוִד, מִשּׁוּם מְקוֹמוֹ, שֶׁהוּא חַי, לֹא יָשַׁן אֶלָּא שִׁשִּׁים נְשִׁימוֹת חָסֵר אֶחָד הוּא חַי, מִשָּׁם וּלְהָלְאָה, טוֹעֵם הָאָדָם טַעַם הַמָּוֶת, וְשׁוֹלֵט עָלָיו הַצַד שֶׁל רוּחַ הַטּוּמְאָה. וְזֶה שֶׁהָיָה דָּוִד הַמֶּלֶךְ שׁוֹמֵר אֶת עַצְמוֹ שֶׁלֹּא יִטְעַם טַעַם הַמָּוֶת, וְלֹא יִשְׁלוֹט עָלָיו הַצַד שֶׁל רוּחַ הָאַחֵר, מִשּׁוּם שֶׁשִּׁשִּׁים נְשִׁימוֹת חָסֵר אַחַת, הוּא סוֹד, שֶׁהַחַיִּים שֶׁלְּמַעְלָה, עַד שִׁשִּׁים נְשִׁימוֹת הֵן שִׁשִּׁים נְשִׁימוֹת עֶלְיוֹנוֹת, וְסוֹדָם שֶׁל אֵלּוּ, הוּא, שֶׁהַחַיִּים תְּלוּיִם בָּהֶם, וּמִכָּאן וּלְמַטָּה הוּא סוֹד הַמָּוֶת. וְעַל כֵּן הָיָה דָּוִד הַמֶּלֶךְ מְשַׁעֵר הַשִּׁעוּר שֶׁל הַלַּיְלָה, עַד חֲצוֹת, כְּדֵי שֶׁיִּתְקַיֵּם בַּחַיִּים, וְלֹא יִשְׁלוֹט עָלָיו טַעַם הַמָּוֶת. וּכְשֶׁנֶּחֱצָה הַלַּיְלָה הָיָה דָּוִד מִתְקַיֵּם בִּמְקוֹמוֹ, כִּי כְּשֶׁנִּתְעוֹרֵר חֲצוֹת לַיְלָה, וְכֶתֶר הַקָּדוֹשׁ נִתְעוֹרֵר, צָרִיךְ שֶׁלֹּא יִמְצָא אֶת דָּוִד מִתְקַשֵּׁר בְּמָקוֹם אַחֵר, בְּמָקוֹם הַמָּוֶת. מִשּׁוּם כְּשֶׁנֶּחֱצָה הַלַּיְלָה, וּקְדֻשָּׁה הָעֶלְיוֹנָה נִתְעוֹרֵר, וְאָדָם הַיָּשֵׁן בְּמִטָּתוֹ אֵינוֹ מִתְעוֹרֵר, לְהַשְׁגִּיחַ בִּכְבוֹד רִבּוֹנוֹ, הֲרֵי הוּא מִתְקַשֵּׁר בְּסוֹד הַמָּוֶת, וּמִתְדַבֵּק בְּמָקוֹם אַחֵר, וְעַל כֵּן הָיָה קָם תָּמִיד דָּוִד הַמֶּלֶךְ בַּחֲצוֹת לַיְלָה, לְהַשְׁגִּיחַ בִּכְבוֹד רִבּוֹנוֹ חַי אֵצֶל חַי, וְלֹא נָם בִּשְׁנָתוֹ עַד לִטְעֹם טַעַם הַמָּוֶת, וּמִשּׁוּם זֶה הָיָה נָם כַּסּוּס שִׁשִּׁים נְשִׁימוֹת וְלֹא בִּשְׁלֵמוּת, שֶׁהָיוּ חֲסֵרִים אַחַת. בָּאוּ רַבִּי יְהוּדָה וְרַבִּי יוֹסֵי וְנָשְׁקוּ אוֹתוֹ, אָמְרוּ לוֹ מַה שִּׁמְךְ. אָמַר לָהֶם חִזְקִיָּהוּ, אָמְרוּ לוֹ יִתְיַשֵּׁר כֹּחֲךְ וְיִתְחַזֵּק בְּתוֹרָתֶךְ.","",""
"Vayigash","חק לישראל - פרשת ויגש יום ראשון","15","","<h1><b>הלכה פסוקה</b></h1>","",""
"Vayigash","חק לישראל - פרשת ויגש יום ראשון","16","Mishneh Torah, Repentance 1:1","<div><b>א. </b>כָּל מִצְוֹת שֶׁבַּתּוֹרָה בֵּין עֲשֵׂה וּבֵין לֹא תַעֲשֶׂה אִם עָבַר אָדָם עַל אַחַת מֵהֶן בֵּין בְּזָדוֹן בֵּין בִּשְׁגָגָה כְּשֶׁיַּעֲשֶׂה תְּשׁוּבָה וְיָשׁוּב מֵחֶטְאוֹ חַיָּיב לְהִתְוַדּוֹת לִפְנֵי הָאֵל בָּרוּךְ הוּא שֶׁנֶּאֱמַר (במדבר ה') אִישׁ אוֹ אִשָּׁה כִּי יַעֲשׂוּ וְגוֹ' וְהִתְוַדּוּ אֶת חַטָּאתָם אֲשֶׁר עָשׂוּ זֶה וִדּוּי דְּבָרִים. וִדּוּי זֶה מִצְוַת עֲשֵׂה:</div><div><b>ב. </b>כֵּיצַד מִתְוַדִּין אוֹמֵר אָנָּא הַשֵּׁם חָטָאתִי עָוִיתִי פָּשַׁעְתִּי לְפָנֶיךָ וְעָשִׂיתִי כָּךְ וְכָךְ וַהֲרֵי נִחַמְתִּי וּבוֹשְׁתִּי מִמַּעֲשַׂי וּלְעוֹלָם אֵינִי חוֹזֵר לַדָבָר זֶה וְזֶהוּ עִיקְרוֹ שֶׁל וִדּוּי וְכָל הַמַּרְבֶּה לְהִתְוַדּוֹת וּמַאֲרִיךְ בְּעִנְיַן זֶה הֲרֵי זֶה מְשֻׁבָּח:</div><div><b>ג. </b>וְכֵן בַּעֲלֵי חַטָּאוֹת וַאֲשָׁמוֹת בְּעֵת שֶׁמְּבִיאִין קָרְבְּנוֹתֵיהֶן עַל שִׁגְגָתָן אוֹ עַל זְדוֹנָן אֵין מִתְכַפֵּר לָהֶן בְּקָרְבָּנָם עַד שֶׁיַּעֲשׂוּ תְשׁוּבָה וְיִתְוַדּוּ וִדּוּי דְּבָרִים שֶׁנֶּאֱמַר (ויקרא ה') וְהִתְוַדָּה אֲשֶׁר חָטָא עָלֶיהָ. וְכֵן כָּל מְחוּיָיבֵי מִיתוֹת בֵּית דִין וּמְחוּיָיבֵי מַלְקוֹת אֵין מִתְכַּפֵּר לָהֶן בְּמִיתָתָן אוֹ בִּלְקִיָּיתָן עַד שֶׁיַּעֲשׂוּ תְשׁוּבָה וְיִתְוַדּוּ. וְכֵן הַחוֹבֵל בַּחֲבֵירוֹ וְהַמַּזִּיק מָמוֹנוֹ אַף עַל פִּי שֶׁשִּׁלֵּם לוֹ מַה שֶׁהוּא חַיָּיב לוֹ אֵינוֹ מִתְכַּפֵּר עַד שֶׁיִּתְוַדֶּה. וְיָשׁוּב מִלַּעֲשׂוֹת כָּזֶה לְעוֹלָם שֶׁנֶּאֱמַר (במדבר ה') מִכָּל חַטֹּאת הָאָדָם:</div>","<div>All commandments of the Torah, whether they be mandatory or prohibitive, if a man violates any one of them, either presumptuously or erroneously, when he will repent himself and turn away from his sinful way, he is obliged to confess before God, blessed is He! even as it is said: ""When a man or woman shall commit any sin..… Then they shall confess their sin which they have done (Num. 5.6–7), which is a confession of words. Such confession is a mandatory commandment. How is the verbal confession made? The sinner says thus: ""I beseech Thee, O Great Name! I have sinned; I have been obstinate; I have committed profanity against Thee, particularly in doing thus and such. Now, behold! I have repented and am ashamed of my actions; forever will I not relapse into this thing again."" This is the elementary form of confession; but whosoever elaborates in confessing and extends this subject is, indeed, praise-worthy. Likewise all those who bring sin-offerings or trespass-offerings, when they offer their sacrifices, whether for their errors or for their spitefulness, find no atonement in their sacrifices, unless they repent, and deliver themselves of a verbal confession, even as it is said: ""He shall confess that he hath sinned in that thing"" (Lev. 5.5) So, too, are the guilty upon whom the tribunal pronounced either a sentence of death or of stripes, who find no atonement either in their death or in being lashed unless they do repent and make verbal confession. Even he, who injures his friend or causes him damages in money matters, although he makes restitution of what he owes him, finds no atonement, unless he makes verbal confession and repents by obligating himself never to repeat this again, even as is said: ""Any sin that man commits"" (Num. 5.6).<sup class=""footnote-marker"">1</sup><i class=""footnote"">Sifra, Lev. 5; Yoma, 36b; Shebu’ot, 13a; Sanhedrin, 43a; Baba Kama, 92b.C.</i></div>",""
"Vayigash","חק לישראל - פרשת ויגש יום ראשון","17","","<h1><b>מוסר</b></h1>","",""
"Vayigash","חק לישראל - פרשת ויגש יום ראשון","18","","<div><strong><span style=""color: #999999;"">ספר חרדים דף ס""ט ע""ב</span></strong></div><div>רָאוּי לְשָׁרֵת הַמֶלֶךְ בִּכְלֵי חֶמְדָּה כְּלֵי כֶסֶף וּכְלֵי זָהָב וַהֲרֵי הַלֵּב עִיקָר הָאָדָם כְּלִי חֶמְדָּה שֶׁבִּרְמַ''ח אֵבָרִים וּכְתִיב (משלי י) כֶּסֶף נִבְחָר לְשׁוֹן צַדִּיק גַּם שְׁתֵּי עֵינַיִם כִמְאוֹרוֹת הַשָּׁמַיִם וְעֶשֶׂר אֶצְבָּעוֹת נֶגֶד עֶשֶׂר שֵׁמוֹת הַקֹּדֶשׁ עֶשֶׂר סְפִירוֹת גַּם הָאָזְנַיִם כְּלֵי שָׁרֵת לִשְׁמוֹעַ בָּהֶם דִּבְרֵי ה' כְּדִכְתִיב (ישעי' נה) שִׁמְעוּ וּתְחִי נַפְשְׁכֶם וְהָאֵבֶר לְהוֹצִיא צִבְאוֹת ה' מְשָׁרְתָיו עוֹשֵׂי רְצוֹנוֹ כַּמָּה קְדוּשָׁה צָרִיךְ וְתוֹסֶפֶת קְדוּשָׁה וְטַהֲרָה וּנְקִיּוּת. וְהַמּוֹחַ לַחֲשׁוֹב מַחֲשָׁבוֹת טְהוֹרוֹת לְהִדָּבֵק בְּיוֹצֵר יִתְבָּרַךְ וּלְעַיֵּין בְּתוֹרָתוֹ וְהַלֵּב לִשְׂמוֹחַ בּוֹ וּבְמִצְוֹתָיו וְלַחֲמוֹל עַל עֲנִיָּיו וְיתוֹמָיו וְיִהְיֶה נֹחַ וְלֹא עָצֶב וְלֹא כּוֹעֵס. וְהָרַגְלַיִם הֵם הָרָצִים שֶׁיּוֹצְאִים דְחוּפִים בִּדְבַר הַמֶּלֶךְ וְנֶגֶד שִׁבְעָה מְשָׁרְתִים הֵם שִׁבְעָה חוּטִין שֶׁבַּצִיצִית וְהַשְּׁמִינִי נֶגֶד הָרָצִים וְנֶפֶשׁ וְרוּחַ נֶגְדָּם תְּפִלִּין דְּרֹאשׁ וּדְיַד וּלְרַמֵּז כָּל הָעֶשֶׂר אֶצְבָּעוֹת עָשָׂה לְהַפְחִיד הָאָדָם שֶׁלֹּא יֶחֱטָא רָאוּי לָשׂוּם נֶגֶד פָּנָיו הָרְצוּעָה תְּלוּיָה שֶׁהֵם שַׁלְשְׁלָאוֹת חֶצְיָין שֶׁל בַּרְזֶל וְחֶצְיָין שֶׁל אֵשׁ לָכֵן שְׁמוֹר עֲשָׂרָה מְשָׁרְתִים וַעֲבוֹד עֲבוֹדָתְךָ בָּהֶם. לְעֵת צָרְכָךְ כַּמָּה תִּשָּׁפֵל לִפְנֵי בְּנֵי אָדָם יִלְווּךָ מָעוֹת בְּכַמָּה תְּחִנּוֹת וְכַמָּה פְּעָמִים יָשִׁיבוּ פָּנֶיךָ רֵיקָם תִּשָּׁפֵל לִפְנֵי הָאֵל אֶלֶף יָדוֹת יוֹתֵר שֶׁהַכֹּל תָּלוּי בְּחֶפְצוֹ יִתְבָּרַךְ וְאֵיךְ לֹא תֵבוֹשׁ בְּשַׁאֲלָךְ בִּתְפִלָּתָךְ כַּמָּה שַׁאֲלוֹת וְטוֹבוֹת מֵאִתּוֹ יִתְבָּרַךְ אִם לֹא תִהְיֶה תְפִלָּתְךָ תַּחֲנוּנִים וּדְמָעוֹת:</div>","",""
"Vayigash","חק לישראל - פרשת ויגש יום שני","1","","<h1><b>תורה</b></h1>","",""
"Vayigash","חק לישראל - פרשת ויגש יום שני","2","","<small>יכוין בקריאת ארבע פסוקים אלו שהם כנגד דֲ דמילוי יו''ד דשם ב''ן להשאיר בו הארה מתוספת הרוח משבת שעברה:</small>","",""
"Vayigash","חק לישראל - פרשת ויגש יום שני","3","Genesis 44:24-27","<div>מד (<small>כד</small>) וַיְהִי֙ כִּ֣י עָלִ֔ינוּ אֶֽל־עַבְדְּךָ֖ אָבִ֑י וַנַּ֨גֶּד־ל֔וֹ אֵ֖ת דִּבְרֵ֥י אֲדֹנִֽי׃</div><div><small>וַהֲוָה כַּד סְלֵיקְנָא לְעַבְדָךְ אַבָּא וְחַוֵּינָא לֵיהּ יָת פִּתְגָּמֵי רִבּוֹנִי:</small></div><div>(<small>כה</small>) וַיֹּ֖אמֶר אָבִ֑ינוּ שֻׁ֖בוּ שִׁבְרוּ־לָ֥נוּ מְעַט־אֹֽכֶל׃</div><div><small>וַאֲמַר אָבוּנָא תּוּבוּ זְבוּנוּ לָנָא זְעֵיר <b>עִיבוּרָא</b>:</small></div><div>(<small>כו</small>) וַנֹּ֕אמֶר לֹ֥א נוּכַ֖ל לָרֶ֑דֶת אִם־יֵשׁ֩ אָחִ֨ינוּ הַקָּטֹ֤ן אִתָּ֙נוּ֙ וְיָרַ֔דְנוּ כִּי־לֹ֣א נוּכַ֗ל לִרְאוֹת֙ פְּנֵ֣י הָאִ֔ישׁ וְאָחִ֥ינוּ הַקָּטֹ֖ן אֵינֶ֥נּוּ אִתָּֽנוּ׃</div><div><small>וַאֲמַרְנָא לָא נִכּוּל לְמֵיחָת אִם אִית אָחוּנָא זְעֵירָא עִמָּנָא וְנֵחוֹת אֲרֵי לָא נִכּוּל לְמֶחֱזֵי אַפֵּי גַבְרָא וְאָחוּנָא זְעֵירָא לֵיתוֹהִי עִמָּנָא:</small></div><div>(<small>כז</small>) וַיֹּ֛אמֶר עַבְדְּךָ֥ אָבִ֖י אֵלֵ֑ינוּ אַתֶּ֣ם יְדַעְתֶּ֔ם כִּ֥י שְׁנַ֖יִם יָֽלְדָה־לִּ֥י אִשְׁתִּֽי׃</div><div><small>וַאֲמַר עַבְדָךְ אַבָּא לָנָא אַתּוּן יְדַעְתּוּן אֲרֵי תְרֵין יְלִידַת לִי אִתְּתִי:</small></div>","<div>44 (24) And it came to pass when we came up to thy servant my father, we told him the words of my lord.</div><div>(25) And our father said, Go back, and buy us a little food.</div><div>(26) And we said, We cannot go down: if our youngest brother be with us, then will we go down: for we may not see the man’s face, unless our youngest brother is with us.</div><div>(27) And thy servant my father said to us, You know that my wife bore me two sons:</div>",""
"Vayigash","חק לישראל - פרשת ויגש יום שני","4","","<h1><b>נביאים</b></h1>","",""
"Vayigash","חק לישראל - פרשת ויגש יום שני","5","Ezekiel 37:21-24","<div>לז (<small>כא</small>) וְדַבֵּ֣ר אֲלֵיהֶ֗ם כֹּה־אָמַר֮ אֲדֹנָ֣י יֱהֹוִה֒ הִנֵּ֨ה אֲנִ֤י לֹקֵ֙חַ֙ אֶת־בְּנֵ֣י יִשְׂרָאֵ֔ל מִבֵּ֥ין הַגּוֹיִ֖ם אֲשֶׁ֣ר הָֽלְכוּ־שָׁ֑ם וְקִבַּצְתִּ֤י אֹתָם֙ מִסָּבִ֔יב וְהֵבֵאתִ֥י אוֹתָ֖ם אֶל־אַדְמָתָֽם׃</div><div><small>וְאִתְנַבֵּי לְהוֹן כִּדְנַן אֲמַר יְיָ אֱלֹהִים הָא אֲנָא מְקָרֵיב יַת בְּנֵי יִשְׂרָאֵל מִבֵּינֵי עַמְמַיָא דְאִתְגְלִיאוּ לְתַמָן וְאֶכְנוֹשׁ יַתְהוֹן מִסְחוֹר סְחוֹר וְאָעֵיל יַתְהוֹן לְאַרְעֲהוֹן:</small></div><div>(<small>כב</small>) וְעָשִׂ֣יתִי אֹ֠תָ֠ם לְג֨וֹי אֶחָ֤ד בָּאָ֙רֶץ֙ בְּהָרֵ֣י יִשְׂרָאֵ֔ל וּמֶ֧לֶךְ אֶחָ֛ד יִהְיֶ֥ה לְכֻלָּ֖ם לְמֶ֑לֶךְ וְלֹ֤א <span class=""mam-kq""><span class=""mam-kq-k"">(יהיה)</span> <span class=""mam-kq-q"">[יִֽהְיוּ־]</span></span>עוֹד֙ לִשְׁנֵ֣י גוֹיִ֔ם וְלֹ֨א יֵחָ֥צוּ ע֛וֹד לִשְׁתֵּ֥י מַמְלָכ֖וֹת עֽוֹד׃</div><div><small>וְאַעְבֵּיד יַתְהוֹן לְעַמָא חָד בְּאַרְעָא בְּטוּר קוּדְשָׁא דְיִשְׂרָאֵל דְיִשְׂרָאֵל וּמַלְכָּא חַד יְהֵי לְכוּלְהוֹן לְמֶהֱוֵי מַלְכָּא וְלָא יְהוֹן עוֹד לִתְרֵין עַמְמִין וְלָא יִתְפַּלְגוּן עוֹד לְתַרְתֵּין מַלְכְּוָן עוֹד:</small></div><div>(<small>כג</small>) וְלֹ֧א יִֽטַּמְּא֣וּ ע֗וֹד בְּגִלּֽוּלֵיהֶם֙ וּבְשִׁקּ֣וּצֵיהֶ֔ם וּבְכֹ֖ל פִּשְׁעֵיהֶ֑ם וְהוֹשַׁעְתִּ֣י אֹתָ֗ם מִכֹּ֤ל מוֹשְׁבֹֽתֵיהֶם֙ אֲשֶׁ֣ר חָטְא֣וּ בָהֶ֔ם וְטִהַרְתִּ֤י אוֹתָם֙ וְהָיוּ־לִ֣י לְעָ֔ם וַאֲנִ֕י אֶהְיֶ֥ה לָהֶ֖ם לֵאלֹהִֽים׃</div><div><small>וְלָא יִסְתָּאֲבוּן עוֹד בְּמַעֲוָתְהוֹן וּבְשִׁקוּצֵיהוֹן וּבְכָל מֵירְדֵיהוֹן וְאֶפְרוֹק יַתְהוֹן מִכָּל מוֹתְבָנֵיהוֹן דְחָבוּ קֳדָמַי בְּהוֹן וְאַדְכֵּי יַתְהוֹן וִיהוֹן קֳדָמַי לְעַם וַאֲנָא אֶהֱוֵי לְהוֹן לֵאלָהָא:</small></div><div>(<small>כד</small>) וְעַבְדִּ֤י דָוִד֙ מֶ֣לֶךְ עֲלֵיהֶ֔ם וְרוֹעֶ֥ה אֶחָ֖ד יִהְיֶ֣ה לְכֻלָּ֑ם וּבְמִשְׁפָּטַ֣י יֵלֵ֔כוּ וְחֻקּוֹתַ֥י יִשְׁמְר֖וּ וְעָשׂ֥וּ אוֹתָֽם׃</div><div><small>וְעַבְדִי דָוִד מַלְכָּא עֲלֵיהוֹן וּפַרְנָס חַד יְהֵי לְכוּלְהוֹן וּבְדִינַי יְהָכוּן וּקְיָמַי יִטְרוּן וְיַעְבְּדוּן יַתְהוֹן:</small></div>","<div>37 (21) And say to them, Thus says the Lord God; Behold, I will take the children of Yisra᾽el from among the nations, into which they are gone, and will gather them on every side, and bring them into their own land:</div><div>(22) and I will make them one nation in the land upon the mountains of Yisra᾽el; and one king shall be king over them all: and they shall no more be two nations, nor shall they be divided into two kingdoms any more at all:</div><div>(23) nor shall they defile themselves any more with their idols, nor with their detestable things, nor with any of their transgressions: but I will save them in all their dwellingplaces, where they have sinned, and will cleanse them: so shall they be my people, and I will be their God.</div><div>(24) And David my servant shall be king over them; and they all shall have one shepherd: they shall also follow my judgments, and observe my statutes, and do them.</div>",""
"Vayigash","חק לישראל - פרשת ויגש יום שני","6","","<h1><b>כתובים</b></h1>","",""
"Vayigash","חק לישראל - פרשת ויגש יום שני","7","Proverbs 10:11-14","<div>י (<small>יא</small>) מְק֣וֹר חַ֭יִּים פִּ֣י צַדִּ֑יק וּפִ֥י רְ֝שָׁעִ֗ים יְכַסֶּ֥ה חָמָֽס׃</div><div><small>מַבּוּעָא דְחַיֵּי פּוּמָא דְצַדִיקֵי וּפוּמְהוֹן דְרַשִׁיעֵי נְכַסָא חֲטוֹפָא:</small></div><div>(<small>יב</small>) שִׂ֭נְאָה תְּעֹרֵ֣ר מְדָנִ֑ים וְעַ֥ל כׇּל־פְּ֝שָׁעִ֗ים תְּכַסֶּ֥ה אַהֲבָֽה׃</div><div><small>סְנִיאֲתָא תְּגָרַג תִּגְרֵי וְעַל כֻּלְהוֹן סוּרְחָנֵי מְכַסָא רַחֲמוּתָא:</small></div><div>(<small>יג</small>) בְּשִׂפְתֵ֣י נָ֭בוֹן תִּמָּצֵ֣א חׇכְמָ֑ה וְ֝שֵׁ֗בֶט לְגֵ֣ו חֲסַר־לֵֽב׃</div><div><small>בְּשִׂפְוָתֵי דְסוּכְלְתָנָא תִּשְׁכַּח חָכְמְתָא וְשִׁבְטָא לְפִגְרָא דַחֲסַר רַעֲיָנָא:</small></div><div>(<small>יד</small>) חֲכָמִ֥ים יִצְפְּנוּ־דָ֑עַת וּפִֽי־אֱ֝וִ֗יל מְחִתָּ֥ה קְרֹבָֽה׃</div><div><small>חַכִּימֵי נִטְשׁוּן יְדִיעֲתָא וּפוּמֵיהּ דְשַׁטְיָא שֵׁצְיָא קָרִיב:</small></div>","<div>10 (11) The mouth of a righteous man is a fountain of life: but violence covers the mouth of the wicked.</div><div>(12) Hatred stirs up strifes: but love covers all sins.</div><div>(13) In the lips of him that has understanding wisdom is found: but a rod is for the back of him that is void of understanding.</div><div>(14) Wise men lay up knowledge: but the mouth of the fool brings ruin near.</div>",""
"Vayigash","חק לישראל - פרשת ויגש יום שני","8","","<h1><b>משנה</b></h1>","",""
"Vayigash","חק לישראל - פרשת ויגש יום שני","9","Mishnah Shabbat 11","<div>א. הַזּוֹרֵק מֵרְשׁוּת הַיָּחִיד לִרְשׁוּת הָרַבִּים, מֵרְשׁוּת הָרַבִּים לִרְשׁוּת הַיָּחִיד, חַיָּב. מֵרְשׁוּת הַיָּחִיד לִרְשׁוּת הַיָּחִיד וּרְשׁוּת הָרַבִּים בָּאֶמְצַע, רַבִּי עֲקִיבָא מְחַיֵּב, וַחֲכָמִים פּוֹטְרִין: 
</div><div>ב. כֵּיצַד. שְׁתֵּי גְזֻזְטְרָאוֹת זוֹ כְנֶגֶד זוֹ בִרְשׁוּת הָרַבִּים, הַמּוֹשִׁיט וְהַזּוֹרֵק מִזּוֹ לָזוֹ, פָּטוּר. הָיוּ שְׁתֵּיהֶן בִּדְיוֹטָא אַחַת, הַמּוֹשִׁיט חַיָּב, וְהַזּוֹרֵק פָּטוּר, שֶׁכָּךְ הָיְתָה עֲבוֹדַת הַלְוִיִּם, שְׁתֵּי עֲגָלוֹת זוֹ אַחַר זוֹ בִּרְשׁוּת הָרַבִּים, מוֹשִׁיטִין הַקְּרָשִׁים מִזּוֹ לָזוֹ, אֲבָל לֹא זוֹרְקִין. חֻלְיַת הַבּוֹר וְהַסֶּלַע שֶׁהֵן גְּבוֹהִין עֲשָׂרָה וְרָחְבָּן אַרְבָּעָה, הַנּוֹטֵל מֵהֶן וְהַנּוֹתֵן עַל גַּבָּן, חַיָּב, פָּחוֹת מִכֵּן, פָּטוּר: 
</div><div>ג. הַזּוֹרֵק אַרְבַּע אַמּוֹת בַּכֹּתֶל, לְמַעְלָה מֵעֲשָׂרָה טְפָחִים, כְּזוֹרֵק בָּאֲוִיר, לְמַטָּה מֵעֲשָׂרָה טְפָחִים, כְּזוֹרֵק בָּאָרֶץ. הַזּוֹרֵק בָּאָרֶץ אַרְבַּע אַמּוֹת, חַיָּב. זָרַק לְתוֹךְ אַרְבַּע אַמּוֹת וְנִתְגַּלְגֵּל חוּץ לְאַרְבַּע אַמּוֹת, פָּטוּר. חוּץ לְאַרְבַּע אַמּוֹת, וְנִתְגַּלְגֵּל לְתוֹךְ אַרְבַּע אַמּוֹת, חַיָּב: 
</div><div>ד. הַזּוֹרֵק בַּיָּם אַרְבַּע אַמּוֹת, פָּטוּר. אִם הָיָה רְקָק מַיִם וּרְשׁוּת הָרַבִּים מְהַלֶּכֶת בּוֹ, הַזּוֹרֵק לְתוֹכוֹ אַרְבַּע אַמּוֹת, חַיָּב. וְכַמָּה הוּא רְקָק מַיִם, פָּחוֹת מֵעֲשָׂרָה טְפָחִים. רְקָק מַיִם וּרְשׁוּת הָרַבִּים מְהַלֶּכֶת בּוֹ, הַזּוֹרֵק בְּתוֹכוֹ אַרְבַּע אַמּוֹת, חַיָּב: 
</div><div>ה. הַזּוֹרֵק מִן הַיָּם לַיַּבָּשָׁה וּמִן הַיַּבָּשָׁה לַיָּם, וּמִן הַיָּם לַסְּפִינָה וּמִן הַסְּפִינָה לַיָּם, וּמִן הַסְּפִינָה לַחֲבֶרְתָּהּ, פָּטוּר. סְפִינוֹת קְשׁוּרוֹת זוֹ בָזוֹ, מְטַלְטְלִין מִזּוֹ לָזוֹ. אִם אֵינָן קְשׁוּרוֹת, אַף עַל פִּי שֶׁמֻּקָּפוֹת, אֵין מְטַלְטְלִין מִזּוֹ לָזוֹ: 
</div><div>ו. הַזּוֹרֵק וְנִזְכַּר לְאַחַר שֶׁיָּצְתָה מִיָּדוֹ, קְלָטָהּ אַחֵר, קְלָטָהּ כֶּלֶב, אוֹ שֶׁנִּשְׂרְפָה, פָּטוּר. זָרַק לַעֲשׂוֹת חַבּוּרָה, בֵּין בְּאָדָם בֵּין בִּבְהֵמָה, וְנִזְכַּר עַד שֶׁלֹּא נַעֲשָׂה חַבּוּרָה, פָּטוּר. זֶה הַכְּלָל, כָּל חַיָּבֵי חַטָּאוֹת אֵינָן חַיָּבִין עַד שֶׁתְּהֵא תְחִלָּתָן וְסוֹפָן שְׁגָגָה. תְּחִלָּתָן שְׁגָגָה וְסוֹפָן זָדוֹן, תְּחִלָּתָן זָדוֹן וְסוֹפָן שְׁגָגָה, פְּטוּרִין, עַד שֶׁתְּהֵא תְחִלָּתָן וְסוֹפָן שְׁגָגָה: 
</div>","<div>1. <b>One who throws</b> an object on Shabbat <b>from the private domain to the public domain</b> or <b>from the public domain to the private domain is liable.</b> However, one who throws an object <b>from the private domain to the</b> other <b>private domain, and</b> the object passes through <b>the public domain between</b> the two, <b>Rabbi Akiva deems him liable</b> for carrying into the public domain, <b>and the Rabbis deem</b> him <b>exempt.</b></div><div>2. <b>How so?</b> If there are <b>two balconies</b> [<b><i>gezuztra’ot</i></b>] that are private domains <b>opposite each other on</b> either side of <b>the public domain, one who passes or throws</b> an object <b>from</b> the one on <b>this</b> side <b>to the</b> one on <b>that</b> side <b>is exempt.</b> However, if the balconies <b>were on the same level</b> on the same side of the public thoroughfare, and the public domain separated the two, <b>one who passes</b> from one to the other <b>is liable, and one who throws is exempt, as that</b> method, passing, <b>was the service of the Levites</b> who carried the beams of the Tabernacle. In the Tabernacle, <b>two wagons</b> along the same level stood <b>behind one another in the public domain,</b> and the Levites <b>passed the beams from one</b> wagon <b>to the other</b> through the public domain on the same side of a thoroughfare. <b>But they did not throw</b> from one wagon to another because the beams were heavy. Passing, which was performed in the Tabernacle, is prohibited. Throwing, which was not performed in the Tabernacle, is not prohibited. With regard to <b>the bank</b> surrounding <b>a pit and the boulder that are ten</b> handbreadths <b>high and four</b> handbreadths <b>wide, one who takes</b> an object from <b>them</b> to the public domain <b>and</b> similarly <b>one who places</b> an object from the public domain <b>atop them is liable</b> for carrying from one domain to another. If the height or width of the pit or the boulder is <b>less than that</b> height, ten handbreadths, <b>one is exempt</b> because the legal status of those protrusions is not distinct from that of the surrounding public domain.</div><div>3. With regard to <b>one who throws</b> an object <b>four cubits</b> in the public domain, if the object hits <b>the wall above ten handbreadths</b> from the ground, which is an exempt domain, it is <b>as if one threw it in the air,</b> and he is exempt. If it hits the wall <b>below ten handbreadths</b> from the ground, it is <b>as if he threw it</b> and it landed <b>on the ground, and one who throws</b> an object <b>four cubits</b> and it lands <b>on the ground is liable.</b> If <b>one threw</b> an object in the public domain, intending for it to land <b>within four cubits,</b> meaning that he had no intention of violating the Torah prohibition of carrying, <b>and</b> the object <b>rolled</b> and went <b>beyond four cubits, he is exempt.</b> However, if one threw an object with the intention of it landing <b>beyond four cubits, and</b> the object <b>rolled</b> back <b>within four cubits, he is liable</b> from when he originally threw the object.</div><div>4. <b>One who throws</b> an object <b>four cubits into the sea is exempt. If there was a swamp and the public domain passes through it, one who throws</b> an object <b>four cubits into it is liable</b> like one who carried four cubits in the public domain. <b>And how</b> deep <b>is</b> this <b>swamp?</b> It is <b>less than ten handbreadths</b> deep. In the case of <b>a swamp that the public domain passes through, one who throws</b> an object <b>four cubits into</b> the swamp <b>is liable.</b></div><div>5. <b>One who throws</b> an object <b>from the sea to dry land, or from dry land to the sea, or from the sea onto a boat, or from a boat into the sea, or from one boat to another is exempt</b> because the sea has the legal status of a <i>karmelit</i>. If <b>boats</b> are <b>tied together, one may carry</b> an object <b>from one to the other</b> on Shabbat. However, <b>if they are not tied, even though they are adjacent, one may not carry from one to the other.</b></div><div>6. <b>One who</b> unwittingly <b>throws</b> an object from one domain to another or one who throws an object four cubits within the public domain, <b>and after</b> the object <b>left his hand he remembered</b> that he is in violation of a prohibition, if <b>another caught it,</b> or if <b>a dog caught it, or if it was burned, he is exempt.</b> Similarly, if <b>one threw</b> a rock on Shabbat <b>to inflict a wound on a person or on an animal,</b> for which one is liable to bring a sin-offering, <b>and he remembered</b> that he was in violation of a prohibition <b>before</b> the <b>wound was inflicted, he is exempt. This is the principle: All</b> who are <b>liable</b> to bring <b>sin-offerings are only liable if the beginning</b> of their action <b>and the conclusion</b> of their action <b>are unwitting.</b> However, if <b>the beginning</b> of one’s action was <b>unwitting and the conclusion</b> was <b>intentional,</b> as he became aware that he was in violation of a prohibition, or if <b>the beginning</b> of one’s action was <b>intentional and the conclusion</b> was <b>unwitting,</b> the individuals in both of these cases <b>are exempt until</b> both <b>the beginning and the conclusion are unwitting.</b></div>",""
"Vayigash","חק לישראל - פרשת ויגש יום שני","10","","<h1><b>גמרא</b></h1>","",""
"Vayigash","חק לישראל - פרשת ויגש יום שני","11","Shabbat 113b:14-114a:8","אָמַר רִבִּי אַחָא בַר אַבָּא אָמַר רִבִּי יוֹחָנָן מְנַיִן לְשִׁנּוּי בְּגָדִים מִן הַתּוֹרָה שֶׁנֶּאֱמַר (ויקרא ו') וּפָשַׁט אֶת בְּגָדָיו וְלָבַשׁ בְּגָדִים אֲחֵרִים וְתָנָא דְבֵי רִבִּי יִשְׁמָעֵאל לִמְּדָךְ תּוֹרָה דֶרֶךְ אֶרֶץ בְּגָדִים שֶׁבִּשֵּׁל בָּהֶם קְדֵרָה לְרַבּוֹ אַל יִמְזוֹג בָּהֶם כּוֹס לְרַבּוֹ. אָמַר רִבִּי חִיָּיא בַר אַבָּא אָמַר רִבִּי יוֹחָנָן גְּנַאי הוּא לְתַלְמִיד חָכָם שֶׁיֵּצֵא בְּמַנְעָלִין הַמְטֻלָּאִין לַשּׁוּק. וְהָא רִבִּי אַחָא בַר חֲנִינָא נָפִיק. אָמַר רִבִּי אַחָא בּרֵיהּ דְרַב נַחְמָן בִּטְלָאי עַל גַּבֵּי טְלָאי. וְאָמַר רִבִּי חִיָּיא בַר אַבָּא אָמַר רִבִּי יוֹחָנָן כָּל תַּלְמִיד חָכָם שֶׁנִּמְצָא רְבַב עַל בִּגְדּוֹ חַיָּיב מִיתָה שֶׁנֶּאֱמַר (משלי ח') כָּל מְשַׂנְאַי אָהֲבוּ מָוֶת אַל תִּקְרֵי מְשַׂנְאַי אֶלָּא מַשְׂנִיאַי. רְבִינָא אָמַר רְבַד אִתְמָר וְלָא פְלִיגֵי הָא בִּגְלִימָא הָא בִלְבוּשָׁא. וְאָמַר רִבִּי יוֹחָנָן אֵיזֶהוּ תַּלְמִיד חָכָם שֶׁמְּמַנִּין אוֹתוֹ פַּרְנָס עַל הַצִבּוּר זֶה שֶׁשּׁוֹאֲלִין אוֹתוֹ דְבַר הֲלָכָה בְּכָל מָקוֹם וְאוֹמֵר וַאֲפִילוּ בְּמַסֶּכֶת כַּלָּה. וְאָמַר רִבִּי יוֹחָנָן אֵיזֶהוּ תַלְמִיד חָכָם שֶׁבְּנֵי עִירוֹ מְצֻוִּים לַעֲשׂוֹת לוֹ מְלַאכְתּוֹ זֶה שֶׁמַּנִּיחַ חֲפָצָיו וְעוֹסֵק בְּחֶפְצֵי שָׁמַיִם. וְהַנֵּי מִילֵי לְמִטְרַח בְּרִפְתֵּיהּ. וְאָמַר רִבִּי יוֹחָנָן אֵיזֶהוּ תַּלְמִיד חָכָם כָּל שֶׁשּׁוֹאֲלִין אוֹתוֹ הֲלָכָה בְּכָל מָקוֹם וְאוֹמְרָהּ לְמָאי נַפְקָא מִינָהּ לִמַנּוּיֵיהּ פַּרְנָס עַל הַצִיבּוּר אִי בְּחָדָא מַסֶּכְתָּא בְּאַתְרֵיהּ וְאִי בְּכֻלֵּיהּ תַנּוּיָא בְּרֵישׁ מְתִיבְתָּא:","<div><b>Rabbi Aḥa bar Abba said</b> that <b>Rabbi Yoḥanan said:</b></div><div><b>From where</b> is it derived <b>that changing clothes</b> is a display of honor? <b>As it is stated: “And he will remove his garments and will don other garments,</b> and he will bring the ashes outside of the camp to a pure location” (Leviticus 6:4). <b>The school of Rabbi Yishmael taught: The Torah taught you etiquette. The clothes in which one prepared food for his master, one does not</b> wear <b>to pour his master wine.</b> Since cooking makes one’s clothes dirty, he should wear fresh clothes when serving his master.</div><div><b>Rabbi Ḥiyya bar Abba said</b> that <b>Rabbi Yoḥanan said: It is disgraceful for a Torah scholar to go out to the marketplace in patched shoes.</b> The Gemara asks: <b>Didn’t Rabbi Aḥa bar Ḥanina go out</b> in patched shoes? <b>Rabbi Aḥa, son of Rav Naḥman, said:</b> They only prohibited patched shoes <b>if there is a patch upon a patch.</b></div><div><b>And Rabbi Ḥiyya bar Abba said</b> that <b>Rabbi Yoḥanan said: A Torah scholar on whose clothes a fat stain is found is liable</b> to receive the <b>death</b> penalty, <b>as it is stated: “All those who hate me love death”</b> (Proverbs 8:36), and the Sages said: <b>Do not read: Those who hate me [<i>mesanai</i>]. Rather,</b> read: <b>Those who cause me to be hated [<i>masniai</i>].</b> Those who cause people to hate the Torah by creating the impression that those who study Torah are unclean deserve the death penalty. <b>Ravina said:</b> A fat stain [<i>revav</i>] was not stated, but rather <b>a bloodstain [<i>revad</i>] was stated</b> (Rabbeinu Ḥananel), which is a greater disgrace. The Gemara adds: <b>They did not disagree</b> over the <i>halakha</i>. Rather, the dispute is whether <b>that</b> which we learned concerning stains on a Torah scholar’s clothes refers <b>to an overgarment</b> that people wear over the rest of their clothes, while <b>that</b> which we learned with regard to a bloodstain refers <b>to an undergarment,</b> where a bloodstain is disgraceful but other types of spots are not.</div><div><b>And</b> similarly, <b>Rabbi Ḥiyya bar Abba said</b> that <b>Rabbi Yoḥanan said: That which is written: “As My servant Isaiah went naked and barefoot</b> for three years” (Isaiah 20:3), is not to be understood literally. Rather, <b>naked</b> means that he wore <b>tattered clothing, and barefoot</b> means that he walked <b>with patched shoes.</b></div><div><b>We learned</b> in a mishna <b>there: A fat stain on</b> a donkey’s <b>saddle interposes, i.e.,</b> if the saddle becomes impure, its immersion in a ritual bath is invalid unless the stain is removed. <b>Rabban Shimon ben Gamliel says:</b> A stain interposes only when it is as large <b>as an Italian <i>issar</i></b> but not smaller. <b>And</b> if there were a fat stain <b>on clothing on one side, it does not interpose,</b> but if the stain is <b>on both sides it interposes. Rabbi Yehuda says in the name of Rabbi Yishmael: It interposes even on one side.</b></div><div><b>Rabbi Shimon ben Lakish raised a dilemma before Rabbi Ḥanina:</b> Is a stain on a <b>saddle</b> an interposition even if it is <b>on just one side, or</b> only if it is <b>on both sides?</b> Rabbi Ḥanina <b>said to him: That, I did not hear</b> explicitly. However, <b>I heard</b> something <b>similar to it. As we learned</b> in that same mishna that <b>Rabbi Yosei says:</b> A garment belonging to <b>builders [<i>banna’in</i>]</b> is considered to have an interposition if it has a stain <b>on one side, and that of an ignoramus,</b> who is not meticulous, is considered to have an interposition when the stain is <b>on both sides. And</b> certainly a donkey’s <b>saddle cannot be more important than the garment of an <i>am ha’aretz</i>.</b></div><div>The Gemara asks: <b>Who</b> are the <b>builders</b> mentioned here? <b>Rabbi Yoḥanan said: These are Torah scholars, who are engaged in building the world all of their days. And</b> with regard to this, <b>Rabbi Yoḥanan said: Who is a Torah scholar</b> of whom the Sages said <b>that one</b> must <b>return a lost object to him based on visual identification,</b> even if he does not provide an identifying sign for it? <b>That is one who makes sure his upper undergarment is turned inward</b> so that the uneven stitching is not visible. This means that he conducts himself like a Torah scholar in all his ways, even in matters of cleanliness and order (Maharsha). On a related note, the Gemara adds that which <b>Rabbi Yoḥanan said: Who is a Torah scholar who</b> may be <b>appointed</b> as a <b>leader of the community? This is one who is asked</b> about <b>matters of <i>halakha</i> on any topic and he</b> is able to <b>answer, and even</b> if he were asked about <b>tractate <i>Kalla</i>,</b> a tractate that few have mastered.</div><div><b>And Rabbi Yoḥanan said: Who is the Torah scholar for whom the inhabitants of his city are commanded to perform his labor for him? This is one who sets his own matters aside and engages in matters of Heaven.</b> It is therefore fitting for the community to support him. <b>And that applies only to exerting themselves</b> to provide him with <b>his bread,</b> as it is appropriate that they sustain him. <b>And Rabbi Yoḥanan said: Who is</b> included in the category of <b>a Torah scholar? Anyone who is asked</b> about the <b><i>halakha</i> with regard to any topic and</b> is able to <b>state it.</b> And they say: <b>What are the practical consequences</b> of this question? It is <b>to appoint him a leader of the community. If</b> he is an expert <b>in a single tractate,</b> they appoint him as a leader <b>in his place; if</b> he is an expert <b>in all of his learning,</b> they appoint him <b>as the head of the yeshiva.</b></div>",""
"Vayigash","חק לישראל - פרשת ויגש יום שני","12","","<h1><b>זוהר</b></h1>","",""
"Vayigash","חק לישראל - פרשת ויגש יום שני","13","Zohar, Vayigash 6","פָּתַח רַבִּי אֶלְעָזָר וְאָמַר (שם פ''ח) יְיָ אֱלֹקֵי יְשׁוּעָתִי יוֹם צָעַקְתִּי בַלַּיְלָה נֶגְדְּךָ תָּא חֲזֵי דָּוִד מַלְכָּא הַוָּה קָם בְּפַלְגוּת לֵילְיָא וְאִשְׁתַּדַּל בְּאוֹרַיְתָא בְּשִׁירִין וְתוּשְׁבְּחָן לְחֶדְוָה דְּמַלְכָּא וּמַטְרוּנִיתָא וְדָא הַוָּה חֶדְוָה דִּמְהֵימָנוּתָא בְּאַרְעָא בְּגִין דְּהַאי אִיהוּ שִׁבְחָא דִּמְהֵימָנוּתָא דְּאִתְחֲזֵי בְּאַרְעָא דְּהָא לְעֵילָא פָּתְחֵי בְּחֶדְוָה שִׁירָתָא כַּמָּה מַלְאָכין עִלָּאִין בְּכַמָּה זִינִין דְּקָא מְשַׁבְּחָן בְּלֵילְיָא בְּכָל סִטְרִין כְּהַאי גַּוְנָא לְתַתָּא בְּאַרְעָא מַאן דִּמְשַׁבַּח לֵיהּ לְקֻדְשָׁא בְּרִיךְ הוּא בְּאַרְעָא בְּלֵילְיָא רָעֵי בֵּיהּ (בָּעֵי) קֻדְשָׁא בְּרִיךְ הוּא וְכָל אִנּוּן מַלְאָכִין קַדִּישִׁין דְּקָא מְשַׁבְּחָן לֵיהּ לְקֻדְשָׁא בְּרִיךְ הוּא כֻּלְּהוּ צַיְּתִין לְהַהוּא דְּקָא מְשַׁבַּח לֵיהּ בְּלֵילְיָא בְּאַרְעָא דְּהַאי תּוּשְׁבַּחְתָּא אִיהוּ בִּשְׁלִימוּ לְסַלָּקָא יְקָרֵי דְּקֻדְשָׁא בְּרִיךְ הוּא מִתַּתָּא וּלְזַמְּרָא בְּחֶדְוָה דְּיִחוּדָא, תָּא חֲזֵי דָּוִד מַלְכָּא כָּתַב יְיָ אֱלוֹקֵי יְשׁוּעָתִי וְגוֹ' יְיָ אֱלֹקֵי יְשׁוּעָתִי אֵימָתַי אִיהוּ יְשׁוּעָתִי בְּהַהוּא יוֹמָא דְּאַקְדָּמִית תּוּשְׁבַּחְתָּא בְּלֵילְיָא לְגַבָּךְ כְּדֵין אִיהוּ יְשׁוּעָתִי בִּימָמָא, וְתָא חֲזֵי דְּהָא בְּלֵילְיָא מַאן דִּמְשַׁבַּח לְמָארֵיהּ בְּתוּשְׁבַּחְתָּא דְּאוֹרַיְתָא כְּדֵין אִתַּקַּף בְּתַקִּיפוּ בִּימָמָא בְּסִטְרָא דִּימִינָא דְּהָא חוּטָא חַד נַפְקָא מִסִטְרָא דִּימִינָא וּכְדֵין אִתְמַשַּׁךְ עֲלֵיהּ וְאִתְתַּקַּף בֵּיהּ וְעַל דָּא אָמַר יְיָ אֱלֹקֵי יְשׁוּעָתִי יוֹם צָעַקְתִּי וְגוֹ' וּבְגִין כָּךְ אָמַר (שם קט''ו) לֹא הַמֵּתִים יְהַלְּלוּ יָהּ, לֹא הַמֵּתִים בְּגִין דְּאִצְטְרִיךְ לְשַׁבְּחָא חַי לְחַי, וּמֵת לְחַי לָאו הָכִי דִּכְתִיב לֹא הַמֵּתִים יְהַלְּלוּ יָהּ וַאֲנַחְנוּ נְבָרֵךְ יָהּ דְּהָא אַנָּן חַיִּין וְלֵית לָן חוּלָקָא בְּסִטְרָא דְּמוֹתָא כְּלָל, חִזְקִיָּהוּ אָמַר (ישעיה ל''ח) חַי חַי הוּא יוֹדֶךָ כָּמוֹנִי בְּגִין דְּחַי אִתְקְּרָב לְחַי, דָּוִד מַלְכָּא אִיהוּ חַי וְקוּרְבָא דִּילֵיהּ לְחַי הָעוֹלָמִים, וּמַאן דְּאִתְקָרִיב לְגַבֵּיהּ אִיהוּ חַי דִּכְתִיב (דברים ד) וְאַתֶּם הַדְּבֵקִים בַּיְיָ אֱלֹקֵיכֶם חַיִּים כֻּלְּכֶם הַיּוֹם וּכְתִיב (שמואל ב כ''ג) וּבְנָיָהוּ בֶן יְהוֹיָדָע בֶּן אִישׁ חַי רַב פָּעֳלִים מְקַבְּצִאֵל:","",""
"Vayigash","חק לישראל - פרשת ויגש יום שני","14","","פָּתַח רַבִּי אֶלְעָזָר וְאָמַר, (תהלים פ''ח) ה' אֱלֹקֵי יְשׁוּעָתִי יוֹם וְגוֹ'. בֹּא וּרְאֵה, דָּוִד הַמֶּלֶךְ הָיָה קָם בַּחֲצוֹת לַיְלָה וְעָסַק בַּתּוֹרָה בְּשִׁירוֹת וְתִשְׁבָּחוֹת לְשִׂמְחַת הַמֶּלֶךְ וְהַגְּבִירָה. וְזֶה הוּא שִׂמְחַת הָאֱמוּנָה בָּאָרֶץ, מִשּׁוּם שֶׁזֶּה הוּא שִׁבְחָהּ שֶׁל הָאֱמוּנָה, שֶׁהִיא הַשְּׁכִינָה, הַנִּרְאֵית בָּאָרֶץ. כִּי לְמַעְלָה פּוֹתְחִים בְּשִׂמְחָה, שִׁירָה, כַּמָּה מַלְאָכִים עֶלְיוֹנִים בְּכַמָּה אוֹפַנִּים, שֶׁהֵם מְשַׁבְּחִים בַּלַּיְלָה בְּכָל הַצְדָדִים, כְּעֵין זֶה לְמַטָּה בָּאָרֶץ, מִי שֶׁמְּשַׁבֵּחַ בָּאָרֶץ אֶל הַקָּדוֹשׁ בָּרוּךְ הוּא בַּלַּיְלָה, חָפֵץ בּוֹ הַקָּדוֹשׁ בָּרוּךְ הוּא, וְכָל הַמַּלְאָכִים הַקְּדוֹשִׁים הַמְּשַׁבְּחִים אֶל הַקָּדוֹשׁ בָּרוּךְ הוּא, כֻּלָּם מַקְשִׁיבִים לְאוֹתוֹ הַמְּשַׁבֵּחַ אֶל הַקָּדוֹשׁ בָּרוּךְ הוּא בַּלַּיְלָה בָּאָרֶץ. כִּי שִׁירָה זוֹ הִיא בִּשְׁלֵמוּת, לְהַגְדִּיל כָּבוֹד הַקָּדוֹשׁ בָּרוּךְ הוּא מִלְּמַטָּה, וּלְזַמֵּר בְּשִׂמְחַת הַיִּחוּד. בֹּא וּרְאֵה דָוִד הַמֶּלֶךְ כָּתַב, ה' אֱלֹקֵי יְשׁוּעָתִי, הוּא יְשׁוּעָתִי בַּיּוֹם הַהוּא שֶׁהִקְדַּמְתִּי שִׁירָה בַּלַּיְלָה אֵלֶיךְ, כִּי אָז הוּא יְשׁוּעָתִי בַּיּוֹם. וּבֹא וּרְאֵה, כִּי בַּלַּיְלָה מִי שֶׁמְּשַׁבֵּחַ לְרִבּוֹנוֹ בְּרִנָּה שֶׁל תּוֹרָה, מִתְחַזֵּק אָז בַּגְּבוּרָה בַּיּוֹם בְּצַד יָמִין, כִּי חוּט אֶחָד שֶׁל חֶסֶד, יוֹצֵא מִצַד יָמִין, וְאָז הוּא נִמְשָׁךְ עָלָיו, וּמִתְחַזֵּק בּוֹ. וְעַל כֵּן אָמַר דָוִד, ה' אֱלֹקֵי יְשׁוּעָתִי יוֹם צָעַקְתִּי וְגוֹ'. וּמִשּׁוּם זֶה אָמַר, (תהלים קט''ו) לֹא הַמֵּתִים יְהַלְלוּ יָהּ. לֹא הַמֵּתִים, הוּא מִשּׁוּם שֶׁחַי לְחַי צָרִיךְ לְשַׁבֵּחַ. וּמֵת לְחַי אֵינוֹ כֵּן, שֶׁכָּתוּב, לֹא הַמֵּתִים יְהַלְלוּ יָהּ. וַאֲנַחְנוּ נְבָרֵךְ יָהּ, כִּי אֲנַחְנוּ חַיִּים, וְאֵין לָנוּ חֵלֶק בְּצַד הַמָּוֶת כְּלוּם. חִזְקִיָּה אָמַר, (ישעיה ל''ח) חַי חַי הוּא יוֹדוּךְ כָּמוֹנִי, מִשּׁוּם שֶׁחַי נִקְרָב לְחָי. וְכֵן דָוִד הַמֶּלֶךְ הוּא חַי, וְנִקְרָב לְחַי הָעוֹלָמִים, וּמִי שֶׁנִּקְרָב אֵלָיו, לְחַי הָעוֹלָמִים, הוּא חַי, שֶׁכָּתוּב, (דברים ד') וְאַתֶּם הַדְּבֵקִים בַּה' אֱלֹקֵיכֶם חַיִּים כֻּלְּכֶם הַיּוֹם. וְכָתוּב, (שמואל ב' כ''ג) וּבְנָיָהוּ בֶּן יְהוֹיָדָע בֶּן אִישׁ חָי רַב פָּעֳלִים מְקַבְּצִאֵל.","",""
"Vayigash","חק לישראל - פרשת ויגש יום שני","15","","<h1><b>הלכה פסוקה</b></h1>","",""
"Vayigash","חק לישראל - פרשת ויגש יום שני","16","Mishneh Torah, Repentance 1:2-3","<div><b>א. </b>שָׂעִיר הַמִּשְׁתַּלֵּחַ לְפִי שֶׁהוּא כַפָּרָה עַל כָּל יִשְׂרָאֵל כֹּהֵן גָּדוֹל מִתְוַדֶּה עָלָיו עַל לָשׁוֹן כָּל יִשְׂרָאֵל שֶׁנֶּאֱמַר וְהִתְוַדָּה עָלָיו אֶת כָּל עֲוֹנוֹת בְּנֵי יִשְׂרָאֵל:</div><div><b>ב. </b>שָׂעִיר הַמִּשְׁתַּלֵּחַ מְכַפֵּר עַל כָּל עֲבֵירוֹת שֶׁבַּתּוֹרָה הַקַּלּוֹת וְהַחֲמוּרוֹת בֵּין שֶׁעָבַר בְּזָדוֹן בֵּין שֶׁעָבַר בִּשְׁגָגָה בֵּין שֶׁהוֹדַע לוֹ בֵּין שֶׁלֹּא הוֹדַע לוֹ הַכֹּל מִתְכַּפֵּר בְּשָׂעִיר הַמִּשְׁתַּלֵּחַ וְהוּא שֶׁעָשָׂה תְשׁוּבָה. אֲבָל אִם לֹא עָשָׂה תְשׁוּבָה אֵין הַשָּׂעִיר מְכַפֵּר לוֹ אֶלָּא עַל הַקַּלּוֹת. וּמַה הֵן הַקַּלּוֹת וּמַה הֵן הַחֲמוּרוֹת. הַחֲמוּרוֹת הֵן שֶׁחַיָּיבִין עֲלֵיהֶם מִיתַת בֵּית דִּין אוֹ כָרֵת ושְׁבוּעַת שָׁוְא וְשֶׁקֶר אַף עַל פִּי שֶׁאֵין בָּהֶם כָּרֵת הֲרֵי הֵן מִן הַחֲמוּרוֹת. וּשְׁאָר מִצְוַת לֹא תַעֲשֶׂה וּמִצְוַת עֲשֵׂה שֶׁאֵין בָּהֶם כָּרֵת הֵם הַקַּלּוֹת:</div><div><b>ג. </b>בִּזְמַן הַזֶּה שֶׁאֵין בֵּית הַמִּקְדָּשׁ קַיָּים וְאֵין לָנוּ מִזְבֵּחַ כַּפָּרָה אֵין שָׁם אֶלָּא תְשׁוּבָה. הַתְּשׁוּבָה מְכַפֶּרֶת עַל כָּל הָעֲבֵירוֹת אֲפִילוּ רָשָׁע כָּל יָמָיו וְעָשָׂה תְשׁוּבָה בָּאַחֲרוֹנָה אֵין מַזְכִּירִין לוֹ שׁוּם דָּבָר מֵרִשְׁעוֹ שֶׁנֶּאֱמַר (יחזקאל ל''ג) וְרִשְׁעַת הָרָשָׁע לֹא יִכָּשֶׁל בָּהּ בְּיוֹם שׁוּבוֹ מֵרִשְׁעוֹ עֲצוּמוֹ שֶׁל יוֹם הַכִּפּוּרִים מְכַפֵּר לַשָּׁבִים שֶׁנֶּאֱמַר (ויקרא ט''ז) כִּי בַיּוֹם הַזֶּה יְכַפֵּר עֲלֵיכֶם:</div>","<div>The Azazel-goat, because it is atoning for all Israel, the High-Priest confesses over it in the speech of all Israel, even as it is said: ""And confess over him all the iniquities of the children of Israel"" (Lev. 16.21). The Azazel-goat, moreover, atones for all transgressions mentioned in the Torah, both, minor and major, whether one committed it in spite or whether he committed it in error, whether it was done by him knowingly or unknowingly— for all the Azazel-goat atones, provided the sinner did repent. But if he repenteth not, the Azazel-goat atones not save for his minor sins. And, what are the minor and what are the major sins? The major sins are such as carry the guilt of death or excision, included among which are also vain and false swearing, although they do not carry the guilt of excision; and all other prohibitive or mandatory commandments which do not carry the guilt of excision are the minor.<sup class=""footnote-marker"">2</sup><i class=""footnote"">Shebu’ot, 2a; Ibid. 12b; Yoma, 85b. C.</i></div><div>At this time, when the Temple is not established and, therefore, no altar to atone for us, there is nothing else left for us but repentance. Repentance atones for all sins. Even one who was an evildoer all his life but repented in the end, not a thing of the wickedness is held out against him, even as it is said: ""As for the wickedness of the wicked, he shall not fall thereby in the day that he turneth from his wickedness"" (Ez. 33.12). Even the Day of Atonement itself atones only for those who did repent, even as it is said: ""For on that day shall the priest make an atonement for you"" (Lev. 16.30).<sup class=""footnote-marker"">3</sup><i class=""footnote"">Kiddushin, 40b; Keritot, 6b; Yoma, 85b. C. G.</i></div>",""
"Vayigash","חק לישראל - פרשת ויגש יום שני","17","","<h1><b>מוסר</b></h1>","",""
"Vayigash","חק לישראל - פרשת ויגש יום שני","18","","<div><strong><span style=""color: #999999;"">ספר חרדים דף ס""ט ע""ב</span></strong></div><div>בֶּן אָדָם הֲלֹא יָדַעְתָּ כִּי ה' מוֹדֵד מִדָּה כְּנֶגֶד מִדָּה הֲטוֹב בְּעֵינֶיךָ כְּשֶׁתִּקְרָאֵהוּ בְּצָרָתְךָ שֶׁיִּפְנֶה לִבּוֹ מִמָּךְ כַּבְיָכוֹל גַּם אַתָּה כְּשֶׁתִּתְפַּלֵּל תְּפַנֶּה לִבָּךְ מֶעִסְקֶיךָ וְהַיְינוּ קָרוֹב ה' לְכָל קוֹרְאָיו לְכֹל אֲשֶׁר יִקְרָאוּהוּ בֶאֱמֶת עַל דֶּרֶךְ (שופטים י''א) וּמַדּוּעַ בָּאתֶם אֵלַי עַתָּה כַּאֲשֶׁר צַר לָכֶם אוֹקִיר לְאַסְיָא עַד לֹא תִּצְטְרִיךְ לֵיהּ. בֶּן אָדָם בְּרַח מֵהָעוֹלָם כִּי יָדַעְתָּ כִּי פִּתְאוֹם אָדָם יִשָּׁבֵר וְאִשָּׁה לֹא תִשְׁמוֹר אַהֲבַת אַלּוּף נְעוּרִים לָכֵן רְאֵה הָעוֹלָם הַקַּיָּים וְהָבֵן לוֹ בֶּן אָדָם כַּמָּה בְנֵי אָדָם רוֹדְפֵי כָבוֹד גַּם אַתָּה תִּרְדּוֹף כָּבוֹד כִּי מָחָר יוֹשִׁיבוּךָ בֵּין קְטַנֵי אֶרֶץ זֶה תָּשִׁיב לְיִצְרָךְ בְּרוֹדְפוֹ הַכָּבוֹד וְכֵן בְרוֹדְפוֹ הָעוֹשֶׂר תֹּאמַר לוֹ כִּי הַצְדָקָה הַלְוָאָה בְּרִבִּית לַבּוֹרֵא כִּי הוּא נָתַן רְשׁוּת שֶׁנֶּאֱמַר (משלי יט) מַלְוֵה ה' חוֹנֵן דָּל וְגוֹ' וּלְפִי הָאֶמֶת הַכֹּל לַעֲשׂוֹת נַחַת רוּחַ לְיוֹצְרָךְ יִתְבָּרַךְ. הֵעִירוּנִי (שם כז) מַצְרֵף לַכֶּסֶף וְכוּר לַזָהָב וְאִישׁ לְפִי מַהֲלָלוֹ כְּלוֹמַר לְפִי כַוָּונָתוֹ בִּתְפִלָּתוֹ דְהַיְינוּ מַהֲלָלוֹ שֶׁאִם בָּאִים לוֹ מַחֲשָׁבוֹת מֵהָעוֹלָם נִרְאֶה כִּי הוּא כֶסֶף מָלֵא סִיגִים לֹא יִטְהַר לְבָבוֹ וְרָחוֹק הוּא לָכֵן יִשְׁתַּדֵּל בְּאוֹמֶץ לְהִתְרַחֵק מֵהַקְלִיפּוֹת וּלְהִטָּהֵר וּלְהִדָּבֵק בְּיוֹצְרוֹ יִתְבָּרַךְ:</div>","",""
"Vayigash","חק לישראל - פרשת ויגש יום שלישי","1","","<h1><b>תורה</b></h1>","",""
"Vayigash","חק לישראל - פרשת ויגש יום שלישי","2","","<small>יכוין בקריאת חמשה פסוקים אלו שהם כנגד הֶ דמילוי הה ראשונה דשם ב''ן להשאיר בו הארה מתוספת נפש משבת שעברה:</small>","",""
"Vayigash","חק לישראל - פרשת ויגש יום שלישי","3","Genesis 44:28-32","<div>מד (<small>כח</small>) וַיֵּצֵ֤א הָֽאֶחָד֙ מֵֽאִתִּ֔י וָאֹמַ֕ר אַ֖ךְ טָרֹ֣ף טֹרָ֑ף וְלֹ֥א רְאִיתִ֖יו עַד־הֵֽנָּה׃</div><div><small>וּנְפַק חַד מִלְּוָתִי וַאֲמָרִית בְּרַם <b>מִקְטַל קְטִיל</b> וְלָא חֲזִתֵּיהּ עַד כְּעָן:</small></div><div>(<small>כט</small>) וּלְקַחְתֶּ֧ם גַּם־אֶת־זֶ֛ה מֵעִ֥ם פָּנַ֖י וְקָרָ֣הוּ אָס֑וֹן וְהֽוֹרַדְתֶּ֧ם אֶת־שֵׂיבָתִ֛י בְּרָעָ֖ה שְׁאֹֽלָה׃</div><div><small>וְתַדְבְּרוּן אַף יָת דֵּין מִן קֳדָמַי וִיעַרְעִנֵּיהּ <b>מוֹתָא</b> וְתַחֲתוּן יָת שִׂבְתִי בְּבִישְׁתָא לִשְׁאוֹל:</small></div><div>(<small>ל</small>) וְעַתָּ֗ה כְּבֹאִי֙ אֶל־עַבְדְּךָ֣ אָבִ֔י וְהַנַּ֖עַר אֵינֶ֣נּוּ אִתָּ֑נוּ וְנַפְשׁ֖וֹ קְשׁוּרָ֥ה בְנַפְשֽׁוֹ׃</div><div><small>וּכְעַן כְּמֵיתִי לְוַת עַבְדָךְ אַבָּא וְעוּלֵימָא לֵיתוֹהִי עִמָּנָא וְנַפְשֵׁיהּ <b>חֲבִיבָא לֵהּ כְּנַפְשֵׁיהּ</b>:</small></div><div>(<small>לא</small>) וְהָיָ֗ה כִּרְאוֹת֛וֹ כִּי־אֵ֥ין הַנַּ֖עַר וָמֵ֑ת וְהוֹרִ֨ידוּ עֲבָדֶ֜יךָ אֶת־שֵׂיבַ֨ת עַבְדְּךָ֥ אָבִ֛ינוּ בְּיָג֖וֹן שְׁאֹֽלָה׃</div><div><small>וִיהֵי כַּד יֶחֱזֵי אֲרֵי לֵית עוּלֵימָא וּמִית וְיַחֲתוּן עַבְדָיךְ יָת שִׂיבַת עַבְדָךְ אָבוּנָא בְּדָווֹנָא לִשְׁאוֹל:</small></div><div>(<small>לב</small>) כִּ֤י עַבְדְּךָ֙ עָרַ֣ב אֶת־הַנַּ֔עַר מֵעִ֥ם אָבִ֖י לֵאמֹ֑ר אִם־לֹ֤א אֲבִיאֶ֙נּוּ֙ אֵלֶ֔יךָ וְחָטָ֥אתִי לְאָבִ֖י כׇּל־הַיָּמִֽים׃</div><div><small>אַרֵי עַבְדָךְ מְעָרַב בְּעוּלֵימָא מִן אַבָּא לְמֵימָר אִם לָא אַיְתִנֵּיהּ לְוָתָךְ <b>וָאֱהִי חָטֵי</b> לְאַבָּא כָּל יוֹמַיָּא:</small></div>","<div>44 (28) and the one went out from me, and I said, Surely he is torn in pieces; and I saw him not since:</div><div>(29) and if you take this also from me, and mischief befall him, you shall bring down my grey hairs with sorrow to She᾽ol.</div><div>(30) Now therefore when I come to thy servant my father, and the lad is not with us; seeing that his life is bound up in the lad’s life;</div><div>(31) it shall come to pass, when he sees that the lad is not with us, that he will die: and thy servants shall bring down the grey hairs of thy servant our father with sorrow to She᾽ol.</div><div>(32) For thy servant became surety for the lad to my father, saying, If I bring him not to thee, then I shall have sinned to my father for ever.</div>",""
"Vayigash","חק לישראל - פרשת ויגש יום שלישי","4","","<h1><b>נביאים</b></h1>","",""
"Vayigash","חק לישראל - פרשת ויגש יום שלישי","5","Ezekiel 37:25-38:1","<div>לז (<small>כה</small>) וְיָשְׁב֣וּ עַל־הָאָ֗רֶץ אֲשֶׁ֤ר נָתַ֙תִּי֙ לְעַבְדִּ֣י לְיַֽעֲקֹ֔ב אֲשֶׁ֥ר יָֽשְׁבוּ־בָ֖הּ אֲבֽוֹתֵיכֶ֑ם וְיָשְׁב֣וּ עָלֶ֡יהָ הֵ֠מָּה וּבְנֵיהֶ֞ם וּבְנֵ֤י בְנֵיהֶם֙ עַד־עוֹלָ֔ם וְדָוִ֣ד עַבְדִּ֔י נָשִׂ֥יא לָהֶ֖ם לְעוֹלָֽם׃</div><div><small>וִיתִיבוּן עַל אַרְעָא דִיהָבִית לְעַבְדִי לְיַעֲקֹב דִיתִיבוּ בָהּ אֲבָהַתְכוֹן וְיַתְבוּן עֲלָהּ אִינוּן וּבְנֵיהוֹן וּבְנֵי בְנֵיהוֹן עַד עַלְמָא וְדָוִד עַבְדִי מַלְכָּא לְהוֹן לַעֲלָם:</small></div><div>(<small>כו</small>) וְכָרַתִּ֤י לָהֶם֙ בְּרִ֣ית שָׁל֔וֹם בְּרִ֥ית עוֹלָ֖ם יִהְיֶ֣ה אוֹתָ֑ם וּנְתַתִּים֙ וְהִרְבֵּיתִ֣י אוֹתָ֔ם וְנָתַתִּ֧י אֶת־מִקְדָּשִׁ֛י בְּתוֹכָ֖ם לְעוֹלָֽם׃</div><div><small>וְאֶגְזַר לְהוֹן קְיַם שְׁלָם קְיַם עֲלַם יְהֵי עִמְהוֹן וֶאֱבָרְכִינוּן וְאַסְגֵי יַתְהוֹן וְאֶתֵּן יַת מַקְדְשִׁי בֵּינֵיהוֹן לַעֲלָם:</small></div><div>(<small>כז</small>) וְהָיָ֤ה מִשְׁכָּנִי֙ עֲלֵיהֶ֔ם וְהָיִ֥יתִי לָהֶ֖ם לֵאלֹהִ֑ים וְהֵ֖מָּה יִהְיוּ־לִ֥י לְעָֽם׃</div><div><small>וְאַשְׁרֵי שְׁכִינְתִּי בֵּינֵיהוֹן וְאֶהֱוֵי לְהוֹן לֵאלָהָא וְאִינוּן יְהוֹן קֳדָמַי לְעָם:</small></div><div>(<small>כח</small>) וְיָֽדְעוּ֙ הַגּוֹיִ֔ם כִּ֚י אֲנִ֣י יְהֹוָ֔ה מְקַדֵּ֖שׁ אֶת־יִשְׂרָאֵ֑ל בִּהְי֧וֹת מִקְדָּשִׁ֛י בְּתוֹכָ֖ם לְעוֹלָֽם׃ <span class=""mam-spi-pe"">{פ}</span> </div><div><small>וְיֵדְעוּן עַמְמַיָא אֲרֵי אֲנָא יְיָ מְקַדֵשׁ יַת יִשְׂרָאֵל בְּמֶהֱוֵי מַקְדְשִׁי בֵּינֵיהוֹן לְעַלָם:</small></div><div>לח (<small>א</small>) וַיְהִ֥י דְבַר־יְהֹוָ֖ה אֵלַ֥י לֵאמֹֽר׃</div><div><small>וַהֲוָה פִּתְגַם נְבוּאָה מִן קֳדָם יְיָ עִמִי לְמֵימַר:</small></div>","<div>37 (25) And they shall dwell in the land that I have given to Ya῾aqov my servant, in which your fathers have dwelt; and they shall dwell there, they, and their children, and their children’s children for ever: and my servant David shall be their prince for ever.</div><div>(26) Moreover I will make a covenant of peace with them; it shall be an everlasting covenant with them, which I will give them; and I will multiply them, and will set my sanctuary in the midst of them for evermore.</div><div>(27) And my tabernacle shall be with them: and I will be their God, and they shall be my people.</div><div>(28) Then the nations shall know that I the Lord do sanctify Yisra᾽el, when my sanctuary shall be in the midst of them for evermore.</div><div>38 (1) And the word of the Lord came to me, saying,</div>",""
"Vayigash","חק לישראל - פרשת ויגש יום שלישי","6","","<h1><b>כתובים</b></h1>","",""
"Vayigash","חק לישראל - פרשת ויגש יום שלישי","7","Proverbs 10:15-19","<div>י (<small>טו</small>) ה֣וֹן עָ֭שִׁיר קִרְיַ֣ת עֻזּ֑וֹ מְחִתַּ֖ת דַּלִּ֣ים רֵישָֽׁם׃</div><div><small>קִנְיָנָא דְעַתִּירָא כְּרַכָּא דְעוּשְׁנֵיהּ וְשֵׁצְיָא דְמִסְכְּנָא צְרִיכוּתְהוֹן:</small></div><div>(<small>טז</small>) פְּעֻלַּ֣ת צַדִּ֣יק לְחַיִּ֑ים תְּבוּאַ֖ת רָשָׁ֣ע לְחַטָּֽאת׃</div><div><small>עוֹבָדֵי דְצַדִיקָא לְחַיֵי עֲלַלְתֵּיהּ דְרַשִׁיעָא לַחֲטוּתָא:</small></div><div>(<small>יז</small>) אֹ֣רַח לְ֭חַיִּים שׁוֹמֵ֣ר מוּסָ֑ר וְעֹזֵ֖ב תּוֹכַ֣חַת מַתְעֶֽה׃</div><div><small>אוֹרַח דְחַיֵי נָטְרֵי מַרְדוּתָא וּדְשָׁבֵק מַכְסְנוּתָא תָעֵי:</small></div><div>(<small>יח</small>) מְכַסֶּ֣ה שִׂ֭נְאָה שִׂפְתֵי־שָׁ֑קֶר וּמוֹצִ֥א דִ֝בָּ֗ה ה֣וּא כְסִֽיל׃</div><div><small>מַכְמֵין בְּעֵל דְבָבָא סִפְוָתָא דְשִׁקְרָא וּמַפִּיק טָבָא הוּא סִכְלָא:</small></div><div>(<small>יט</small>) בְּרֹ֣ב דְּ֭בָרִים לֹ֣א יֶחְדַּל־פָּ֑שַׁע וְחוֹשֵׂ֖ךְ שְׂפָתָ֣יו מַשְׂכִּֽיל׃</div><div><small>בְּסוּגְאָה דְמִלֵי לָא פָסֵק חוֹבָא וּדְחָשֵׂךְ שִׂפְוָתֵיהּ שׂוּכְלְתָנָא:</small></div>","<div>10 (15) The rich man’s wealth is his strong city: the ruin of the poor is their poverty.</div><div>(16) The wage of the righteous brings life: the gain of the wicked leads to sin.</div><div>(17) He that keeps instruction is in the way of life: but he that refuses reproof leads astray.</div><div>(18) He who hides hatred uses lying lips, and he that utters a slander, is a fool.</div><div>(19) In the multitude of words sin is not lacking: but he who restrains his lips is wise.</div>",""
"Vayigash","חק לישראל - פרשת ויגש יום שלישי","8","","<h1><b>משנה</b></h1>","",""
"Vayigash","חק לישראל - פרשת ויגש יום שלישי","9","Mishnah Yevamot 11","<div>א. נוֹשְׂאִין עַל הָאֲנוּסָה וְעַל הַמְפֻתָּה. הָאוֹנֵס וְהַמְפַתֶּה עַל הַנְּשׂוּאָה, חַיָּב. נוֹשֵׂא אָדָם אֲנוּסַת אָבִיו וּמְפֻתַּת אָבִיו, אֲנוּסַת בְּנוֹ וּמְפֻתַּת בְּנוֹ. רַבִּי יְהוּדָה אוֹסֵר בַּאֲנוּסַת אָבִיו וּמְפֻתַּת אָבִיו: 
</div><div>ב. הַגִּיּוֹרֶת שֶׁנִּתְגַּיְּרוּ בָנֶיהָ עִמָּהּ, לֹא חוֹלְצִין וְלֹא מְיַבְּמִין, אֲפִלּוּ הוֹרָתוֹ שֶׁל רִאשׁוֹן שֶׁלֹּא בִקְדֻשָּׁה וְלֵדָתוֹ בִקְדֻשָּׁה, וְהַשֵּׁנִי הוֹרָתוֹ וְלֵדָתוֹ בִקְדֻשָּׁה. וְכֵן שִׁפְחָה שֶׁנִּשְׁתַּחְרְרוּ בָנֶיהָ עִמָּהּ: 
</div><div>ג. חָמֵשׁ נָשִׁים שֶׁנִּתְעָרְבוּ וַלְדוֹתֵיהֶן, הִגְדִּילוּ הַתַּעֲרֹבוֹת וְנָשְׂאוּ נָשִׁים וּמֵתוּ, אַרְבָּעָה חוֹלְצִין לְאַחַת, וְאֶחָד מְיַבֵּם אוֹתָהּ. הוּא וּשְׁלשָׁה חוֹלְצִים לְאַחֶרֶת, וְאֶחָד מְיַבֵּם. נִמְצְאוּ אַרְבַּע חֲלִיצוֹת וְיִבּוּם לְכָל אַחַת וְאֶחָת: 
</div><div>ד. הָאִשָּׁה שֶׁנִּתְעָרֵב וְלָדָהּ בִּוְלַד כַּלָּתָהּ, הִגְדִּילוּ הַתַּעֲרֹבוֹת, וְנָשְׂאוּ נָשִׁים, וּמֵתוּ, בְּנֵי הַכַּלָּה חוֹלְצִין וְלֹא מְיַבְּמִין, שֶׁהוּא סְפֵק אֵשֶׁת אָחִיו סְפֵק אֵשֶׁת אֲחִי אָבִיו. וּבְנֵי הַזְּקֵנָה, אוֹ חוֹלְצִין אוֹ מְיַבְּמִין, שֶׁהוּא סְפֵק אֵשֶׁת אָחִיו וְאֵשֶׁת בֶּן אָחִיו. מֵתוּ הַכְּשֵׁרִים, בְּנֵי הַתַּעֲרֹבוֹת לִבְנֵי הַזְּקֵנָה חוֹלְצִין וְלֹא מְיַבְּמִין, שֶׁהוּא סְפֵק אֵשֶׁת אָחִיו וְאֵשֶׁת אֲחִי אָבִיו, וּבְנֵי הַכַּלָּה, אֶחָד חוֹלֵץ וְאֶחָד מְיַבֵּם: 
</div><div>ה. כֹּהֶנֶת שֶׁנִּתְעָרֵב וְלָדָּהּ בִּוְלַד שִׁפְחָתָהּ, הֲרֵי אֵלּוּ אוֹכְלִים בַּתְּרוּמָה, וְחוֹלְקִים חֵלֶק אֶחָד בַּגֹּרֶן, וְאֵינָן מִטַּמְּאִין לְמֵתִים, וְאֵין נוֹשְׂאִין נָשִׁים, בֵּין כְּשֵׁרוֹת בֵּין פְּסוּלוֹת. הִגְדִּילוּ הַתַּעֲרֹבוֹת, וְשִׁחְרְרוּ זֶה אֶת זֶה, נוֹשְׂאִין נָשִׁים רְאוּיוֹת לַכְּהֻנָּה, וְאֵינָן מִטַּמְּאִין לְמֵתִים. וְאִם נִטְמְאוּ, אֵינָן סוֹפְגִין אֶת הָאַרְבָּעִים. וְאֵינָן אוֹכְלִים בַּתְּרוּמָה. וְאִם אָכְלוּ, אֵינָן מְשַׁלְּמִין קֶרֶן וָחֹמֶשׁ. וְאֵינָן חוֹלְקִין עַל הַגֹּרֶן. וּמוֹכְרִין אֶת הַתְּרוּמָה, וְהַדָּמִים שֶׁלָּהֶם. וְאֵינָן חוֹלְקִים בְּקָדְשֵׁי הַמִּקְדָּשׁ, וְאֵין נוֹתְנִין לָהֶם קָדָשִׁים, וְאֵין מוֹצִיאִין שֶׁלָּהֶם מִיָּדָם, וּפְטוּרִין מִן הַזְּרֹעַ וּמִן הַלְּחָיַיִם וּמִן הַקֵּבָה, וּבְכוֹרוֹ יְהֵא רוֹעֶה עַד שֶׁיִּסְתָּאֵב, וְנוֹתְנִין עָלָיו חֻמְרֵי כֹהֲנִים וְחֻמְרֵי יִשְׂרְאֵלִים: 
</div><div>ו. מִי שֶׁלֹּא שָׁהֲתָה אַחַר בַּעְלָה שְׁלֹשָׁה חֳדָשִׁים וְנִשֵּׂאת, וְיָלְדָה, וְאֵין יָדוּעַ אִם בֶּן תִּשְׁעָה לָרִאשׁוֹן אִם בֶּן שִׁבְעָה לָאַחֲרוֹן. הָיוּ לָהּ בָּנִים מִן הָרִאשׁוֹן וּבָנִים מִן הַשֵּׁנִי, חוֹלְצִין וְלֹא מְיַבְּמִין. וְכֵן הוּא לָהֶם, חוֹלֵץ וְלֹא מְיַבֵּם. הָיוּ לוֹ אַחִים מִן הָרִאשׁוֹן וְאַחִים מִן הַשֵּׁנִי שֶׁלֹּא מֵאוֹתָהּ הָאֵם, הוּא חוֹלֵץ וּמְיַבֵּם, וְהֵם, אֶחָד חוֹלֵץ וְאֶחָד מְיַבֵּם: 
</div><div>ז. הָיָה אֶחָד יִשְׂרָאֵל וְאֶחָד כֹּהֵן, נוֹשֵׂא אִשָּׁה רְאוּיָה לְכֹהֵן, וְאֵינוֹ מִטַּמֵּא לְמֵתִים, וְאִם נִטְמָא, אֵינוֹ סוֹפֵג אֶת הָאַרְבָּעִים. וְאֵינוֹ אוֹכֵל בַּתְּרוּמָה, וְאִם אָכַל, אֵינוֹ מְשַׁלֵּם קֶרֶן וָחֹמֶשׁ. וְאֵינוֹ חוֹלֵק עַל הַגֹּרֶן. וּמוֹכֵר הַתְּרוּמָה, וְהַדָּמִים שֶׁלּוֹ. וְאֵינוֹ חוֹלֵק בְּקָדְשֵׁי הַמִּקְדָּשׁ, וְאֵין נוֹתְנִים לוֹ אֶת הַקָּדָשִׁים, וְאֵין מוֹצִיאִין אֶת שֶׁלּוֹ מִיָּדוֹ. וּפָטוּר מִן הַזְּרֹעַ וְהַלְּחָיַיִם וְהַקֵּבָה. וּבְכוֹרוֹ יְהֵא רוֹעֶה עַד שֶׁיִּסְתָּאֵב. וְנוֹתְנִין עָלָיו חֻמְרֵי כֹהֲנִים וְחֻמְרֵי יִשְׂרְאֵלִים. הָיוּ שְׁנֵיהֶם כֹּהֲנִים, הוּא אוֹנֵן עֲלֵיהֶם, וְהֵם אוֹנְנִים עָלָיו. הוּא אֵינוֹ מִטַּמֵּא לָהֶם, וְהֵם אֵינָן מִטַּמְּאִין לוֹ. הוּא אֵינוֹ יוֹרֵשׁ אוֹתָן, אֲבָל הֵם יוֹרְשִׁין אוֹתוֹ. וּפָטוּר עַל מַכָּתוֹ וְעַל קִלְלָתוֹ שֶׁל זֶה וְשֶׁל זֶה, וְעוֹלֶה בְמִשְׁמָרוֹ שֶׁל זֶה וְשֶׁל זֶה, וְאֵינוֹ חוֹלֵק. אִם הָיוּ שְׁנֵיהֶם בְּמִשְׁמָר אֶחָד, נוֹטֵל חֵלֶק אֶחָד: 
</div>","<div>1. <b>One may marry</b> a relative, e.g., the sister or the mother, <b>of the woman he raped and of the woman he seduced.</b> However, <b>one who rapes and one who seduces</b> a relative <b>of the woman who is married</b> to him <b>is liable</b> to receive capital punishment or <i>karet</i> for engaging in prohibited sexual intercourse, depending on the particular family relationship. <b>A man may marry a woman raped by his father, or a woman seduced by his father,</b> or <b>a woman raped by his son, or a woman seduced by his son. Rabbi Yehuda prohibits</b> marriage <b>in</b> the case of <b>a woman raped by his father or a woman seduced by his father.</b></div><div>2. With regard to <b>a female convert whose sons converted with her, they do not perform <i>ḥalitza</i></b> for each other’s wives, <b>and they do not perform levirate marriage</b> with them, as their conversions are considered rebirth, and they are considered unrelated. This is so <b>even</b> if <b>the conception of the first</b> son <b>was not in</b> the <b>sanctity</b> of Israel, i.e., the mother had not yet converted when she conceived of him, <b>but his birth was in</b> the <b>sanctity</b> of Israel, as his mother had converted by the time she gave birth to him, <b>whereas the second</b> son was both <b>conceived and born in sanctity.</b> The first son is considered a convert, who is unrelated to his brother. <b>And</b> this <i>halakha</i> <b>similarly</b> applies to <b>a maidservant whose sons were freed with her,</b> as they too are not considered relatives.</div><div>3. With regard to <b>five women whose offspring were mixed,</b> i.e., their lineage became indeterminate, and they had other sons as well who were not mixed, and <b>the mixed</b> sons <b>matured and married women and</b> subsequently <b>died,</b> then <b>four</b> sons who were not mixed, each one from a different mother, <b>must perform <i>ḥalitza</i> with one</b> of the widows, as she might be the sister-in-law of any of them. <b>And one</b> son of the mother whose sons did not perform <i>ḥalitza</i> <b>may perform levirate marriage with her</b> instead of <i>ḥalitza</i>; even if she is not his sister-in-law, once she has received <i>ḥalitza</i> from the others she may marry any man. Subsequently, <b>he and three</b> of the four other sons <b>must perform <i>ḥalitza</i> with one</b> of the remaining widows, <b>and</b> the other <b>one may perform levirate marriage.</b> When this process has been completed for all the widows, <b>four <i>ḥalitzot</i> and a levirate marriage are found</b> altogether <b>for each and every</b> widow.</div><div>4. With regard to <b>a woman whose offspring was mixed with the offspring of her daughter-in-law,</b> and their lineage was consequently indeterminate, and <b>the mixed</b> sons <b>matured and married women, and</b> subsequently <b>they died, the</b> certain <b>sons of the daughter-in-law perform <i>ḥalitza</i></b> with the wives, <b>but not levirate marriage, as</b> with regard to each wife <b>it is uncertain</b> whether she is <b>his brother’s wife,</b> and therefore his <i>yevama</i>, and <b>uncertain</b> whether she is <b>his father’s brother’s wife,</b> who is forbidden to him. However, <b>the</b> certain <b>sons of the elder woman,</b> i.e., the mother-in-law, <b>perform either <i>ḥalitza</i> or levirate marriage, as</b> with regard to each wife <b>it is uncertain</b> whether she is <b>his brother’s wife,</b> in which case levirate marriage is valid, <b>or his brother’s son’s wife,</b> in which case she is permitted to him, after having performed <i>ḥalitza</i> with a son of the daughter-in-law. If <b>the</b> sons of certain, <b>unflawed</b> lineage were the ones who <b>died,</b> then <b>the mixed</b> sons <b>perform <i>ḥalitza</i> with</b> the widows of <b>the elder woman’s sons but not levirate marriage, as it is uncertain</b> whether she is <b>his brother’s wife or his father’s brother’s wife. With</b> the widows of <b>the</b> certain <b>sons of the daughter-in-law, one</b> of the mixed sons <b>performs <i>ḥalitza</i>,</b> in case she is his brother’s wife. <b>And</b> the other <b>one performs levirate marriage,</b> as even if she is his brother’s son’s wife, she is permitted to him.</div><div>5. In the case of <b>a priestess whose offspring was mixed with her maidservant’s offspring, they may partake of <i>teruma</i>,</b> as both a priest and the slave of a priest partake of <i>teruma</i>. <b>And they receive one share</b> of <i>teruma</i> <b>in the granary.</b> <b>And they may not become ritually impure</b> with impurity imparted <b>by a corpse,</b> as each of them might be a priest. <b>And they may not marry women, whether unflawed</b> women, who may not marry a slave, <b>or</b> women <b>unfit</b> to marry into the priesthood, as with regard to each of them it is uncertain whether he is a priest or a slave. If <b>the mixed</b> sons <b>matured and freed each other, they may marry women fit</b> to marry <b>into the priesthood,</b> as a freed slave may marry such women. However, neither may marry a woman unfit for the priesthood, in case he is a priest. <b>And they may not become ritually impure</b> with impurity imparted <b>by a corpse,</b> since they are uncertain priests. <b>However, if they became impure, they do not receive the forty</b> lashes, as each of them might not be priest. <b>And they may not partake of <i>teruma</i>,</b> as one of them is not a priest. <b>However, if they ate</b> <i>teruma</i> unwittingly <b>they do not pay</b> the <b>principal and the</b> additional <b>fifth,</b> as each of them might be a priest. <b>And they do not receive a share</b> of <i>teruma</i> <b>in the granary,</b> as neither can prove that he is a priest. <b>However, they may sell the <i>teruma</i></b> that they remove from their own produce, <b>and</b> although they may not eat it, <b>the money is theirs.</b> Since it cannot be proven with regard to either of them that he is not a priest, <i>teruma</i> cannot be appropriated from them. <b>And they do not receive a share of the consecrated</b> offerings <b>of the Temple,</b> as each of them might not be a priest. <b>And one may not give them consecrated</b> offerings to sacrifice for the same reason. <b>However,</b> the hides of <b>their own</b> offerings <b>may not be appropriated from their possession,</b> as it cannot be proven with regard to either of them that he is not a priest. <b>And they are exempt from</b> giving a priest <b>the foreleg, and from</b> giving him <b>the jaw, and from</b> giving him <b>the maw</b> of their non-consecrated kosher animals. <b>And</b> with regard to either of them, the <b>firstling of his</b> kosher animal <b>should graze until it becomes unfit</b> to be sacrificed, i.e., until it gets a blemish. It is against his interest to sacrifice the animal before it gets a blemish, thereby letting it be eaten by the priests. Once it gets a blemish, it cannot be appropriated from him. Since he is possibly a priest, he may claim that the animal is the property of a priest. The animal then becomes his private property, and he may eat it if he wishes. <b>And</b> in general, <b>we place upon him</b> both <b>the stringencies of priests and the stringencies of Israelites.</b></div><div>6. With regard to a woman <b>who did not wait three months after</b> separating from <b>her husband, and remarried and gave birth</b> to a son, <b>and it is not known if he was born after nine</b> months of pregnancy <b>to the former</b> husband or <b>if he was born after seven</b> months <b>to the latter</b> husband, if <b>she had sons</b> of certain patrilineage <b>from the first</b> husband <b>and sons</b> of certain patrilineage <b>from the second</b> one, and the son of uncertain patrilineage married and died childless, then the brothers from both husbands <b>must perform <i>ḥalitza</i></b> with his wife, as they might be his paternal brothers. <b>But they may not perform levirate marriage</b> with her, in case he is only their maternal half brother, and his wife is forbidden to them. <b>And similarly,</b> with regard to <b>him and their</b> wives, if one of them dies childless, <b>he performs <i>ḥalitza</i> and not levirate marriage.</b> If <b>he had</b> half <b>brothers from the first</b> husband <b>and</b> half <b>brothers from the second, not from the same mother</b> but from the same father, <b>he performs <i>ḥalitza</i> or levirate marriage</b> with their widows. If he is indeed their paternal half brother, then the widows are his <i>yevamot</i>; if not, he may marry them like any other man. <b>And</b> similarly, with regard to <b>them</b> and his wife, <b>one</b> half brother from one father <b>performs <i>ḥalitza</i> and one</b> from the other father <b>performs levirate marriage.</b></div><div>7. If <b>one</b> of his two uncertain fathers <b>was an Israelite and one</b> was <b>a priest, he may marry</b> only <b>a woman fit to</b> marry <b>a priest,</b> due to the possibility that he is a priest. <b>And he may not become ritually impure</b> with impurity imparted <b>by a corpse</b> because he might be a priest. <b>But if he became impure, he does not receive the forty</b> lashes, as he might be a non-priest. Likewise, <b>he does not partake of <i>teruma</i>,</b> in case he is a non-priest. <b>However, if he ate</b> <i>teruma</i> <b>he does not pay</b> the <b>principal and the</b> additional <b>fifth,</b> as he might be a priest. <b>And he does not receive</b> <i>teruma</i> <b>at the granary. However, he may sell the <i>teruma</i></b> of his own produce <b>and the money is his.</b> It cannot be taken away from him due to the uncertainty with regard to his status. <b>And he does not receive a share of the sacred of the consecrated</b> offerings, <b>and one may not give him the consecrated</b> offerings to sacrifice. <b>However,</b> the hides of <b>his own</b> offerings <b>may not be appropriated from his possession. And he is exempt from</b> giving a priest <b>the foreleg, and the jaw, and the maw</b> of his non-consecrated animals. <b>And the firstling of his</b> animal <b>should graze until it becomes unfit</b> to be sacrificed because it gets a blemish. <b>And</b> in general, <b>we place upon him the stringencies of priests and the stringencies of Israelites.</b> If <b>both</b> uncertain fathers <b>were priests,</b> then if they die <b>he is in</b> a state of <b>acute mourning over</b> each of <b>them,</b> in case the deceased is his father. <b>And</b> if he dies, <b>they are</b> both <b>in a</b> state of <b>acute mourning over him,</b> as one of them is his father. <b>He may not become ritually impure to</b> bury <b>them,</b> as each one may not be his relative, <b>and they may not become ritually impure to</b> bury <b>him</b> for the same reason. <b>He does not inherit</b> from <b>them,</b> as the heirs of both husbands can reject his claims. <b>However, they inherit</b> from <b>him</b> if he has no sons and split his inheritance equally. <b>And he is exempt</b> from capital punishment <b>for striking and for cursing</b> both <b>this</b> father <b>and that one.</b> Although one who strikes or curses his father or mother is liable to receive the death penalty, he cannot be held liable, as it is unknown which of the men is his father. <b>He must ascend</b> to the Temple service <b>with the priestly watch of this</b> father <b>and of that one,</b> as he belongs to one of these watches and is obligated to serve with them. <b>However, he does not receive a share</b> of the portion of the offerings that gets eaten, as the members of each watch can claim that he is a member of the other watch. <b>If both</b> uncertain fathers <b>were in one priestly watch, he receives one share,</b> as he certainly belongs to that watch.</div>",""
"Vayigash","חק לישראל - פרשת ויגש יום שלישי","10","","<h1><b>גמרא</b></h1>","",""
"Vayigash","חק לישראל - פרשת ויגש יום שלישי","11","Yevamot 63a:7-10","וְאָמַר רִבִּי אֶלְעָזָר עֲתִידִין כָּל בַּעֲלֵי אוּמְנִיּוֹת שֶׁיַּעַמְדוּ עַל הַקַּרְקַע שֶׁנֶּאֱמַר (יחזקאל כז) וְיָרְדוּ מֵאֳנִיּוֹתֵיהֶם כֹּל תּוֹפְשֵׂי מָשׁוֹט מַלָּחִים כֹּל חוֹבְלֵי הַיָּם עַל הָאָרֶץ יַעֲמֹדוּ. וְאָמַר רִבִּי אֶלְעָזָר אֵין לָךְ אוּמְנוּת פְּחוּתָה מִן הַקַּרְקַע שֶׁנֶּאֱמַר וְיָרְדוּ. רִבִּי אֶלְעָזָר חַזְיָא לְהַהִיא אַרְעָא דְשָׁדֵי בֵיהּ כְּרַבָּא לְפוּתְיָא אָמַר לָהּ אִי תְשַׁדְיֵיהּ לְאוּרְכִּיךְ הֲפוּכֵי בְּעִיסְקָא טַב מִינָךְ. רַב עָל לְבֵינֵי שִׁבָּלֵי חֲזַנְהוּ דְקָא נַיְיפָן אָמַר לְהוּ אִי נַיְיפָת אִתְנוּפֵי הֲפוּכֵי בְעִסְקָא טַב מִינָךְ. אָמַר רָבָא מֵאָה זוּזֵי בְּעִסְקָא כָּל יוֹמָא בִּשְׂרָא וְחַמְרָא. מֵאָה זוּזֵי בְאַרְעָא מִילְחָא וַחֲפוּרָה וְלֹא עוֹד אֶלָּא מְגַנְיָא לֵיהּ אַאַרְעָא וּמְרַמְיָא לֵיהּ תִּיגְרֵי. אָמַר רַב פַּפָּא זְרַע וְלָא תֵזְבִין אַף עַל גַּב דְּכִי הֲדָדֵי נִינְהוּ הָנֵי מְבָרְכָן. זְבִין וְלָא תִיזוּל הַנֵי מִילֵי בִּיסְתַּרְקִי אֲבָל גְּלִימָא לָא מִיתְרַמְיָא לֵיהּ. טוּם וְלָא תַשְׁפִּיץ שְׁפִיץ וְלָא תִיבְנֵי שֶׁכָּל הָעוֹסֵק בְּבִנְיָן מִתְמַסְכֵּן. קְפוֹץ זְבִין אַרְעָא מָתוֹן נְסִיב אִתְּתָא. נְחִית דַּרְגָּא נְסִיב אִתְּתָא. סַק דַּרְגָּא בְּחַר שׁוּשְׁבִינָא:","<div><b>And Rabbi Elazar said: All craftsmen are destined to stand upon</b> and work <b>the land, as it is stated: “And all that handle the oar, the mariners, and all the pilots of the sea, shall come down from their ships, they shall stand upon the land”</b> (Ezekiel 27:29). <b>And Rabbi Elazar said: There is no occupation lowlier than</b> working <b>the land, as it is stated: “And they shall come down,”</b> implying that one who works the land is of lower stature than even a sailor. The Gemara similarly relates: <b>Rabbi Elazar saw land that was plowed</b> across <b>its width. He said to it:</b> Even <b>if they plow you</b> once more <b>lengthwise,</b> for further improvement, <b>conducting business is better than</b> farming with <b>you,</b> as the potential profits gained by selling merchandise are far greater than those from working the land.</div><div>The Gemara relates a similar incident: <b>Rav entered between the sheaves</b> in a field and <b>saw them waving</b> in the wind. <b>He said to them: If you</b> want to <b>wave</b> go ahead and <b>wave,</b> but <b>conducting business is better than</b> farming with <b>you. Rava</b> similarly <b>said:</b> One who has <b>a hundred dinars</b> that are invested <b>in</b> a <b>business</b> is able to eat <b>meat and wine every day,</b> whereas he who has <b>a hundred dinars</b> worth <b>of land</b> eats only <b>salt and vegetables. And what is more,</b> working the land <b>causes him to lie on the ground</b> at night in order to guard it, <b>and</b> it <b>draws quarrels upon him</b> with other people.</div><div><b>Rav Pappa said: Sow</b> your own produce <b>and do not buy</b> it. <b>Even though they are equal to each other</b> in value, <b>these</b> that you sow <b>will be blessed.</b> Conversely, <b>buy</b> your clothes <b>rather than weave [<i>teizul</i>]</b> them yourself. The Gemara comments: <b>This applies</b> only to <b>mats [<i>bistarkei</i>], but</b> with regard to the <b>cloak</b> one wears, perhaps <b>he will not find it</b> precisely to his liking, and therefore he should make his own cloak, which fits his measurements.</div><div>Rav Pappa further advised: If there is a hole in your house, <b>close</b> it <b>up and do not</b> enlarge it and then <b>plaster</b> it, or at least <b>plaster</b> it <b>and do not</b> knock it down and <b>build</b> it again. <b>As, whoever engages in construction becomes poor. Hurry</b> to <b>buy land</b> so that you do not lose the opportunity. Be <b>patient and marry a woman</b> who is suitable for you. <b>Descend a level</b> to <b>marry a woman</b> of lower social status, and <b>ascend a level</b> to <b>choose a friend [<i>shushevina</i>].</b></div>",""
"Vayigash","חק לישראל - פרשת ויגש יום שלישי","12","","<h1><b>זוהר</b></h1>","",""
"Vayigash","חק לישראל - פרשת ויגש יום שלישי","13","Zohar, Vayigash 7","וְלֹא יָכוֹל יוֹסֵף לְהִתְאַפֵּק לְכָל הַנִּצָבִים עָלָיו וְגוֹ' רַבִּי חִיָּא פָּתַח וְאָמַר (תהלים קי''ב) פִּזַּר נָתַן לָאֶבְיוֹנִים צִדְקָתוֹ עוֹמֶדֶת לָעַד קַרְנוֹ תָּרוּם בְּכָבוֹד, תָּא חֲזֵי קֻדְשָׁא בְּרִיךְ הוּא בָּרָא עָלְמָא וְאַשְׁלִיט עֲלֵיהּ לָאָדָם דִּיהֵא מַלְכָּא עַל כֹּלָּא וְהַאי בַּר נַשׁ מִתְפָּרְשָׁן מִנֵּיהּ בְּעָלְמָא כַּמָּה זִינִין מִנְּהוֹן צַדִּיקַיָּא וּמִנְּהוֹן רְשִׁיעַיָּא מִנְּהוֹן טִפְּשִׁין וּמִנְהוֹן חַכִּימִין וְכֻלְּהוּ אִתְקַיְּמוּ בְּעָלְמָא עֲתִירִין וּמַסְכְּנִין וְכֻלְּהוּ בְּגִין לְמִזְכֵּי אִלֵּין בְּאִלֵּין לְמִזְכֵּי צַדִּיקַיָּא עִם רְשִׁיעַיָּא לְמִזְכֵּי חַכִּימִין עִם טִפְּשִׁין לְמִזְכֵּי עֲתִירִין עִם מַסְכְּנִין דְּהָא בְּגִין כָּךְ זָכִי בַּר נַשׁ לְחַיֵּי עָלְמָא וְאִתְקְּשָׁר בְּאִילָנָא דְּחַיֵּי וְלָא עוֹד אֶלָּא דְּהָא צְדָקָה דְּאִיהוּ עָבִיד קָאִים לְעָלְמִין דִּכְתִיב וְצִדְקָתוֹ עוֹמֶדֶת לָעַד, פִּזַּר נָתַן לָאֶבְיוֹנִים, רַבִּי אֶלְעָזָר אָמַר כַּד בָּרָא קֻדְשָׁא בְּרִיךְ הוּא עָלְמָא קָאִים לֵיהּ עַל סָמְכָא חַד וְצַדִּיק שְׁמֵיהּ וְהַאי צַדִּיק אִיהוּ קִיּוּמָא דְּעָלְמָא וְדָא אִיהוּ דְּאַשְׁקֵי וְזָן לְכֹלָּא דִּכְתִיב (בראשית ב) וְנָהָר יוֹצֵא מֵעֵדֶן לְהַשְּׁקוֹת אֶת הַגָּן וּמִשָּׁם יִפָּרֵד וְהָיָה לְאַרְבָּעָה רָאשִׁים, וּמִשָּׁם יִפָּרֵד מַהוּ יִפָּרֵד אֶלָּא הַהוּא מְזוֹנָא וּמְשַׁקְיָא דְּהַהוּא נָהָר נָטִיל גִּנְתָא וּלְבָתַר אִתְבַּדָּר הוּא מִשַּׁקְיָא לְאַרְבַּע סִטְרִין דְּעָלְמָא וְכַמָּה אִנּוּן דִּמְצַפָּאָן לְאִתְשַׁקְּיָא וּלְאִתְזָנָא מִתַּמָּן כְּמָה דְּאַתְּ אָמַר (תהלים קמ''ה) עֵינֵי כֹל אֵלֶיךָ יְשַׂבֵּרוּ וְאַתָּה נוֹתֵן לָהֶם אֶת אָכְלָם בְּעִתּוֹ, וּבְגִין כָּךְ פִּזַּר נָתַן לָאֶבְיוֹנִים דָּא צַדִּיק צִדְקָתוֹ עוֹמֶדֶת לָעַד דָּא כְּנֶסֶת יִשְׂרָאֵל דִּבְגִין כָּךְ אִיהִי קַיְּמָא בְּרָזָא דְּשָׁלֵם בְּקִיּוּמָא שְׁלִים, רָשָׁע יִרְאֶה וְכָעַס דָּא מַלְכוּת עכו''ם, תָּא חֲזֵי מַלְכוּת שָׁמַיִם אִיהִי בֵּי מַקְדְּשָׁא לְקַיְּמָא כָּל מַסְכְּנֵי בְּגוֹ צִלָּא דְּשֵׁרוּתָא דִּשְׁכִינְתָּא וְצַדִּיק דָּא אִיהוּ אִקְּרֵי גַּבַּאי צְדָקָה לְמֵיחָן וּלְמֵזָן לְכֹלָּא דִּכְתִיב פִּזַּר נָתַן לָאֶבְיוֹנִים בְּגִין כָּךְ גַּבָּאי צְדָקָה נָטְלֵי אַגְרָא לָקֳבֵל כֻּלְּהוּ דְּיָהֲבֵי צְדָקָה תָּא חֲזֵי וְלֹא יָכוֹל יוֹסֵף לְהִתְאַפֵּק לְכָל הַנִּצָבִים אִלֵּין אִנּוּן כָּל דְּקַיְּמֵי לְאִתְזָנָא וּלְאִתְשַׁקְּיָא מִנֵּיהּ, וְלֹא עָמַד אִישׁ אִתּוֹ בְּהִתְוַדַּע יוֹסֵף אֶל אֶחָיו, אִתּוֹ דָּא כְּנֶסֶת יִשְׂרָאֵל, אֶחָיו אִלֵּין שְׁאָר רְתִיכִין חֵילִין דִּכְתִיב בְּהוּ (תהלים קכ''ב) לְמַעַן אֲחַי וְרֵעָי, דּ''א וְלֹא עָמַד אִישׁ אִתּוֹ בְּזִמְנָא דְּקֻדְשָׁא בְּרִיךְ הוּא אָתֵי לְאִזְדַוָּגָא בִּכְנֶסֶת יִשְׂרָאֵל, בְּהִתְוַדַּע יוֹסֵף אֶל אֶחָיו בְּזִמְנָא דְּקֻדְשָׁא בְּרִיךְ הוּא הַוָּה מִתְחַבַּר בְּהוּ בְּיִשְׂרָאֵל בְּגִין דְּאִנּוּן נָטְלֵי בִּלְחוֹדַיְהוּ וְלָא חֲבוּרָא דְּעַמִּין עכו''ם בַּהֲדַיְהוּ בְּגִין כָּךְ (במדבר כ''ט) בַּיּוֹם הַשְּׁמִינִי עֲצֶרֶת תִּהְיֶה לָכֶם דְּהָא בְּזִמְנָא דָּא אִיהוּ קֻדְשָׁא בְּרִיךְ הוּא בִּלְחוֹדוֹי בַּחֲבוּרָא חָדָא עִם יִשְׂרָאֵל דִּכְתִיב בְּהוּ אֲחַי וְרֵעָי כְּמָה דְּאוֹקְמוּהָ, רַבִּי יֵיסָא פָּתַח קְרָא בְּזִמְנָא דְּקֻדְשָׁא בְּרִיךְ הוּא יוֹקִים לָהּ לִכְנֶסֶת יִשְׂרָאֵל מֵעַפְרָא וְיִבְעֵי לְאַנְקָמָא נִקְמָתָא מֵעַמָּמַיָּא עכו''ם כְּדֵין כְּתִיב (ישעיה ס''ג) וּמֵעַמִּים אֵין אִישׁ אִתִּי וּכְתִיב הָכָא וְלֹא עָמַד אִישׁ אִתּוֹ בְּהִתְוַדַּע יוֹסֵף אֶל אֶחָיו, כְּמָה דְּאַתְּ אָמַר (שם) וַיְנַטְּלֵם וַיְנַשְּׂאֵם כָּל יְמֵי עוֹלָם:","",""
"Vayigash","חק לישראל - פרשת ויגש יום שלישי","14","","וְלֹא יָכוֹל יוֹסֵף לְהִתְאַפֵּק וְגוֹ': רַבִּי חִיָּא פָּתַח וְאָמַר, (תהלים קי''ג) פִּזַּר נָתַן לָאֶבְיוֹנִים וְגוֹ'. בֹּא וּרְאֵה, הַקָּדוֹשׁ בָּרוּךְ הוּא בָּרָא הָעוֹלָם, וְהִמְשִׁיל אֶת הָאָדָם עָלָיו. שֶׁיִּהְיֶה מֶלֶךְ עַל הַכֹּל. וְאָדָם הַזֶּה, נִפְרָדִים מִמֶּנּוּ בָּעוֹלָם כַּמָּה מִינִים, מֵהֶם צַדִּיקִים מֵהֶם רְשָׁעִים, מֵהֶם טִפְּשִׁים מֵהֶם חֲכָמִים, וְכֻלָּם כָּל אַרְבַּע מִינִים הַלָּלוּ, מִתְקַיְּמִים בָּעוֹלָם עֲשִׁירִים וַעֲנִיִּים וְכֻלָּם הוּא, כְּדֵי שֶׁיִּזְכּוּ וְיֵטִיבוּ אֵלּוּ עִם אֵלּוּ, שֶׁיֵּטִיבוּ הַצַדִּיקִים עִם הָרְשָׁעִים לְהַחֲזִירָם בִּתְשׁוּבָה, וְיֵטִיבוּ הַחֲכָמִים עִם הַטִּפְּשִׁים, לְלַמְּדָם שֵׂכֶל. וְיֵטִיבוּ הָעֲשִׁירִים עִם הָעֲנִיִּים, לְמַלְּאוֹת מַחֲסוֹרָם. כִּי עַל יְדֵי זֶה, זוֹכֶה הָאָדָם לְחַיֵּי עוֹלָם, וּמִתְקַשֵּׁר בְּעֵץ הַחַיִּים. וְעַל זֶה אוֹמֵר הַכָּתוּב, פִּזַּר נָתַן לָאֶבְיוֹנִים. וְלֹא עוֹד, אֶלָּא צְדָקָה זוֹ שֶׁהוּא עוֹשֶׂה, עוֹמֶדֶת לָעַד, שֶׁכָּתוּב. וְצִדְקָתוֹ עוֹמֶדֶת לָעַד. פִּזַּר נָתַן לָאֶבְיוֹנִים: רַבִּי אֶלְעָזָר אָמַר, כַּאֲשֶׁר בָּרָא הַקָּדוֹשׁ בָּרוּךְ הוּא אֶת הָעוֹלָם, הֶעֱמִיד אוֹתוֹ עַל עַמּוּד אֶחָד, וְצַדִּיק שְׁמוֹ. וְצַדִּיק זֶה הוּא קִיּוּם הָעוֹלָם, וְזֶה הוּא שֶׁמַּשְׁקֶה, וְזָן לַכֹּל. שֶׁכָּתוּב, (בראשית ג') וְנָהָר יוֹצֵא מֵעֵדֶן לְהַשְׁקוֹת אֶת הַגָּן וּמִשָּׁם יִפָּרֵד וְגוֹ'. וּמִשָּׁם יִפָּרֵד. מַהוּ יִפָּרֵד, שֶׁאוֹמֵר הַכָּתוּב, אֶלָּא, אוֹתוֹ מָזוֹן וּמַשְׁקֶה שֶׁל נָהָר הַהוּא, מְקַבֵּל הַכֹּל הַגָּן, וְאַחַר כָּךְ מִתְפַּזֵּר הַמַשְׁקֶה לְאַרְבַּע רוּחוֹת הָעוֹלָם, וְכַמָּה הֵם הַמְּצַפִּים לְהִשָּׁתוֹת וּלְהִזּוֹן מִשָּׁם, כְּמוֹ שֶׁכָּתוּב (תהלים קס''ה) עֵינֵי כֹל אֵלֶיךְ יְשַׂבֵּרוּ וְאַתָּה נוֹתֵן לָהֶם אֶת אָכְלָם בְּעִתּוֹ. וְעַל כֵּן, פִּזַּר נָתַן לָאֶבְיוֹנִים, זֶהוּ הַצַדִּיק, צִדְקָתוֹ עוֹמֶדֶת לָעַד, זוֹהִי כְּנֶסֶת יִשְׂרָאֵל, שֶׁבִּשְׁבִיל זֶה, הִיא עוֹמֶדֶת בְּסוֹד הַשָּׁלוֹם, בְּקִיּוּם שָׁלֵם. רָשָׁע יִרְאֶה וְכָעַס, זֶה הִיא מַלְכוּת עוֹבְדֵי עֲבוֹדָה זָרָה, בֹּא וּרְאֵה, מַלְכוּת שָׁמַיִם, הִיא בֵּית הַמִּקְדָּשׁ, הַמְקַיֶּמֶת כָּל הָעֲנִיִּים בְּצֵל מִשְׁכָּנָהּ שֶׁל הַשְּׁכִינָה, וְצַדִּיק זֶה, הוּא נִקְרָא גַּבַּאי צְדָקָה, לְחוֹנֵן וְלָזוּן אֶת הַכֹּל, דִכְתִיב פִּזַּר נָתַן לָאֶבְיוֹנִים, מִשּׁוּם זֶה גַּבָּאֵי צְדָקָה מְקַבְּלִים שָׂכָר, נֶגֶד כֻּלָּם שֶׁנָּתְנוּ לָהֶם הַצְדָקָה, בֹּא וּרְאֵה, וְלֹא יָכוֹל וְגוֹ' לְכָל הַנִּצָבִים עָלָיו: אֵלּוּ הֵם, כָּל הָעוֹמְדִים לְהִזּוֹן וְלִשְׁתוֹת מִמֶּנּוּ. וְלֹא עָמַד אִישׁ אִתּוֹ בְּהִתְוַדַּע יוֹסֵף אֶל אֶחָיו. זוֹהִי כְּנֶסֶת יִשְׂרָאֵל, שֶׁלֹּא עָמַד אִישׁ אִתָּהּ, בְּהִתְוַדַּע וְגוֹ', דְּהַיְנוּ בְּעֵת הַזִּוּוּג, כִּי זִוּוּג מְכוּנֶה יְדִיעָה. אֶחָיו, אֵלּוּ הֵם שְׁאָר הַמֶּרְכָּבוֹת וְהַצְבָאוֹת, שֶׁכָּתוּב בָּהֶם לְמַעַן אֲחַי וְרֵעָי. דָּבָר אַחֵר וְלֹא עָמַד אִישׁ אִתּוֹ: פֵּרוּשׁוֹ, בִּזְמָן שֶׁהַקָּדוֹשׁ בָּרוּךְ הוּא הָיָה מִתְחַבֵּר בְּיִשְׂרָאֵל, מִשּׁוּם שֶׁהֵם בִּלְבַדָּם מְקַבְּלִים אָז מֵהֶאָרַת הַזִּוּוּג, וְאֵין חִבּוּר מֵהָעַמִּים עוֹבְדֵי עֲבוֹדָה זָרָה עִמָּהֶם, מִשּׁוּם זֶה אוֹמֵר הַכָּתוּב, (במדבר כ''ט) בַּיּוֹם הַשְּׁמִינִי עֲצֶרֶת תִּהְיֶה לָכֶם, כִּי בַּזְּמָן הַהוּא, הַקָּדוֹשׁ בָּרוּךְ הוּא הוּא בְּחִבּוּר אֶחָד עִם יִשְׂרָאֵל בִּלְבַדָּם, שֶׁכָּתוּב בָּהֶם אַחַי וְרֵעָי. כְּמוֹ שֶׁבֵּאֲרוּהוּ. רַבִּי יֵיסָא פָּתַח הַכָּתוּב, בִּזְמָן שֶׁהַקָּדוֹשׁ בָּרוּךְ הוּא יָקִים אֶת כְּנֶסֶת יִשְׂרָאֵל מֵעָפָר, וְיִרְצֶה לִנְקֹם נִקְמָתוֹ מֵעַמִּים עוֹבְדֵי עֲבוֹדָה זָרָה, אָז כָּתוּב, (ישעיה ס''ג) וּמֵעַמִּים אֵין אִישׁ אִתִּי. וְהַיְנוּ שֶׁכָּתוּב כָּאן, וְלֹא עָמַד אִישׁ אִתּוֹ בְּהִתְוַדַּע יוֹסֵף אֶל אֶחָיו. כְּמוֹ שֶׁאַתָּה אוֹמֵר, וַיְּנַטְלֵם וַיְּנַשְּׂאֵם כָּל יְמֵי עוֹלָם.","",""
"Vayigash","חק לישראל - פרשת ויגש יום שלישי","15","","<h1><b>הלכה פסוקה</b></h1>","",""
"Vayigash","חק לישראל - פרשת ויגש יום שלישי","16","Mishneh Torah, Repentance 1:4","<div><b>א. </b>אַף עַל פִּי שֶׁהַתְּשׁוּבָה מְכַפֶּרֶת עַל הַכֹּל וְעִצוּמוֹ שֶׁל יוֹם הַכִּפּוּרִים מְכַפֵּר יֵשׁ עֲבֵירוֹת שֶׁהֵן מִתְכַּפְּרִין בְּשַׁעְתָּן וְיֵשׁ עֲבֵירוֹת שֶׁאֵין מִתְכַּפְּרִין אֶלָּא לְאַחַר זְמָן. כֵּיצַד עָבַר אָדָם עַל מִצְוַת עֲשֵׂה שֶׁאֵין בָּה כָּרֵת וְעָשָׂה תְּשׁוּבָה אֵינוֹ זָז מִשָּׁם עַד שֶׁמּוֹחֲלִין לוֹ וּבְאֵלּוּ נֶאֱמַר (ירמי' ג') שׁוּבוּ בָּנִים שׁוֹבָבִים אֶרְפָּא מְשׁוּבוֹתֵיכֶם וְגו':</div><div><b>ב. </b>עָבַר עַל מִצְוַת לֹא תַעֲשֶׂה שֶׁאֵין בָּה כָּרֵת וְלֹא מִיתַת בֵּית דִּין וְעָשָׂה תְשׁוּבָה תְּשׁוּבָה תּוֹלָה וְיוֹם הַכִּפּוּרִים מְכַפֵּר וּבְאֵלּוּ נֶאֱמַר (ויקרא טז) כִּי בַיּוֹם הַזֶּה יְכַפֵּר עֲלֵיכֶם עָבַר עַל כְּרִיתוּת וּמִיתַת בֵּית דִּין וְעָשָׂה תְשׁוּבָה תְּשׁוּבָה וְיוֹם הַכִּפּוּרִים תּוֹלִין וְיִסּוּרִין הַבָּאִים עָלָיו גּוֹמְרִין לוֹ הַכַּפָּרָה וּלְעוֹלָם אֵין מִתְכַּפֵּר לוֹ כַּפָּרָה גְמוּרָה עַד שֶׁיָּבֹאוּ עָלָיו יִסּוּרִין וּבְאֵלּוּ נֶאֱמַר (תהלים פט) וּפָּקַדְתִּי בְּשֵׁבֶט פִּשְׁעָם וּבִנְגָעִים עֲוֹנָם:</div><div><b>ג. </b>בַּמֶּה דְּבָרִים אֲמוּרִים כְּשֶׁלֹּא חִלֵּל אֶת הַשֵׁם אַף עַל פִּי שֶׁעָשָׂה תְשׁוּבָה וְהִגִּיעַ יוֹם הַכִּפּוּרִים וְהוּא עוֹמֵד בִּתְשׁוּבָתוֹ וּבָאוּ עָלָיו יִסּוּרִין אֵינוֹ מִתְכַּפֵּר לוֹ כַּפָּרָה גְמוּרָה עַד שֶׁיָּמוּת אֶלָּא תְשׁוּבָה וְיוֹם הַכִּפּוּרִים וְיִסּוּרִין שְׁלָשְׁתָּן תּוֹלִין וּמִיתָה מְכַפֶּרֶת שֶׁנֶּאֱמַר (ישעי' כב) וְנִגְלָה בְאָזְנָי ה' צְבָאוֹת אִם יְכֻפַּר הֶעָוֹן הַזֶּה לָכֶם וְגוֹ':</div>","<div>Even on the presumption that repentance atones for all sins, and the Day of Atonement as such, too, atones, there are yet certain sins which are wiped off at the time, and certain other sins which are are not wiped off but after a lapse of time. For example? If a man violated a mandatory commandment which does not carry the guilt of excision and did repent, he moves not from the place of prayer before he is forgiven. Of such it is said: ""Return, ye backsliding children and I will heal your back-slidings"" (Jer. 3.22). If he violated a prohibitive commandment which carries neither excision nor death by a tribunal, and did repent, the repentance suspends punishment, whereafter the Day of Atonement wipes out the sin. Of such it is said: ""For on that day shall the priest make an atonement for you"" (Lev. 16. 30). If he sinned in matters which carry excisions and deaths by a tribunal and did repent, repentance and the Day of Atonement suspend punishment, and the pain which he suffers thereafter complete the atonement for him. Forsooth, no complete atonement ever comes to the penitent before he has a visitation of suffering. Of such it is said: ""Then will I visit their transgression with the rod, and their iniquity with strokes'"" (Ps. 89.32). That saying is concerning a sinner who did not blaspheme the Name in connnection with his transgression, but whosoever blasphemes the Name even he did repent, and the Day of Atonement did come and he still be a penitent, and sufferings did visit him, no complete atonement is granted to him till his death, for, repentance, the Day of Atonement and sufferings suspend punishment, and only death atones for him, even as it is said: ""And it was revealed in mine ears by the Lord of hosts. Surely this iniquity shall not be purged from you till ye die"" (Is. 22.14)<sup class=""footnote-marker"">4</sup><i class=""footnote"">Yoma, 87a. C. G.</i></div>",""
"Vayigash","חק לישראל - פרשת ויגש יום שלישי","17","","<h1><b>מוסר</b></h1>","",""
"Vayigash","חק לישראל - פרשת ויגש יום שלישי","18","","<div><strong><span style=""color: #999999;"">ספר חרדים דף ע""א ע""א</span></strong></div><div>אָמְרוּ זִכְרוֹנָם לִבְרָכָה בְּעֵת הַתְּפִלָּה לֹא יְהֵא דָבָר חוֹצֵץ בֵּינוֹ לְבֵין הַקִּיר וְהָרֶמֶז לִשְׁכִינָה שֶׁיָּסִיר כָּל מַחֲשָׁבָה רָעָה אוֹ אֲפִילוּ בִּלְתִּי רָעָה מִלְּבָבוֹ וְלֹא יְכַוֵּין אֶלָּא לְפִירוּשׁ מַה שֶׁמּוֹצִיא בִשְׂפָתָיו. יְדַּמֶּה הָאָדָם זֶה הָעוֹלָם לְקַיִץ יָפֶה וְאַחֲרֵי מָוֶת לְחוֹרֶף קָשֶׁה וְאִם לֹא יָכִין בַּקַיִץ יָמוּת בַּחוֹרֶף וְהַיְינוּ דִּכְתִיב (משלי ו) לֵךְ אֶל נְמָלָה עָצֵל וְגוֹ' עוֹד יֵשׁ לְפָרֵשׁ לֹא יְהֵא דָבָר חוֹצֵץ הַיְינוּ הַגּוּף אֶלָּא כְּאִלּוּ אֵינֶנּוּ בָּעוֹלָם וְיִדְבַּק נַפְשׁוֹ בְּנַפְשׁוֹ כְּאֶבֶן שׁוֹאֶבֶת בְּבַרְזֶל. הַצַדִּיק הַיּוֹשֵׁב בְּאֶרֶץ יִשְׂרָאֵל מְיַיחֵד הָעוֹלָם הַבָּא שֶׁנִּבְרָא בְּיוּ''ד וּמֵהָאָרֶץ עַד לָרָקִיעַ חֲמֵשׁ מֵאוֹת שָׁנָה שֶׁהוּא רֶמֶז לְהֵ''א רִאשׁוֹנָה שֶׁל שֵׁם. הָאָדָם שֶׁבָּאָרֶץ עוֹמֵד עַל רַגְלָיו רֶמֶז לְוי''ו הָאָרֶץ אֲשֶׁר יוֹשֵׁב עָלֶיהָ רֶמֶז לְהֵ''א אַחֲרוֹנָה שֶׁבַּשֵׁם וּבְצֵאתוֹ חוּץ לָאָרֶץ מַפְרִיד. וְהָאָבוֹת לֹא יָצְאוּ אֶלָּא עַל פִּי הַדִּבּוּר. עוֹד כֵּיוָן שֶׁגוֹלֶה הָאָדָם מִן הָאָרֶץ גוֹרֵם גָלוּת לַשְּׁכִינָה עִמּוֹ וְאִם אָדָם בְּצָרָה בָּאָרֶץ דַיּוֹ לְעֶבֶד לִהְיוֹת כְּרַבּוֹ עִמוֹ אָנֹכִי בְצָרָה. הַמּוּבְחַר שֶׁבָּאָדָם הוּא הַלֵּב רְצוֹנוֹ לוֹמַר הַשֵּׂכֶל וְכֵן אָמְרוּ דַּעַת חָסַרְתָּ מַה קָנִיתָ דַעַת קָנִיתָ מַה חָסַרְתָּ וְהַמַכְעִיס לְיוֹצְרוֹ בְּמִבְחַר הַטּוֹבוֹת שֶׁהֵטִיבוֹ כַּמָּה עָנְשׁוֹ גָּדוֹל:</div>","",""
"Vayigash","חק לישראל - פרשת ויגש יום רביעי","1","","<h1><b>תורה</b></h1>","",""
"Vayigash","חק לישראל - פרשת ויגש יום רביעי","2","","<small>יכוין בקריאת ששה פסוקים אלו שהם כנגד וָ דמילוי וו דשם ב''ן לקנות הארת מתוספת נפש יתרה משבת הבאה:</small>","",""
"Vayigash","חק לישראל - פרשת ויגש יום רביעי","3","Genesis 44:33-45:4","<div>מד (<small>לג</small>) וְעַתָּ֗ה יֵֽשֶׁב־נָ֤א עַבְדְּךָ֙ תַּ֣חַת הַנַּ֔עַר עֶ֖בֶד לַֽאדֹנִ֑י וְהַנַּ֖עַר יַ֥עַל עִם־אֶחָֽיו׃</div><div><small><b>וּכְעַן</b> יֵתֶב <b>כְּעַן</b> עַבְדָךְ תְּחוֹת עוּלֵימָא עַבְדָא לְרִבּוֹנִי וְעוּלֵימָא יִסַּק עִם אֲחוּהִי:</small></div><div>(<small>לד</small>) כִּי־אֵיךְ֙ אֶֽעֱלֶ֣ה אֶל־אָבִ֔י וְהַנַּ֖עַר אֵינֶ֣נּוּ אִתִּ֑י פֶּ֚ן אֶרְאֶ֣ה בָרָ֔ע אֲשֶׁ֥ר יִמְצָ֖א אֶת־אָבִֽי׃</div><div><small>אֲרֵי אֶכְדֵּין אֶסַּק לְוַת אַבָּא וְעוּלֵימָא לֵיתוֹהִי עִמִּי דִּלְמָא אֶחֱזֵי בְּבִישׁוּ דִּי יִשְׁתְּכַח יָת אַבָּא:</small></div><div>מה (<small>א</small>) וְלֹֽא־יָכֹ֨ל יוֹסֵ֜ף לְהִתְאַפֵּ֗ק לְכֹ֤ל הַנִּצָּבִים֙ עָלָ֔יו וַיִּקְרָ֕א הוֹצִ֥יאוּ כׇל־אִ֖ישׁ מֵעָלָ֑י וְלֹא־עָ֤מַד אִישׁ֙ אִתּ֔וֹ בְּהִתְוַדַּ֥ע יוֹסֵ֖ף אֶל־אֶחָֽיו׃</div><div><small>וְלָא יְכִיל יוֹסֵף לְאִתְחַסָּנָא לְכֹל דְּקָיְמִין עִלָּו‍ֹהִי וּקְרָא אַפִּיקוּ כָל אֱנַשׁ מֵעִלָּוָי וְלָא קָם אֱנַשׁ עִמֵּיהּ כַּד אִתְיְדַע יוֹסֵף לְוַת אֲחוֹהִי:</small></div><div>(<small>ב</small>) וַיִּתֵּ֥ן אֶת־קֹל֖וֹ בִּבְכִ֑י וַיִּשְׁמְע֣וּ מִצְרַ֔יִם וַיִּשְׁמַ֖ע בֵּ֥ית פַּרְעֹֽה׃</div><div><small>וִיהַב יָת קָלֵיהּ בִּבְכִיתָא וּשְׁמָעוּ מִצְרַיִם וּשְׁמַע <b>אֱנַשׁ</b> בֵּית פַּרְעֹה:</small></div><div>(<small>ג</small>) וַיֹּ֨אמֶר יוֹסֵ֤ף אֶל־אֶחָיו֙ אֲנִ֣י יוֹסֵ֔ף הַע֥וֹד אָבִ֖י חָ֑י וְלֹֽא־יָכְל֤וּ אֶחָיו֙ לַעֲנ֣וֹת אֹת֔וֹ כִּ֥י נִבְהֲל֖וּ מִפָּנָֽיו׃</div><div><small>וַאֲמַר יוֹסֵף לַאֲחוֹהִי אֲנָא יוֹסֵף הַעַד כְּעַן אַבָּא קַיָּם וְלָא יָכִילוּ אֲחוֹהִי לַאֲתָבָא יָתֵיהּ פִּתְגָּם אֲרֵי אִתְבְּהִילוּ מִן קֳדָמוֹהִי:</small></div><div>(<small>ד</small>) וַיֹּ֨אמֶר יוֹסֵ֧ף אֶל־אֶחָ֛יו גְּשׁוּ־נָ֥א אֵלַ֖י וַיִּגָּ֑שׁוּ וַיֹּ֗אמֶר אֲנִי֙ יוֹסֵ֣ף אֲחִיכֶ֔ם אֲשֶׁר־מְכַרְתֶּ֥ם אֹתִ֖י מִצְרָֽיְמָה׃</div><div><small>וַאֲמַר יוֹסֵף לַאֲחוֹהִי קְרִיבוּ כְעַן לְוָתִי וּקְרִיבוּ וַאֲמַר אֲנָא יוֹסֵף אֲחוּכוֹן דִּי זַבִּנְתּוּן יָתִי לְמִצְרָיִם:</small></div>","<div>44 (33) Now therefore, I pray thee, let thy servant remain instead of the lad a bondman to my lord; and let the lad go up with his brothers.</div><div>(34) For how shall I go up to my father, and the lad be not with me? lest I see the evil that shall come on my father.</div><div>45 (1) Then Yosef could not restrain himself before all them that stood by him; and he cried, Cause every man to go out from me. And no man stood with him, while Yosef made himself known to his brethren.</div><div>(2) And he wept aloud: and Miżrayim and the house of Par῾o heard.</div><div>(3) And Yosef said to his brethren, I am Yosef: does my father yet live? And his brothers could not answer him; for they were terrified at his presence.</div><div>(4) And Yosef said to his brothers, Come near to me, I pray you. And they came near. And he said, I am Yosef your brother, whom you sold into Miżrayim.</div>",""
"Vayigash","חק לישראל - פרשת ויגש יום רביעי","4","","<h1><b>נביאים</b></h1>","",""
"Vayigash","חק לישראל - פרשת ויגש יום רביעי","5","Ezekiel 38:2-7","<div>לח (<small>ב</small>) בֶּן־אָדָ֗ם שִׂ֤ים פָּנֶ֙יךָ֙ אֶל־גּוֹג֙ אֶ֣רֶץ הַמָּג֔וֹג נְשִׂ֕יא רֹ֖אשׁ מֶ֣שֶׁךְ וְתֻבָ֑ל וְהִנָּבֵ֖א עָלָֽיו׃</div><div><small>בַּר אָדָם קַבֵּיל נְבוּאָה עַל גוֹג אַרְעָא מָגוֹג רַב רֵישׁ מֶשֶׁךְ וְתֻבָל וְאִתְנַבֵּי עֲלוֹהִי:</small></div><div>(<small>ג</small>) וְאָ֣מַרְתָּ֔ כֹּ֥ה אָמַ֖ר אֲדֹנָ֣י יֱהֹוִ֑ה הִנְנִ֤י אֵלֶ֙יךָ֙ גּ֔וֹג נְשִׂ֕יא רֹ֖אשׁ מֶ֥שֶׁךְ וְתֻבָֽל׃</div><div><small>וְתֵימַר כִּדְנַן אֲמַר יְיָ אֱלֹהִים הָא אֲנָא שְׁלַח רוּגְזִי עֲלָךְ גוֹג רַב רֵישׁ מֶשֶׁךְ וְתֻבָל:</small></div><div>(<small>ד</small>) וְשׁ֣וֹבַבְתִּ֔יךָ וְנָתַתִּ֥י חַחִ֖ים בִּלְחָיֶ֑יךָ וְהוֹצֵאתִי֩ אוֹתְךָ֨ וְאֶת־כׇּל־חֵילֶ֜ךָ סוּסִ֣ים וּפָרָשִׁ֗ים לְבֻשֵׁ֤י מִכְלוֹל֙ כֻּלָּ֔ם קָהָ֥ל רָב֙ צִנָּ֣ה וּמָגֵ֔ן תֹּפְשֵׂ֥י חֲרָב֖וֹת כֻּלָּֽם׃</div><div><small>וַאֲשַׁדְלִינָךְ וְאֶתֵּן שֵׁירִין עַל לִיסָתָךְ וְאַפֵּיק יָתָךְ וְיַת כָּל מַשְׁרִיָתָךְ סוּסְוָן וּפָרָשִׁין לְבוּשֵׁי גְמִיר כּוּלְהוֹן מַשִׁרְיָן סַגִיאָן דִי מְזַיְנִין בַּעֲגִילִין וּתְרֵיסִין אָחֳדֵי סַיְפִין כּוּלְהוֹן:</small></div><div>(<small>ה</small>) פָּרַ֛ס כּ֥וּשׁ וּפ֖וּט אִתָּ֑ם כֻּלָּ֖ם מָגֵ֥ן וְכוֹבָֽע׃</div><div><small>פַּרְסָאֵי כּוּשְׁאֵי וּפוּטָאֵי עִמְהוֹן כּוּלְהוֹן מְזַיְנִין בַּעֲגִילִין וְקוּלְסִין:</small></div><div>(<small>ו</small>) גֹּ֚מֶר וְכׇל־אֲגַפֶּ֔יהָ בֵּ֚ית תּֽוֹגַרְמָ֔ה יַרְכְּתֵ֥י צָפ֖וֹן וְאֶת־כׇּל־אֲגַפָּ֑יו עַמִּ֥ים רַבִּ֖ים אִתָּֽךְ׃</div><div><small>גוֹמֶר וְכָל מַשִׁרְיָתָהָא מְדִינַת גַרְמַמְיָא סְיָפֵי צִפּוּנָא וְיַת כָּל מַשִׁרְיָתְהוֹן עַמְמִין סַגִיאִין דִי עִמָךְ:</small></div><div>(<small>ז</small>) הִכֹּן֙ וְהָכֵ֣ן לְךָ֔ אַתָּ֕ה וְכׇל־קְהָלֶ֖ךָ הַנִּקְהָלִ֣ים עָלֶ֑יךָ וְהָיִ֥יתָ לָהֶ֖ם לְמִשְׁמָֽר׃</div><div><small>אִזְדַרַז וְאַתְקֵין לָךְ אַתְּ וְכָל מַשִׁרְיָתָךְ דְאִתְכְּנִישׁוּ עֲלָךְ וּתְהֵי לְהוֹן לְמַטָרָא:</small></div>","<div>38 (2) Son of man, set thy face against Gog, of the land of Magog, the chief prince of Meshekh and Tuval, and prophesy against him,</div><div>(3) and say, Thus says the Lord God; Behold, I am against thee, O Gog, the chief prince of Meshekh and Tuval:</div><div>(4) and I will turn thee about and put hooks into thy jaws, and I will bring thee out, and all thy army, horses and horsemen, all of them in complete attire, a great company with buckler and shield, all of them handling swords:</div><div>(5) Paras, Kush, and Put with them; all of them with shield and helmet:</div><div>(6) Gomer, and all his bands; the house of Togarma of the far sides of the north, and all his bands: and many peoples with thee.</div><div>(7) Be thou prepared, and prepare for thyself, thou, and all thy company that are assembled unto thee, and be thou a guard to them.</div>",""
"Vayigash","חק לישראל - פרשת ויגש יום רביעי","6","","<h1><b>כתובים</b></h1>","",""
"Vayigash","חק לישראל - פרשת ויגש יום רביעי","7","Proverbs 10:20-25","<div>י (<small>כ</small>) כֶּ֣סֶף נִ֭בְחָר לְשׁ֣וֹן צַדִּ֑יק לֵ֖ב רְשָׁעִ֣ים כִּמְעָֽט׃</div><div><small>סָאמָא גַבְיָא לִשְׁנֵיהּ דְצַדִיקָא וְלִבָּא דְרַשִׁיעֵי מַחֲתָא:</small></div><div>(<small>כא</small>) שִׂפְתֵ֣י צַ֭דִּיק יִרְע֣וּ רַבִּ֑ים וֶ֝אֱוִילִ֗ים בַּחֲסַר־לֵ֥ב יָמֽוּתוּ׃</div><div><small>שִׂפְוָתָא דְצַדִיקֵי רָעְיָן סַגִיאֵי וְשַׁטְיֵי בַּחֲסֵירוּת רַעְיָנָא יְמוּתוּן:</small></div><div>(<small>כב</small>) בִּרְכַּ֣ת יְ֭הֹוָה הִ֣יא תַעֲשִׁ֑יר וְלֹֽא־יוֹסִ֖ף עֶ֣צֶב עִמָּֽהּ׃</div><div><small>בִּרְכְּתָא דֶאֱלָהָא הִיא מְעַתְּרָא וְלָא נוֹסֵף כֵּיבָא עִמָהּ:</small></div><div>(<small>כג</small>) כִּשְׂח֣וֹק לִ֭כְסִיל עֲשׂ֣וֹת זִמָּ֑ה וְ֝חׇכְמָ֗ה לְאִ֣ישׁ תְּבוּנָֽה׃</div><div><small>כַּד גָחַךְ סִכְלָא עָבַד עֲבִידְתָּא וְחָכְמְתָא לְגַבְרָא דְמִתְבַּיֵן:</small></div><div>(<small>כד</small>) מְגוֹרַ֣ת רָ֭שָׁע הִ֣יא תְבוֹאֶ֑נּוּ וְתַאֲוַ֖ת צַדִּיקִ֣ים יִתֵּֽן׃</div><div><small>חֲרִיצוּתָא דְרַשִׁיעָא הִיא אָתְיָא לֵיהּ וְרִגְגְתָא דְצַדִיקַיָא תִּתְיְהֵב לְהוֹן:</small></div><div>(<small>כה</small>) כַּעֲב֣וֹר ס֭וּפָה וְאֵ֣ין רָשָׁ֑ע וְ֝צַדִּ֗יק יְס֣וֹד עוֹלָֽם׃</div><div><small>הֵיךְ דְיֶעְבַּר עַלְעוֹלָא הֵיכְנָא נֶעְבַּר רַשִׁיעָא וְצַדִיקָא שִׁתְאֲסָיָא בְעַלְמָא:</small></div>","<div>10 (20) The tongue of the just is like choice silver: the heart of the wicked is little worth.</div><div>(21) The lips of the righteous feed many: but fools die for want of wisdom.</div><div>(22) The blessing of the Lord, it makes rich, and he adds no sorrow with it.</div><div>(23) It is as sport to a fool to do mischief: and likewise is it to a man of understanding to practise wisdom.</div><div>(24) What the wicked dreads shall come upon him: but the desire of the righteous shall be granted.</div><div>(25) When the storm wind passes, the wicked is no more: but the righteous is an everlasting foundation.</div>",""
"Vayigash","חק לישראל - פרשת ויגש יום רביעי","8","","<h1><b>משנה</b></h1>","",""
"Vayigash","חק לישראל - פרשת ויגש יום רביעי","9","Mishnah Bava Metzia 1","<div>א. שְׁנַיִם אוֹחֲזִין בְּטַלִּית, זֶה אוֹמֵר אֲנִי מְצָאתִיהָ וְזֶה אוֹמֵר אֲנִי מְצָאתִיהָ, זֶה אוֹמֵר כֻּלָּהּ שֶׁלִּי וְזֶה אוֹמֵר כֻּלָּהּ שֶׁלִּי, זֶה יִשָּׁבַע שֶׁאֵין לוֹ בָהּ פָּחוֹת מֵחֶצְיָהּ, וְזֶה יִשָּׁבַע שֶׁאֵין לוֹ בָהּ פָּחוֹת מֵחֶצְיָהּ, וְיַחֲלֹקוּ. זֶה אוֹמֵר כֻּלָּהּ שֶׁלִּי וְזֶה אוֹמֵר חֶצְיָהּ שֶׁלִּי, הָאוֹמֵר כֻּלָּהּ שֶׁלִּי, יִשָּׁבַע שֶׁאֵין לוֹ בָהּ פָּחוֹת מִשְּׁלשָׁה חֲלָקִים, וְהָאוֹמֵר חֶצְיָהּ שֶׁלִּי, יִשָּׁבַע שֶׁאֵין לוֹ בָהּ פָּחוֹת מֵרְבִיעַ. זֶה נוֹטֵל שְׁלשָׁה חֲלָקִים, וְזֶה נוֹטֵל רְבִיעַ: 
</div><div>ב. הָיוּ שְׁנַיִם רוֹכְבִין עַל גַּבֵּי בְהֵמָה, אוֹ שֶׁהָיָה אֶחָד רוֹכֵב וְאֶחָד מַנְהִיג, זֶה אוֹמֵר כֻּלָּהּ שֶׁלִּי, וְזֶה אוֹמֵר כֻּלָּהּ שֶׁלִּי, זֶה יִשָּׁבַע שֶׁאֵין לוֹ בָהּ פָּחוֹת מֵחֶצְיָהּ, וְזֶה יִשָּׁבַע שֶׁאֵין לוֹ בָהּ פָּחוֹת מֵחֶצְיָהּ, וְיַחֲלֹקוּ. בִּזְמַן שֶׁהֵם מוֹדִים אוֹ שֶׁיֵּשׁ לָהֶן עֵדִים, חוֹלְקִים בְּלֹא שְׁבוּעָה: 
</div><div>ג. הָיָה רוֹכֵב עַל גַּבֵּי בְהֵמָה וְרָאָה אֶת הַמְּצִיאָה, וְאָמַר לַחֲבֵרוֹ תְּנֶהָ לִי, נְטָלָהּ וְאָמַר אֲנִי זָכִיתִי בָהּ, זָכָה בָהּ. אִם מִשֶּׁנְּתָנָהּ לוֹ אָמַר אֲנִי זָכִיתִי בָהּ תְּחִלָּה, לֹא אָמַר כְּלוּם: 
</div><div>ד. רָאָה אֶת הַמְּצִיאָה וְנָפַל עָלֶיהָ, וּבָא אַחֵר וְהֶחֱזִיק בָּהּ, זֶה שֶׁהֶחֱזִיק בָּהּ זָכָה בָהּ. רָאָה אוֹתָן רָצִין אַחַר מְצִיאָה, אַחַר צְבִי שָׁבוּר, אַחַר גּוֹזָלוֹת שֶׁלֹּא פָרְחוּ, וְאָמַר זָכְתָה לִי שָׂדִי, זָכְתָה לוֹ. הָיָה צְבִי רָץ כְּדַרְכּוֹ, אוֹ שֶׁהָיוּ גוֹזָלוֹת מַפְרִיחִין, וְאָמַר זָכְתָה לִי שָׂדִי, לֹא אָמַר כְּלוּם: 
</div><div>ה. מְצִיאַת בְּנוֹ וּבִתּוֹ הַקְּטַנִּים, מְצִיאַת עַבְדּוֹ וְשִׁפְחָתוֹ הַכְּנַעֲנִים, מְצִיאַת אִשְׁתּוֹ, הֲרֵי אֵלּוּ שֶׁלּוֹ. מְצִיאַת בְּנוֹ וּבִתּוֹ הַגְּדוֹלִים, מְצִיאַת עַבְדּוֹ וְשִׁפְחָתוֹ הָעִבְרִים, מְצִיאַת אִשְׁתּוֹ שֶׁגֵּרְשָׁהּ, אַף עַל פִּי שֶׁלֹּא נָתַן כְּתֻבָּתָהּ, הֲרֵי אֵלּוּ שֶׁלָּהֶן: 
</div><div>ו. מָצָא שְׁטָרֵי חוֹב, אִם יֵשׁ בָּהֶן אַחֲרָיוּת נְכָסִים, לֹא יַחֲזִיר, שֶׁבֵּית דִּין נִפְרָעִין מֵהֶן, אֵין בָּהֶן אַחֲרָיוּת נְכָסִים, יַחֲזִיר, שֶׁאֵין בֵּית דִּין נִפְרָעִין מֵהֶן, דִּבְרֵי רַבִּי מֵאִיר. וַחֲכָמִים אוֹמְרִים, בֵּין כָּךְ וּבֵין כָּךְ לֹא יַחֲזִיר, מִפְּנֵי שֶׁבֵּית דִּין נִפְרָעִין מֵהֶן: 
</div><div>ז. מָצָא גִטֵּי נָשִׁים, וְשִׁחְרוּרֵי עֲבָדִים, דְּיָתֵיקֵי, מַתָּנָה וְשׁוֹבְרִים, הֲרֵי זֶה לֹא יַחֲזִיר, שֶׁאֲנִי אוֹמֵר כְּתוּבִים הָיוּ וְנִמְלַךְ עֲלֵיהֶם שֶׁלֹּא לִתְּנָם: 
</div><div>ח. מָצָא אִגְּרוֹת שׁוּם וְאִגְּרוֹת מָזוֹן, שְׁטָרֵי חֲלִיצָה וּמֵאוּנִין, וּשְׁטָרֵי בֵרוּרִין, וְכָל מַעֲשֵׂה בֵית דִּין, הֲרֵי זֶה יַחֲזִיר. מָצָא בַחֲפִיסָה אוֹ בִדְלֻסְקְמָא, תַּכְרִיךְ שֶׁל שְׁטָרוֹת, אוֹ אֲגֻדָּה שֶׁל שְׁטָרוֹת, הֲרֵי זֶה יַחֲזִיר. וְכַמָּה אֲגֻדָּה שֶׁל שְׁטָרוֹת, שְׁלשָׁה קְשׁוּרִין זֶה בָזֶה. רַבָּן שִׁמְעוֹן בֶּן גַּמְלִיאֵל אוֹמֵר, אֶחָד הַלֹּוֶה מִשְּׁלשָׁה, יַחֲזִיר לַלֹּוֶה, שְׁלשָׁה הַלֹּוִין מֵאֶחָד, יַחֲזִיר לַמַּלְוֶה. מָצָא שְׁטָר בֵּין שְׁטָרוֹתָיו וְאֵינוֹ יוֹדֵעַ מַה טִּיבוֹ, יְהֵא מֻנָּח עַד שֶׁיָּבֹא אֵלִיָּהוּ. אִם יֵשׁ עִמָּהֶן סִמְפּוֹנוֹת, יַעֲשֶׂה מַה שֶּׁבַּסִּמְפּוֹנוֹת: 
</div>","<div>1. The early commentaries ask why this chapter, which discusses details of the <i>halakhot</i> of found items, precedes the second chapter, which discusses the fundamental <i>halakhot</i> of found items. <i>Tosafot</i> explain that as tractate <i>Bava Metzia</i> follows tractate <i>Bava Kamma</i>, the <i>halakhot</i> of found items are elucidated in this chapter as a continuation of the topics discussed in the last chapter of <i>Bava Kamma</i>, which discussed the division of items between litigants by means of an oath, which is also the ruling in the mishna here (see <i>Shita Mekubbetzet</i>). The Rosh explains that because there is a suspicion of theft in this case, these matters are juxtaposed with the <i>halakhot</i> of theft, which are described at length in <i>Bava Kamma</i>.  If <b>two</b> people came to court <b>holding a garment,</b> and <b>this</b> one, the first litigant, <b>says: I found it, and that</b> one, the second litigant, <b>says: I found it; this</b> one <b>says: All of it is mine, and that</b> one <b>says: All of it is mine;</b> how does the court adjudicate this case? <b>This</b> one <b>takes an oath that he does not have</b> ownership of <b>less than half of it, and that</b> one <b>takes an oath that he does not have</b> ownership of <b>less than half of it, and they divide</b> it. If <b>this</b> one <b>says: All of it is mine, and that</b> one <b>says: Half of it is mine,</b> since they both agree that half of the cloak belongs to one of them, the conflict between them is only about the other half. Therefore, <b>the one who says: All of it is mine, takes an oath that he does not have</b> ownership of <b>less than three parts,</b> i.e., three-fourths, <b>of it, and the one who says: Half of it is mine, takes an oath that he does not have</b> ownership of <b>less than one-quarter of it. This</b> one <b>takes three parts, and that</b> one <b>takes one-quarter.</b></div><div>2. If <b>two</b> people <b>were sitting</b> in a riding position <b>on</b> the back of <b>an animal,</b> e.g., a donkey or camel, <b>or one was sitting</b> in a riding position on the animal <b>and one was leading</b> it by its halter, and <b>this</b> one <b>says: All of it is mine, and that</b> one <b>says: All of it is mine,</b> how does the court adjudicate this case? <b>This</b> one <b>takes an oath that he does not have</b> ownership of <b>less than half of it, and that</b> one <b>takes an oath that he does not have</b> ownership of <b>less than half of it, and they divide</b> it. <b>When they admit</b> to the validity of each other’s claims <b>or when they</b> each <b>have witnesses</b> attesting to their claims, <b>they divide</b> the disputed item <b>without</b> taking <b>an oath,</b> as an oath is administered only in a case where the parties have no other way to prove their claims.</div><div>3. If one <b>was riding on an animal and saw a found item, and said to another</b> person who was walking beside him: <b>Give</b> it <b>to me,</b> if the pedestrian <b>took it and said: I have acquired it</b> for myself, <b>he has acquired it</b> by means of lifting it, even though he did not see it first. But <b>if, after giving it to</b> the one riding the animal, <b>he said: I acquired it</b> for myself <b>at the outset, he has said nothing</b> and the rider keeps the item.</div><div>4. If one <b>saw a found item and fell upon it,</b> intending to thereby acquire it, but did not employ one of the formal modes of acquisition, <b>and</b> then <b>another came and seized it, the one who seized it acquired it</b> because he employed one of the formal modes of acquisition. If one <b>saw</b> people <b>running after a found</b> ownerless animal, e.g., <b>after a deer</b> crippled by <b>a broken</b> leg, or <b>after young pigeons that</b> have <b>not</b> yet learned to <b>fly,</b> which can be caught easily, <b>and he said: My field has effected acquisition</b> of this animal <b>for me, it has effected acquisition</b> of it <b>for him.</b> If the <b>deer were running in its</b> usual <b>manner, or</b> the <b>young pigeons were flying, and he said: My field has effected acquisition</b> of this animal <b>for me, he has said nothing,</b> as one’s courtyard cannot effect acquisition of an item that does not remain there on its own.</div><div>5. With regard to <b>the found item of</b> one’s <b>minor son or daughter,</b> i.e., an ownerless item that they found; <b>the found item of his Canaanite slave or maidservant;</b> and <b>the found item of his wife, they are his.</b> By contrast, with regard to <b>the found item of</b> one’s <b>adult son or daughter; the found item of his Hebrew slave or maidservant;</b> and <b>the found item of his</b> ex-<b>wife, whom he divorced, even if he has not</b> yet <b>given</b> her payment of the <b>marriage contract</b> that he owes her, <b>they are theirs.</b></div><div>6. With regard to one who <b>found promissory notes, if they include a property guarantee</b> for the loan <b>he may not return</b> them to the creditor, <b>as,</b> if he were to return them, <b>the court</b> would then <b>use them to collect repayment</b> of the debts from land that belonged to the debtor at the time of the loan, even if that land was subsequently sold to others. If <b>they do not include a property guarantee, he returns</b> them to the creditor, <b>as</b> in this case <b>the court</b> will <b>not use them to collect repayment</b> of the debt from purchasers of the debtor’s land. This is <b>the statement of Rabbi Meir.</b> <b>And the Rabbis say:</b> In <b>both this</b> case <b>and that</b> case <b>he should not return</b> the promissory notes to the creditor, <b>as,</b> if he were to return them, <b>the court</b> would in any event <b>use them to collect repayment</b> of the loan from purchasers of the debtor’s land.</div><div>7. If <b>one found bills of divorce, or</b> bills of <b>manumission of slaves,</b> or <b>wills,</b> or deeds of <b>a gift, or receipts, he may not return</b> these items to the one who is presumed to have lost them, <b>as I say</b> it is possible that <b>they were written and</b> then the writer <b>reconsidered about them</b> and decided <b>not to deliver them.</b></div><div>8. If one <b>found documents of appraisal</b> of a debtor’s property for the purpose of debt collection; <b>or documents concerning food,</b> which were drawn up when one accepted upon himself to provide sustenance for another; <b>documents of <i>ḥalitza</i>; or</b> documents of <b>refusal</b> of a girl upon reaching majority to remain married to the man to whom her mother or brothers married her as a minor after the death of her father; <b>or documents of <i>beirurin</i>,</b> a concept that will be explained in the Gemara; <b>or any court enactment,</b> e.g., a promissory note that has been authenticated by the court, in all of these cases, the finder <b>must return</b> the document to its presumed owner. If one <b>found</b> documents <b>in a <i>ḥafisa</i> or in a <i>deluskema</i>,</b> both of them types of containers, or if he found <b>a roll of documents or a bundle of documents, he must return</b> them. <b>And how many</b> documents are considered to be <b>a bundle of documents?</b> It is <b>three</b> that are <b>tied together. Rabban Shimon ben Gamliel says:</b> If the documents make reference to loans of <b>one</b> person <b>who borrowed</b> money <b>from three</b> people, the finder <b>must return</b> them <b>to the debtor,</b> as they were presumably in his possession before being lost. If the documents make reference to loans of <b>three</b> people <b>who borrowed</b> money <b>from one</b> person, <b>he must return</b> them <b>to the creditor,</b> as they were presumably in his possession before being lost. If one <b>found a document among his documents</b> that were given to him by other people as a trustee, <b>and he does not know what its nature is,</b> i.e., he does not remember who gave it to him or whether the debt mentioned in it has been paid, the document <b>is placed</b> aside <b>until Elijah</b> the prophet <b>comes</b> and clarifies the issue through his prophecy. <b>If there are cancellations of contracts [<i>simponot</i>] among them, he should do what</b> is stated <b>in the <i>simponot</i>.</b></div>",""
"Vayigash","חק לישראל - פרשת ויגש יום רביעי","10","","<h1><b>גמרא</b></h1>","",""
"Vayigash","חק לישראל - פרשת ויגש יום רביעי","11","Bava Metzia 29b:10-18","תָּנוּ רַבָּנָן הַשּׁוֹאֵל סֵפֶר תּוֹרָה מֵחֲבֵרוֹ הֲרֵי זֶה לֹא יַשְׁאִילֶנּוּ לְאַחֵר פּוֹתְחוֹ וְקוֹרֵא בוֹ וּבִלְבַד שֶׁלֹּא יִלְמוֹד בּוֹ בַּתְּחִלָּה וְלֹא יִקְרא אַחֵר עִמּוֹ. וְכֵן הַמַּפְקִיד סֵפֶר אֵצֶל חֲבֵרוֹ גּוֹלְלוֹ כָּל שְׁנֵים עָשָׂר חֹדֶשׁ פּוֹתְחוֹ וְקוֹרֵא בוֹ אִם בִּשְׁבִילוֹ פְּתָחוֹ אָסוּר. סוּמְכוֹס אוֹמֵר בֶּחָדָשׁ שְׁלשִׁים יוֹם בְּיָשָׁן שְׁנֵים עָשָׂר חֹדֶשׁ. רִבִּי אֱלִיעֶזֶר בֶּן יַעֲקֹב אוֹמֵר אֶחָד זֶה וְאֶחָד זֶה שְׁנֵים עָשָׂר חֹדֶשׁ. אָמַר מָר הַשּׁוֹאֵל סֵפֶר תּוֹרָה מֵחֲבֵרוֹ הֲרֵי זֶה לֹא יַשְׁאִילֶנּוּ לְאַחֵר מָאי אִרְיָא סֵפֶר תּוֹרָה אֲפִילוּ כָּל מִילֵי נָמֵי דְּאָמַר רִבִּי שִׁמְעוֹן בֶּן לָקִישׁ כָּאן שָׁנָה רִבִּי אֵין הַשּׁוֹאֵל רַשָּׁאי לְהַשְׁאִיל וְאֵין הַשּׂוֹכֵר רַשָּׁאי לְהַשְׂכִּיר. סֵפֶר תּוֹרָה אִיצְטְרִיכָא לֵיהּ מַהוּ דְתֵימָא נִיחָא לֵיהּ לְאִינִישׁ דְתַעֲבִיד מִצְוָה בְּמָמוֹנֵיהּ קָא מַשְׁמַע לָן. פּוֹתְחוֹ וְקוֹרֵא בוֹ פְּשִׁיטָא וְאֶלָּא לְמָאי שַׁיְילוּהָ מִינֵיהּ סֵיפָא אִיצְטְרִיכָא לֵיהּ וּבִלְבַד שֶׁלֹּא יִלְמוֹד בּוֹ בַתְּחִלָּה. וְכֵן הַמַּפְקִיד סֵפֶר תּוֹרָה אֵצֶל חֲבֵירוֹ גוֹלְלוֹ כָּל שְׁנֵים עָשָׂר חֹדֶשׁ פּוֹתְחוֹ וְקוֹרֵא בוֹ מָאי עֲבִידְתֵּיהּ גַבָּהּ. וְתוּ אִם בִּשְׁבִילוֹ פּוֹתְחוֹ אָסוּר הָא אֲמַרְתְּ פּוֹתְחוֹ וְקוֹרֵא בוֹ. הָכִי קָאָמַר אִם כְּשֶׁהוּא גוֹלְלוֹ פּוֹתְחוֹ וְקוֹרֵא בוֹ מוּתָּר וְאִם בִּשְׁבִילוֹ פְּתָחוֹ אָסוּר. סוּמְכוֹס אוֹמֵר בֶּחָדָשׁ שְׁלשִׁים יוֹם בְּיָשָׁן שְׁנֵים עָשָׂר חֹדֶשׁ. רִבִּי אֱלִיעֶזֶר בֶּן יַעֲקֹב אוֹמֵר אֶחָד זֶה וְאֶחָד זֶה שְׁנֵים עָשָׂר חֹדֶשׁ. רִבִּי אֱלִיעֶזֶר בֶּן יַעֲקֹב הַיְינוּ תַּנָּא קַמָּא אֶלָּא אֵימָא רִבִּי אֱלִיעֶזֶר בֶּן יַעֲקֹב אוֹמֵר אֶחָד זֶה וְאֶחָד זֶה שְׁלשִׁים יוֹם אֲבָל לֹא יִלְמוֹד בּוֹ בַּתְּחִלָּה וְלֹא יִקְרָא אַחֵר עִמּוֹ וּרְמִינְהִי לֹא יִקְרָא פָּרָשָׁה וְיִשְׁנֶה וְלֹא יִקְרָא בוֹ פָּרָשָׁה וִיתַרְגֵּם וְלֹא יִפְתַּח בּוֹ יוֹתֵר מִשְּׁלשָׁה דַפִּין וְלֹא יִקְרְאוּ בוֹ שְׁלשָׁה בְנֵי אָדָם בְּכֶרֶךְ אֶחָד הָא שְׁנַיִם קוֹרִין אָמַר אַבַּיֵי לֹא קַשְׁיָא כַּאן בְּעִנְיָן אֶחָד כַּאן בִּשְׁנֵי עִנְיָנִים:","<div>§ <b>The Sages taught</b> in a <i>baraita</i>: In the case of <b>one who borrows a Torah scroll from another, that</b> person <b>may not lend it to another,</b> i.e., a third person. He <b>may open it and read it, provided that he does not study</b> passages <b>in it for the first time,</b> lest the scroll be exposed for a lengthy period of time and sustain damage. <b>And another</b> person <b>shall not read</b> the scroll <b>with him,</b> lest the scroll tear.</div><div><b>And likewise,</b> in the case of <b>one who deposits a Torah scroll with another,</b> the bailee <b>rolls it every twelve months,</b> and he <b>may open it and read it. If</b> it is <b>for himself</b> that <b>he opened it,</b> it is <b>prohibited. Sumakhos says: In</b> the case of <b>a new</b> Torah scroll, one rolls it every <b>thirty days</b> because the ink is not yet dry and must be more frequently ventilated. By contrast, <b>in</b> the case of <b>an old</b> Torah scroll, one rolls it every <b>twelve months. Rabbi Eliezer ben Ya’akov says:</b> In the case of <b>both this</b> new Torah scroll, <b>and</b> the case of <b>that</b> old Torah scroll, one rolls it every <b>twelve months.</b></div><div>The Gemara analyzes the <i>baraita</i>: <b>The Master said:</b> In the case of <b>one who borrows a Torah scroll from another, that</b> person <b>may not lend it to another,</b> i.e., a third person. The Gemara asks: <b>Why</b> did the <i>tanna</i> teach this <i>halakha</i> <b>specifically</b> with regard to a <b>Torah scroll?</b> This is the <i>halakha</i> with regard to <b>any item as well, as Rabbi Shimon ben Lakish says: Here</b> in a mishna (<i>Gittin</i> 29a), <b>Rabbi</b> Yehuda HaNasi <b>taught: A borrower is not allowed to lend</b> the item that he borrowed to someone else, <b>and a renter is not allowed to rent out</b> the item that he rented to someone else.</div><div>The Gemara answers: It <b>was necessary for</b> the <i>tanna</i> to mention the <i>halakha</i> specifically with regard to <b>a Torah scroll, lest you say</b> that <b>a person is amenable to having a mitzva performed with his property</b> and would consequently not mind if his Torah scroll was lent to another. Therefore, the <i>tanna</i> <b>teaches us</b> that the borrower may not lend even a Torah scroll.</div><div>The <i>baraita</i> continues: He <b>may open it and read it.</b> The Gemara asks: Isn’t that <b>obvious? And rather, for what</b> purpose did he <b>borrow</b> the Torah scroll <b>from him,</b> if not to read it? The Gemara answers: <b>It was necessary</b> to teach <b>the last clause: Provided that he does not study</b> passages <b>in it for the first time.</b></div><div>The <i>baraita</i> continues: <b>And likewise,</b> in the case of <b>one who deposits a Torah scroll with another,</b> the bailee <b>rolls it every twelve months,</b> and he <b>may open it and read it.</b> The Gemara asks: <b>What is</b> the bailee <b>doing with it?</b> As a paid bailee, he has no right to read it. <b>And furthermore,</b> whereas the <i>tanna</i> teaches: <b>If</b> it is <b>for himself</b> that <b>he opened it,</b> it is <b>prohibited, didn’t you say</b> in the previous passage: <b>He may open it and read it?</b> The Gemara answers: <b>This</b> is what the <i>tanna</i> <b>is saying: If, when he is rolling</b> the Torah scroll to ventilate it, <b>he opens it and reads it,</b> it is <b>permitted. If</b> it is <b>for himself</b> that <b>he opened it,</b> it is <b>prohibited.</b></div><div>The <i>baraita</i> continues: <b>Sumakhos says: In</b> the case of <b>a new</b> Torah scroll, one rolls it every <b>thirty days</b> because the ink is not yet dry and must be more frequently ventilated. By contrast, <b>in</b> the case of <b>an old</b> Torah scroll, one rolls it every <b>twelve months. Rabbi Eliezer ben Ya’akov says:</b> In <b>both</b> the case of <b>this</b> new Torah scroll <b>and</b> the case of <b>that</b> old Torah scroll, one rolls it every <b>twelve months.</b> The Gemara asks: What is the dispute here; it appears that the statement of <b>Rabbi Eliezer ben Ya’akov is</b> identical to the statement of <b>the first <i>tanna</i>,</b> who stated without qualification that one rolls a Torah scroll every twelve months. The Gemara answers: <b>Rather say</b> that <b>Rabbi Eliezer ben Ya’akov says: Both</b> In the case of <b>this</b> new Torah scroll <b>and</b> the case of <b>that</b> old Torah scroll, one rolls it every <b>thirty days.</b></div><div>§ The Gemara resumes its analysis of the mishna, which teaches with regard to borrowed scrolls: <b>But he shall not study</b> passages <b>in them for the first time and another</b> person <b>shall not read</b> the scroll <b>with him.</b> The Gemara <b>raises a contradiction</b> from a <i>baraita</i> (<i>Tosefta</i> 2:31): If one borrows a scroll, <b>he shall not read a passage and review it, and he shall not read a passage in it and translate</b> the passage, <b>and he shall not open it more than three columns</b> at a time, <b>and three people shall not read in it</b> together <b>from one volume.</b> The Gemara infers: <b>But two people may read</b> it together, contrary to the ruling in the mishna.</div><div><b>Abaye said:</b> It is <b>not difficult. Here,</b> where it is inferred from the <i>baraita</i> that two may read one scroll together, it is referring to a case <b>where</b> they are reading <b>one matter</b> and each is aware of the progress of the other. <b>There,</b> in the mishna, where the ruling is that two may not read one scroll together, it is referring to a case <b>where</b> they are reading <b>two</b> different <b>matters,</b> as each is oblivious to the progress of the other and may pull the scroll closer to improve his vantage point.</div>",""
"Vayigash","חק לישראל - פרשת ויגש יום רביעי","12","","<h1><b>זוהר</b></h1>","",""
"Vayigash","חק לישראל - פרשת ויגש יום רביעי","13","Zohar, Vayigash 8","תָּא חֲזֵי אֵלִיָּהוּ אָמַר הַגַּם עַל הָאַלְמָנָה אֲשֶׁר אֲנִי מִתְגוֹרֵר עִמָּהּ בְּגִין דְּקֻדְשָׁא בְּרִיךְ הוּא אָמַר לֵיהּ לְאֵלִיָּהוּ הִנֵּה צִוִּיתִי שָׁם אִשָּׁה אַלְמָנָה לְכַלְכְּלֶךָ וְכָל מַאן דְּזָן וּמְפַרְנֵס לְמַאן דְּאִצְטְרִיךְ לֵיהּ וְכָל שֶׁכֵּן בְּיוֹמָא דְּכַפְנָא הָא אִתְאֲחִיד בְּאִילָנָא דְחַיֵּי וְגָרִים לֵיהּ חַיִּים וְלִבְנוֹי וְהָא אוֹקִימְנָא, וְהַשְׁתָּא אֵלִיָּהוּ אָמַר כָּל מַאן דְּקַיִּם נַפְשָׁא בְּעָלְמָא זָכֵי לֵיהּ חַיִּים וְזָכֵי לְאִתְאֲחָדָא בְּאִילָנָא דְּחַיֵּי וְהַשְׁתָּא שָׁלְטָא אִילָנָא דְּמוֹתָא סִטְרָא דְּרָע עַל הָאַלְמָנָה דְּאַנְתְּ פָּקַדְתָּ לְמֵזָן לִי בְּגִין כָּךְ הֲרֵעוֹתָ (נ''א לָמָּה הֲרֵעוֹתָ), וְאִי תֵּימָא דְּרָע לָא אִתְעֲבִיד לְבַר נַשׁ מֵעִם קֻדְשָׁא בְּרִיךְ הוּא, תָּא חֲזֵי בְּזִמְנָא דְּבַר נַשׁ אָזִיל לִימִינָא נְטִירוּ דְּקֻדְשָׁא בְּרִיךְ הוּא תָּדִיר לְגַבֵּיהּ וְלָא יָכִיל סִטְרָא אָחֳרָא לְשַׁלְּטָאָה עֲלֵיהּ וְהַאי רָע אִתְכַּפְיָא קַמֵּיהּ וְלָא יָכִיל לְשַׁלְּטָאָה, וְכֵיוָן דִּנְטִירָא דְּקֻדְשָׁא בְּרִיךְ הוּא אִתְעַבְּרָא מִנֵּיהּ בְּגִין דְּאִיהוּ אִתְדַבַּק בְּרָע כְּדֵין הַהוּא רָע כֵּיוָן דְּחָמֵי דְּלָאו עִמֵּיהּ נְטִירוּ, כְּדֵין שַׁלִּיט עֲלֵיהּ וְאָתֵי לְשֵׁיצָאָה לֵיהּ וּכְדֵין אִתְיָהִיב לֵיהּ רְשׁוּ וְנָטִיל נִשְׁמָתֵיהּ, מֹשֶׁה אָמַר לָמָּה הֲרֵעוֹתָ דְּאִתְיָהִיב לֵיהּ רְשׁוּ לְסִטְרָא דְּרָע לְמַשְׁלְטָא עֲלַיְהוּ דְּיִשְׂרָאֵל לְמֶהֱוֵי בְּשִׁעְבּוּדָא דִּילֵיהּ, דָּבָר אַחֵר לָמָּה הֲרֵעוֹתָ דְּחָמָא כַּמָּה מִנְּהוֹן דַּהֲווּ מֵתִין וְאִתְמַסָרוּ בְּסִטְרָא דְּרָע, תָּא חֲזֵי בְּשַׁעְתָּא דְּטוֹב אִתְעָר דְּאִיהוּ יְמִינָא כָּל חִידוּ וְכָל בִּרְכָאָן מִשְׁתַּכְּחָן וְכֹלָּא בַּחֲשָׁאי אִיהוּ כְּמָה דְּאוֹקְמוּהָ דְּאָמְרֵי בּשׁכמל''ו בַּחֲשָׁאי וְרָזָא דָּא בְּגִין דְּאִיהוּ כְּדֵין יִחוּדָא כִּדְקָא חָזֵי:","",""
"Vayigash","חק לישראל - פרשת ויגש יום רביעי","14","","בֹּא וּרְאֵה, אֵלִיָּהוּ אָמַר, הַגַּם עַל הָאַלְמָנָה וְגוֹ': מִשּׁוּם שֶׁהַקָּדוֹשׁ בָּרוּךְ הוּא אָמַר לְאֵלִיָּהוּ, הִנֵּה צִוִּיתִי שָׁם אִשָּׁה אַלְמָנָה לְכַלְכְּלֶךְ. וְכָל מִי שֶׁזָּן וּמְפַרְנֵס, לְמִי שֶׁנִּצְרָךְ לוֹ, וְכָל שֶׁכֵּן בִּימֵי רָעָב, הוּא מִתְאֲחֵד וְנֶאֱחָז בְּעֵץ הַחַיִּים, וְגוֹרֵם חַיִּים לְעַצְמוֹ וּלְבָנָיו. וּבֵאֲרוּהוּ, וְעַתָּה, אָמַר אֵלִיָּהוּ, כָּל מִי שֶׁמְּקַיֵּם נֶפֶשׁ בָּעוֹלָם זוֹכֶה חַיִּים לְעַצְמוֹ, וְזוֹכֶה לְהִתְאָחֵד בְּעֵץ הַחַיִּים, וְעַתָּה שׁוֹלֵט עֵץ הַמָּוֶת, צַד הָרַע, עַל הָאַלְמָנָה, אֲשֶׁר צִוִּיתָ אוֹתָהּ לְכַלְכְּלֵנִי. מִשּׁוּם זֶה אָמַר הֲרֵעוֹתָ. וְאִם תֹּאמַר, שֶׁלֹּא נַעֲשֶׂה רָע לָאָדָם מִן הַקָּדוֹשׁ בָּרוּךְ הוּא. בֹּא וּרְאֵה, בִּזְמָן שֶׁאָדָם הוֹלֵךְ לַיָּמִין, שְׁמִירָתוֹ שֶׁל הַקָּדוֹשׁ בָּרוּךְ הוּא נִמְצֵאת לוֹ תָּמִיד, וְהַסִּטְרָא אַחֲרָא אֵינוֹ יָכוֹל לִשְׁלוֹט עָלָיו, וְרַע הַזֶה נִכְנָע לְפָנָיו וְאֵינוֹ יָכוֹל לִשְׁלוֹט. וּמִתּוֹךְ שֶׁשְּׁמִירָתוֹ שֶׁל הַקָּדוֹשׁ בָּרוּךְ הוּא הֻסָּר מִמֶּנּוּ אִם הוּא מִתְדַבֵּק בָּרָע, אָז רַע הַהוּא, כֵּיוָן שֶׁרוֹאֶה שֶׁאֵין עִמּוֹ שְׁמִירָה, שׁוֹלֵט עָלָיו אָז וּבָא לְהַשְּׁמִידוֹ, וְאָז נִתָּן לוֹ רְשׁוּת וְנוֹטֵל נִשְׁמָתוֹ. מֹשֶה אָמַר לָמָּה הֲרֵעוֹתָ: מִשּׁוּם שֶׁנִּתָּן רְשׁוּת לְצַד הָרַע לִשְׁלוֹט עַל יִשְׂרָאֵל, לִהְיוֹת תַּחַת הַשִּׁעְבּוּד שֶׁלּוֹ. פֵּרוּשׁ אַחֵר, עַל כֵּן אָמַר, לָמָּה הֲרֵעוֹתָ, כִּי רָאָה כַּמָּה מֵהֶם מִיִּשְׂרָאֵל, שֶׁהֵם מֵתִים, וְנִמְסְרוּ בְּצַד הָרַע. בֹּא וּרְאֵה בְּשָׁעָה שֶׁהַטּוֹב נִתְעוֹרֵר, שֶׁהוּא יָמִין, כָּל שִׂמְחָה וְכָל טוֹב וְכָל הַבְּרָכוֹת נִמְצָאוֹת, וְהַכֹּל הוּא בַּחֲשָׁאי, כְּמוֹ שֶׁבֵּאֲרוּ, שֶׁאָמְרוּ בְּנֵי יַעֲקֹב, בָּרוּךְ שֵׁם כְּבוֹד מַלְכוּתוֹ לְעוֹלָם וָעֶד, בַּחֲשָׁאי. וְסוֹד זֶה הוּא מִשּׁוּם, שֶׁאָז הוּא יִחוּד כָּרָאוּי.","",""
"Vayigash","חק לישראל - פרשת ויגש יום רביעי","15","","<h1><b>הלכה פסוקה</b></h1>","",""
"Vayigash","חק לישראל - פרשת ויגש יום רביעי","16","Mishneh Torah, Repentance 2:1-2","<div><b>א. </b>אֵיזוֹ הִיא תְשׁוּבָה גְמוּרָה זֶה שֶׁבָּא בְיָדוֹ דָבָר שֶׁעָבַר בּוֹ וְאֶפְשַׁר בְּיָדוֹ לַעֲשׂוֹתוֹ וּפֵירַשׁ וְלֹא עָשָׂה מִפְּנֵי הַתְּשׁוּבָה לֹא מִיִּרְאָה וְלֹא מִכִּשְׁלוֹן כֹּחַ כֵּיצַד הֲרֵי שֶׁבָּא עַל אִשָּׁה בַּעֲבֵירָה וּלְאַחַר זְמַן נִתְיַיחֵד עִמָּהּ וְהוּא עוֹמֵד בְּאַהֲבָתוֹ בָּהּ וּבְכֹחַ גּוּפוֹ וּבַמְּדִינָה שֶׁעָבַר בָּהּ וּפֵירַשׁ וְלֹא עָבַר זֶה בַּעַל תְּשׁוּבָה גְמוּרָה הוּא שֶׁשְּׁלֹמֹה אָמַר (קהלת י''ב) וּזְכוֹר אֶת בּוֹרְאֶךָ בִּימֵי בְחוּרוֹתֶיךָ:</div><div><b>ב. </b>וְאִם לֹא שָׁב אֶלָּא בִּימֵי זִקְנוּתוֹ וּבָעֵת שֶׁאִי אֶפְשַׁר לוֹ לַעֲשׂוֹת מַה שֶׁהָיָה עוֹשֶׂה אַף עַל פִּי שֶׁאֵינָה תְשׁוּבָה מְעוּלָה מוֹעֶלֶת הִיא לוֹ וּבַעַל תְּשׁוּבָה הוּא. אֲפִילוּ עָבַר כָּל יָמָיו וְעָשָׂה תְשׁוּבָה בְּיוֹם מִיתָתוֹ וּמֵת בִּתְשׁוּבָתוֹ כָּל עֲוֹנוֹתָיו נִמְחָלִים שֶׁנֶּאֱמַר (שם) עַד אֲשֶׁר לֹא תֶחֱשַׁךְ הַשֶּׁמֶשׁ וְהָאוֹר וְהַיָּרֵחַ וְהַכּוֹכָבִים וְשָׁבוּ הֶעָבִים אַחַר הַגֶּשֶׁם שֶׁהוּא יוֹם הַמִּיתָה מִכְּלַל שֶׁאִם זָכַר בּוֹרְאוֹ וְשָׁב קוֹדֶם שֶׁיָּמוּת נִסְלַח לוֹ:</div><div><b>ג. </b>וּמַה הִיא הַתְּשׁוּבָה הוּא שֶׁיַּעֲזוֹב הַחוֹטֵא חֶטְאוֹ וְיַסִּירֶנוּ מִמַּחֲשַׁבְתּוֹ וְיִגְמוֹר בְּלִבּוֹ שֶׁלֹּא יַעֲשֵׂהוּ עוֹד שֶׁנֶּאֱמַר (ישעי' נ''ה) יַעֲזוֹב רָשָׁע דַּרְכּוֹ וְגוֹ' וְכֵן יִתְנַחֵם עַל שֶׁעָבַר שֶׁנֶּאֱמַר (ירמי' ל''א) כִּי אַחֲרֵי שׁוּבִי נִחַמְּתִּי וְיָעִיד עָלָיו יוֹדֵעַ תַּעֲלוּמוֹת שֶׁלֹּא יָשׁוּב לְזֶה הַחֵטְא לְעוֹלָם שֶׁנֶּאֱמַר (הושע י''ד) וְלֹא נֹאמַר עוֹד אֱלֹהֵינוּ לְמַעֲשֵׂה יָדֵינוּ וְגוֹ' וְצָרִיךְ לְהִתְוַדּוֹת בִּשְׂפָתָיו וְלוֹמַר עִנְיָינִים אֵלּוּ שֶׁגָּמַר בְּלִבּוֹ:</div>","<div>What is complete repentance? He who once more had in it in his power to repeat a violation, but separated himself therefrom, and did not do it because of repentance, not out of fear or lack of strength. For example? One who knew a woman sinfully, and after a process of time he met her again privately, and he still loving her as theretofore, and he being in a state of potency, and the meeting is in the same land where the sin was first committed, if he parted without sinning, he has attained complete repentance. Of such Solomon said: ""Remember then thy Creator in the days of thy youth"" (Ecc. 12.1). Even if he made no reparation save in his old age, at a time when it was already impossible for him to repeat his misdeeds, although it is not the best repentance, it still is of help to him and he is considered a penitent. Moreover, though he continued a life of sin but did repent on his dying day, and did die a penitent, all of his sins are forgiven, even as it is said: ""While the sun, or the light, or the moon, or the stars, be not darkened, nor the clouds return after the rain"" (Ibid. 12.2), yea, that is the day of death. Deduct herefrom that if he remembered his Creator and did repent ere he died, he was forgiven.<sup class=""footnote-marker"">1</sup><i class=""footnote"">Ibid. 86b; Kiddushin, 40b; Shabbat, 151a. C.</i></div><div>What is repentance? The sinner shall cease sinning, and remove sin from his thoughts, and wholeheartedly conclude not to revert back to it, even as it is said: ""Let the wicked forsake his way"" (Is. 55.7); so, too, shall he be remorseful on what was past, even as it is said: ""Surely after that I was turned, I repented"" (Jer. 31. 19). In addition thereto he should take to witness Him Who knoweth all secrets that forever he will not turn to repeat that sin again, according to what it is said: ""Say unto Him.… neither will we call any more the work of our hands our gods"" (Hos. 14.3–4). It is, moreover, essential that his confession shall be by spoken words of his lips, and all that which he concluded in his heart shall be formed in speech.<sup class=""footnote-marker"">2</sup><i class=""footnote"">Yoma, 57b; Shabbat, 121. G.</i></div>",""
"Vayigash","חק לישראל - פרשת ויגש יום רביעי","17","","<h1><b>מוסר</b></h1>","",""
"Vayigash","חק לישראל - פרשת ויגש יום רביעי","18","","<div><strong><span style=""color: #999999;"">ספר חרדים דף ע""א ע""א</span></strong></div><div>בְּגַאֲוָה כְּתִיב (משלי ט''ז) תּוֹעֲבַת ה' כָּל גְּבַהּ לֵב וְאָמְרוּ רַבּוֹתֵינוּ זִכְרוֹנָם לִבְרָכָה בְּשַׁמְתָּא מָאן דְּאִית בֵּיהּ גַּסּוּת הָרוּחַ הֲרֵי הוּא מְנוּדֶה מִן הַשָּׁמַיִם וּמִפִּי הָאֲמוֹרָאִים בְּכַעַס כְּתִיב (שמות ל''ד) אֱלֹהֵי מַסֵּכָה לֹא תַעֲשֶׂה לָךְ דְּהַכּוֹעֵס כְּעוֹבֵד עֲבוֹדָה זָרָה וְכָל מִינֵי גֵיהִנָּם שׁוֹלְטִים בּוֹ וְאָסוּר לְהִתְחַבֵּר עִם הַכַּעֲסָן וְנִטְמְאוּ כָּל רמ''ח אֵיבְרָיו וּפָרְחָה נַפְשׁוֹ וְנִכְנְסָה טוּמְאָה בִּמְקוֹמָהּ כִּדְאִיתָא בְּזוֹהַר רֵישׁ פָּרָשַׁת תְּצַוֶּה (ויקרא י''ט) לֹא תִשְׂנָא אֶת אָחִיךָ בִּלְבָבֶךָ וְהִיא שׁוֹרֶשׁ כָּל הָרָעוֹת. רְאֵה מַה שֶׁגָּרְמָה שִׂנְאַת יוֹסֵף לְאֶחָיו וְעַל שִׂנְאַת חִנָּם אָנוּ בְּגָלוּת הֶאָרוּךְ הַזֶּה מִכָּל הַגָּלִיּוֹת שֶׁהָיוּ בְּסִבַּת עֲבוֹדָה זָרָה גִּלּוּי עֲרָיוֹת וּשְׁפִיכוּת דָּמִים בְּבַיִת רִאשׁוֹן וּכְשֵׁם שֶׁוְאָהַבְתָּ לְרֵעֲךָ כָּמוֹךָ כּוֹלֵל קִיּוּם כָּל הַתּוֹרָה כַּךְ הַשִׂנְאָה לְהֶפֶךְ לַעֲבוֹר עַל כָּל הַתּוֹרָה. (משלי ח) לֵב חוֹרֵשׁ מַחְשְׁבוֹת אָוֶן שָׂנְאוּי מֵה' כְּדִכְתִיב (שם) שֶׁשׁ הֵנָּה שָׂנֵא ה' וְגוֹ' וְאָמְרוּ רַבּוֹתֵינוּ זִכְרוֹנָם לִבְרָכָה הִרְהוּרֵי עֲבֵירָה קָשִׁים מֵעֲבֵירָה וְכָתַב רִבִּי אַבְרָהָם בֶּן עֶזְרָא דִמְטַמֵּא הַנְּשָׁמָה הַטְּהוֹרָה וְהִיא הֲכָנָה אֶל הָעֲבֵירָה כַּחֲרִישָׁה אֶל הַזְּרִיעָה וְאַף עַל פִּי שֶׁלֹּא יַחֲשׁוֹב לַעֲשׂוֹת הַמַּחֲשָׁבָה וְהַהִרְהוּר שֶׁבְּלִבּוֹ שֶׁל צִיּוּר וְהִרְהוּר וּמְצִיאוּת עֲבֵירָה פּוֹגֵם וּמַרְחִיק הָאָדָם מִבּוֹרְאוֹ וְעַל זֶה הִזְהִיר (במדבר ט''ז) וְלֹא תָתוּרוּ אַחֲרֵי לְבַבְכֶם וְאַחֲרֵי עֵינֵיכֶם וַהֲרֵי הַמְהַרְהֵר דוֹמֶה לְמִי שֶׁנִּכְנַס בְּמָקוֹם מְטוּנָף וּמְטַנֵּף כָּל בְּגָדָיו הֲלֹא יֵבוֹשׁ לִיכָּנֵס לִפְנֵי הַמֶּלֶךְ וְעַל זֶה נֶאֱמַר (ישעי' א') רַחֲצוּ הִזַכּוּ ה' יְטַהֲרֵנוּ וִיזַכֵּנוּ לַעֲשׂוֹת רְצוֹנוֹ:</div>","",""
"Vayigash","חק לישראל - פרשת ויגש יום חמישי","1","","<h1><b>תורה</b></h1>","",""
"Vayigash","חק לישראל - פרשת ויגש יום חמישי","2","","<small>יכוין בקריאת חמשה פסוקים אלו שהם כנגד הִ דמילוי הה אחרונה דשם ב''ן לקנות הארת רוח יתרה משבת הבאה:</small>","",""
"Vayigash","חק לישראל - פרשת ויגש יום חמישי","3","Genesis 45:5-9","<div>מה (<small>ה</small>) וְעַתָּ֣ה <b>׀</b> אַל־תֵּעָ֣צְב֗וּ וְאַל־יִ֙חַר֙ בְּעֵ֣ינֵיכֶ֔ם כִּֽי־מְכַרְתֶּ֥ם אֹתִ֖י הֵ֑נָּה כִּ֣י לְמִֽחְיָ֔ה שְׁלָחַ֥נִי אֱלֹהִ֖ים לִפְנֵיכֶֽם׃</div><div><small>וּכְעַן לָא תִתְּנְסוּן וְלָא יִתְקָף בְּעֵינֵיכוֹן אֲרֵי זַבִּנְתּוּן יָתִי הָכָא אֲרֵי לְקַיָּמָא שַׁלְּחַנִי יְיָ קֳדָמֵיכוֹן:</small></div><div>(<small>ו</small>) כִּי־זֶ֛ה שְׁנָתַ֥יִם הָרָעָ֖ב בְּקֶ֣רֶב הָאָ֑רֶץ וְעוֹד֙ חָמֵ֣שׁ שָׁנִ֔ים אֲשֶׁ֥ר אֵין־חָרִ֖ישׁ וְקָצִֽיר׃</div><div><small>אֲרֵי דְנַן תַּרְתֵּין שְׁנִין כַּפְנָא בְּגוֹ אַרְעָא וְעוֹד חָמֵשׁ שְׁנִין דִּי לֵית <b>זְרוֹעָא</b> וַחֲצָדָא:</small></div><div>(<small>ז</small>) וַיִּשְׁלָחֵ֤נִי אֱלֹהִים֙ לִפְנֵיכֶ֔ם לָשׂ֥וּם לָכֶ֛ם שְׁאֵרִ֖ית בָּאָ֑רֶץ וּלְהַחֲי֣וֹת לָכֶ֔ם לִפְלֵיטָ֖ה גְּדֹלָֽה׃</div><div><small>וְשַׁלְּחַנִי יְיָ קֳדָמֵיכוֹן לְשַׁוָּאָה לְכוֹן שְׁאָרָא בְּאַרְעָא וּלְקַיָּמָא לְכוֹן לְשֵׁיזָבָא רַבָּא:</small></div><div>(<small>ח</small>) וְעַתָּ֗ה לֹֽא־אַתֶּ֞ם שְׁלַחְתֶּ֤ם אֹתִי֙ הֵ֔נָּה כִּ֖י הָאֱלֹהִ֑ים וַיְשִׂימֵ֨נִֽי לְאָ֜ב לְפַרְעֹ֗ה וּלְאָדוֹן֙ לְכׇל־בֵּית֔וֹ וּמֹשֵׁ֖ל בְּכׇל־אֶ֥רֶץ מִצְרָֽיִם׃</div><div><small>וּכְעַן לָא אַתּוּן שְׁלַחְתּוּן יָתִי הָכָא אֶלָּהֵן <b>מִן קֳדָם</b> יְיָ וְשַׁוְּיַנִי לְאַבָּא לְפַרְעֹה וּלְרִבּוֹן לְכָל <b>אֱנַשׁ</b> בֵּיתֵיהּ וְשַׁלִּיט בְּכָל אַרְעָא דְמִצְרָיִם:</small></div><div>(<small>ט</small>) מַהֲרוּ֮ וַעֲל֣וּ אֶל־אָבִי֒ וַאֲמַרְתֶּ֣ם אֵלָ֗יו כֹּ֤ה אָמַר֙ בִּנְךָ֣ יוֹסֵ֔ף שָׂמַ֧נִי אֱלֹהִ֛ים לְאָד֖וֹן לְכׇל־מִצְרָ֑יִם רְדָ֥ה אֵלַ֖י אַֽל־תַּעֲמֹֽד׃</div><div><small>אוֹחוּ וּסְקוֹ לְוַת אַבָּא וְתֵימְרוּן לֵיהּ כִּדְנַן אֲמַר בְּרָךְ יוֹסֵף שַׁוְּיַנִי יְיָ לְרִבּוֹן לְכָל מִצְרָיִם חוּת לְוָתִי לָא תִתְעַכָּב:</small></div>","<div>45 (5) Now therefore be not grieved, nor angry with yourselves, that you sold me here: for God did send me before you to preserve life.</div><div>(6) For these two years has the famine been in the land: and there are five more years, in which there shall neither be ploughing nor harvest.</div><div>(7) And God sent me before you to preserve you a remnant in the earth, and to save your lives by a great deliverance.</div><div>(8) So now it was not you that sent me here, but God: and He has made me a father to Par῾o, and lord of all his house, and a ruler throughout all the land of Miżrayim.</div><div>(9) Hasten, and go up to my father, and say to him, Thus says thy son Yosef, God has made me lord of all Miżrayim: come down to me, do not delay:</div>",""
"Vayigash","חק לישראל - פרשת ויגש יום חמישי","4","","<h1><b>נביאים</b></h1>","",""
"Vayigash","חק לישראל - פרשת ויגש יום חמישי","5","Ezekiel 38:8-12","<div>לח (<small>ח</small>) מִיָּמִ֣ים רַבִּים֮ תִּפָּקֵד֒ בְּאַחֲרִ֨ית הַשָּׁנִ֜ים תָּב֣וֹא <b>׀</b> אֶל־אֶ֣רֶץ <b>׀</b> מְשׁוֹבֶ֣בֶת מֵחֶ֗רֶב מְקֻבֶּ֙צֶת֙ מֵעַמִּ֣ים רַבִּ֔ים עַ֚ל הָרֵ֣י יִשְׂרָאֵ֔ל אֲשֶׁר־הָי֥וּ לְחׇרְבָּ֖ה תָּמִ֑יד וְהִיא֙ מֵעַמִּ֣ים הוּצָ֔אָה וְיָשְׁב֥וּ לָבֶ֖טַח כֻּלָּֽם׃</div><div><small>מִיוֹמִין סַגִיאִין תְּמַנִי מַשִׁרְיָתָךְ בְּסוֹף שְׁנַיָא תְהַךְ עַל אַרְעָא דְתָבוּ עֲלָה מְקַטְלֵי חַרְבָּא דְאִתְכְּנָשׁוּ מֵעַמְמִין סַגִיאִין עַל טוּרֵי אַרְעָא דְיִשְׂרָאֵל דַהֲווֹ לְחָרְבָא תְּדִירָא וְאִינוּן מִבֵּינֵי עַמְמַיָא אִתְגְלִיאוּ וִיתִיבוּ לְרוֹחֲצָן כּוּלְהוֹן:</small></div><div>(<small>ט</small>) וְעָלִ֙יתָ֙ כַּשֹּׁאָ֣ה תָב֔וֹא כֶּעָנָ֛ן לְכַסּ֥וֹת הָאָ֖רֶץ תִּֽהְיֶ֑ה אַתָּה֙ וְכׇל־אֲגַפֶּ֔יךָ וְעַמִּ֥ים רַבִּ֖ים אוֹתָֽךְ׃ <span class=""mam-spi-samekh"">{ס}</span>        </div><div><small>וְתִסַק בְּאִתְרְגוּשְׁתָּא תֵּיתֵי כַּעֲנָנָא דְסָלֵיק וְחָפֵי יַת אַרְעָא תְּהֵי אַתְּ וְכָל מַשִׁרְיָתָךְ וְעַמְמִין סַגִיאִין דִי עִמָךְ:</small></div><div>(<small>י</small>) כֹּ֥ה אָמַ֖ר אֲדֹנָ֣י יֱהֹוִ֑ה וְהָיָ֣ה <b>׀</b> בַּיּ֣וֹם הַה֗וּא יַעֲל֤וּ דְבָרִים֙ עַל־לְבָבֶ֔ךָ וְחָשַׁבְתָּ֖ מַחֲשֶׁ֥בֶת רָעָֽה׃</div><div><small>כִּדְנַן אֲמַר יְיָ אֱלֹהִים וִיהֵי בְּעִדָנָא הַהִיא יִסְקוּן הִרְהוּרִין עַל לִבָּךְ וּתְחַשֵׁב מַחְשְׁבָן בִּישָׁן:</small></div><div>(<small>יא</small>) וְאָמַרְתָּ֗ אֶֽעֱלֶה֙ עַל־אֶ֣רֶץ פְּרָז֔וֹת אָבוֹא֙ הַשֹּׁ֣קְטִ֔ים יֹשְׁבֵ֖י לָבֶ֑טַח כֻּלָּ֗ם יֹֽשְׁבִים֙ בְּאֵ֣ין חוֹמָ֔ה וּבְרִ֥יחַ וּדְלָתַ֖יִם אֵ֥ין לָהֶֽם׃</div><div><small>וְתֵימַר אֶסַק עַל אַרְעָא דְיָתְבָא שְׁלֵיוָא בְּקִרְוֵי פִצְחַיָא אֱהַךְ עַל עַמָא דְשָׁקְטִין וְשָׁרָן לְרוֹחֲצָן כּוּלְהוֹן יָתְבִין בְּלָא שׁוּרָא וְעָבְרִין וְדָשִׁין לֵית לְהוֹן:</small></div><div>(<small>יב</small>) לִשְׁלֹ֥ל שָׁלָ֖ל וְלָבֹ֣ז בַּ֑ז לְהָשִׁ֨יב יָדְךָ֜ עַל־חֳרָב֣וֹת נוֹשָׁב֗וֹת וְאֶל־עַם֙ מְאֻסָּ֣ף מִגּוֹיִ֔ם עֹשֶׂה֙ מִקְנֶ֣ה וְקִנְיָ֔ן יֹשְׁבֵ֖י עַל־טַבּ֥וּר הָאָֽרֶץ׃</div><div><small>לְמִבַּז בִּזָא וּלְמֶעְדֵי עֲדָאָה לְכַנָשָׁא מַשִׁרְיָתָךְ עַל חָרְבָתָא דְאִתְיַתְבָא וְעַל עַמָא דְאִתְכַּנְשׁוּ מִבֵּינֵי עַמְמַיָא דְאִצְלָחוּ בְּנִכְסִין וְקִנְיָנִין יָתְבִין עַל תּוּקְפָא דְאַרְעָא:</small></div>","<div>38 (8) After many days thou shalt be called upon: in the latter years thou shalt come against the land that is brought back from the sword, and is gathered out of many peoples against the mountains of Yisra᾽el, which have been a continual waste: but it is brought out of the nations, and they dwell safely all of them.</div><div>(9) Thou shalt ascend and come like a storm, thou shalt be like a cloud to cover the land, thou, and all thy bands, and many peoples with thee.</div><div>(10) Thus says the Lord God; It shall come to pass on that day, that things shall come into thy mind, and thou shalt think an evil scheme:</div><div>(11) and thou shalt say, I will go up to the land of unwalled villages; I will go to them that are at quiet, that dwell in safety, all of them dwelling without walls, and having neither bars nor gates;</div><div>(12) to take a spoil, and to take a prey; to turn thy hand against the waste places that are now inhabited, and against a people that are gathered out of the nations, that have acquired cattle and goods, and that dwell at the centre of the earth.</div>",""
"Vayigash","חק לישראל - פרשת ויגש יום חמישי","6","","<h1><b>כתובים</b></h1>","",""
"Vayigash","חק לישראל - פרשת ויגש יום חמישי","7","Proverbs 10:26-30","<div>י (<small>כו</small>) כַּחֹ֤מֶץ <b>׀</b> לַשִּׁנַּ֗יִם וְכֶעָשָׁ֥ן לָעֵינָ֑יִם כֵּ֥ן הֶ֝עָצֵ֗ל לְשֹׁלְחָֽיו׃</div><div><small>הֵיךְ חוּמְצָא לְשִׁנֵי וְכִתְּנָנָא לְעַינֵי הֵיכְנָא שְׁלִיחָא עַטְלָא לִמְשַׁלְחוֹי:</small></div><div>(<small>כז</small>) יִרְאַ֣ת יְ֭הֹוָה תּוֹסִ֣יף יָמִ֑ים וּשְׁנ֖וֹת רְשָׁעִ֣ים תִּקְצֹֽרְנָה׃</div><div><small>דְחַלְתֵּיהּ דֶאֱלָהָא תּוֹסֵף יוֹמָתָא וּשְׁנֵי דְרַשִׁיעֵי נִזְעֲרָן:</small></div><div>(<small>כח</small>) תּוֹחֶ֣לֶת צַדִּיקִ֣ים שִׂמְחָ֑ה וְתִקְוַ֖ת רְשָׁעִ֣ים תֹּאבֵֽד׃</div><div><small>סִבְרְהוֹן דְצַדִיקֵי חֶדְוָתָא וְסִבְרָא דְרַשִׁיעֵי נֵאבֵד:</small></div><div>(<small>כט</small>) מָע֣וֹז לַ֭תֹּם דֶּ֣רֶךְ יְהֹוָ֑ה וּ֝מְחִתָּ֗ה לְפֹ֣עֲלֵי אָֽוֶן׃</div><div><small>מַעְשְׁנָא לִתְמִימֵי אוֹרְחֵיהּ דֶאֱלָהָא וְשֵׁצְיָא נֶהֱוֵי לְאִלֵין דְעָבְדִין עַוְתָא:</small></div><div>(<small>ל</small>) צַ֭דִּיק לְעוֹלָ֣ם בַּל־יִמּ֑וֹט וּ֝רְשָׁעִ֗ים לֹ֣א יִשְׁכְּנוּ־אָֽרֶץ׃</div><div><small>צַדִיק לַעֲלָם לָא נְזוּעַ וְרַשִׁיעֵי לָא יִתְוַעְדוּן בְּאַרְעָא:</small></div>","<div>10 (26) As vinegar to the teeth, and as smoke to the eyes, so is the sluggard to those who send him.</div><div>(27) The fear of the Lord prolongs days: but the years of the wicked shall be shortened.</div><div>(28) The hope of the righteous is gladness: but the expectation of the wicked shall perish.</div><div>(29) The way of the Lord is a stronghold to the upright, but destruction to the workers of iniquity.</div><div>(30) The righteous shall never be removed: but the wicked shall not inhabit the earth.</div>",""
"Vayigash","חק לישראל - פרשת ויגש יום חמישי","8","","<h1><b>משנה</b></h1>","",""
"Vayigash","חק לישראל - פרשת ויגש יום חמישי","9","Mishnah Zevachim 11","<div>א. דַּם חַטָּאת שֶׁנִּתַּז עַל הַבֶּגֶד, הֲרֵי זֶה טָעוּן כִּבּוּס. אַף עַל פִּי שֶׁאֵין הַכָּתוּב מְדַבֵּר אֶלָּא בַנֶּאֱכָלוֹת, שֶׁנֶּאֱמַר (ויקרא ו), בְּמָקוֹם קָדֹשׁ תֵּאָכֵל, אֶחָד הַנֶּאֱכֶלֶת וְאֶחָד הַפְּנִימִית טְעוּנוֹת כִּבּוּס, שֶׁנֶּאֱמַר (שם), תּוֹרַת הַחַטָּאת, תּוֹרָה אַחַת לְכָל הַחַטָּאוֹת: 
</div><div>ב. חַטָּאת פְּסוּלָה אֵין דָּמָהּ טָעוּן כִּבּוּס, בֵּין שֶׁהָיָה לָהּ שְׁעַת הַכֹּשֶׁר, בֵּין שֶׁלֹּא הָיָה לָהּ שְׁעַת הַכּשֶׁר. אֵיזוֹ הִיא שֶׁהָיָה לָהּ שְׁעַת הַכּשֶׁר. שֶׁלָּנָה, שֶׁנִּטְמְאָה, וְשֶׁיָּצְאָה. וְאֵיזוֹ הִיא שֶׁלֹּא הָיָה לָהּ שְׁעַת הַכּשֶׁר. שֶׁנִּשְׁחֲטָה חוּץ לִזְמַנָּהּ וְחוּץ לִמְקוֹמָהּ, וְשֶׁקִּבְּלוּ פְסוּלִין וְזָרְקוּ אֶת דָּמָה: 
</div><div>ג. נִתַּז מִן הַצַּוָּאר עַל הַבֶּגֶד, אֵינוֹ טָעוּן כִּבּוּס. מִן הַקֶּרֶן וּמִן הַיְסוֹד, אֵינוֹ טָעוּן כִּבּוּס. נִשְׁפַּךְ עַל הָרִצְפָּה וַאֲסָפוֹ, אֵינוֹ טָעוּן כִּבּוּס. אֵין טָעוּן כִּבּוּס אֶלָּא הַדָּם שֶׁנִּתְקַבֵּל בִּכְלִי וְרָאוּי לְהַזָּיָה. נִתַּז עַל הָעוֹר עַד שֶׁלֹּא הֻפְשַׁט, אֵינוֹ טָעוּן כִּבּוּס. מִשֶּׁהֻפְשַׁט, טָעוּן כִּבּוּס, דִּבְרֵי רַבִּי יְהוּדָה. רַבִּי אֱלִיעֶזֶר אוֹמֵר, אַף מִשֶּׁהֻפְשַׁט אֵינוֹ טָעוּן כִּבּוּס. אֵינוֹ טָעוּן כִּבּוּס אֶלָּא מְקוֹם הַדָּם, וְדָבָר שֶׁהוּא רָאוּי לְקַבֵּל טֻמְאָה, וְרָאוּי לְכִבּוּס: 
</div><div>ד. אֶחָד הַבֶּגֶד וְאֶחָד הַשַּׂק וְאֶחָד הָעוֹר, טְעוּנִין כִּבּוּס בְּמָקוֹם קָדוֹשׁ. וּשְׁבִירַת כְּלִי חֶרֶס, בְּמָקוֹם קָדוֹשׁ. וּמְרִיקָה וּשְׁטִיפָה בִּכְלִי נְחשֶׁת, בְּמָקוֹם קָדוֹשׁ. זֶה חֹמֶר בַּחַטָּאת מִקָּדְשֵׁי קָדָשִׁים: 
</div><div>ה. בֶּגֶד שֶׁיָּצָא חוּץ לַקְּלָעִים, נִכְנָס וּמְכַבְּסוֹ בְמָקוֹם קָדוֹשׁ. נִטְמָא חוּץ לַקְּלָעִים, קוֹרְעוֹ, וְנִכְנָס וּמְכַבְּסוֹ בְמָקוֹם קָדוֹשׁ. כְּלִי חֶרֶס שֶׁיָּצָא חוּץ לַקְּלָעִים, נִכְנָס וְשׁוֹבְרוֹ בְמָקוֹם קָדוֹשׁ. נִטְמָא חוּץ לַקְּלָעִים, נוֹקְבוֹ, וְנִכְנָס וְשׁוֹבְרוֹ בְמָקוֹם קָדוֹשׁ: 
</div><div>ו. כְּלִי נְחשֶׁת שֶׁיָּצָא חוּץ לַקְּלָעִים, נִכְנָס וּמוֹרְקוֹ וְשׁוֹטְפוֹ בְמָקוֹם קָדוֹשׁ. נִטְמָא חוּץ לַקְּלָעִים, פּוֹחֲתוֹ, וְנִכְנָס וּמוֹרְקוֹ וְשׁוֹטְפוֹ בְמָקוֹם קָדוֹשׁ: 
</div><div>ז. אֶחָד שֶׁבִּשֵּׁל בּוֹ וְאֶחָד שֶׁעֵרָה לְתוֹכוֹ רוֹתֵחַ, אֶחָד קָדְשֵׁי קָדָשִׁים וְאֶחָד קָדָשִׁים קַלִּים, טְעוּנִין מְרִיקָה וּשְׁטִיפָה. רַבִּי שִׁמְעוֹן אוֹמֵר, קָדָשִׁים קַלִּים אֵינָן טְעוּנִין מְרִיקָה וּשְׁטִיפָה. רַבִּי טַרְפוֹן אוֹמֵר, אִם בִּשֵּׁל בּוֹ מִתְּחִלַּת הָרֶגֶל, יְבַשֵּׁל בּוֹ אֶת כָּל הָרָגֶל. וַחֲכָמִים אוֹמְרִים, עַד זְמַן אֲכִילָה. מְרִיקָה וּשְׁטִיפָה, מְרִיקָה כִּמְרִיקַת הַכּוֹס, וּשְׁטִיפָה כִּשְׁטִיפַת הַכּוֹס. מְרִיקָה בְּחַמִּין וּשְׁטִיפָה בְּצּוֹנֵן. וְהַשַּׁפּוּד וְהָאַסְכְּלָה מַגְעִילָן בְּחַמִּין: 
</div><div>ח. בִּשֵּׁל בּוֹ קָדָשִׁים וְחֻלִּין, אוֹ קָדְשֵׁי קָדָשִׁים וְקָדָשִׁים קַלִּים, אִם יֵשׁ בָּהֶן בְּנוֹתֵן טַעַם, הֲרֵי הַקַּלִּים נֶאֱכָלִין כַּחֲמוּרִין, וְאֵינָן טְעוּנִין מְרִיקָה וּשְׁטִיפָה, וְאֵינָם פּוֹסְלִין בְּמַגָּע. רָקִיק שֶׁנָּגַע בְּרָקִיק, וַחֲתִיכָה בַּחֲתִיכָה, לֹא כָל הָרָקִיק וְלֹא כָל הַחֲתִיכוֹת אֲסוּרִין. אֵינוֹ אָסוּר אֶלָּא מְקוֹם שֶׁבָּלָע: 
</div>","<div>1. In the case of <b>the blood of a sin offering</b> designated for presentation <b>that was sprayed on a garment, that</b> garment <b>requires laundering,</b> as is stated with regard to a sin offering: “And when any of its blood shall be sprinkled on a garment, you shall launder that on which it shall be sprinkled in a sacred place” (Leviticus 6:20). <b>Although the verse is speaking only of</b> sin offerings <b>that are eaten</b> and whose blood is presented on the outer altar, <b>as it is stated: “In a sacred place shall it be eaten”</b> (Leviticus 6:19), the principle is not exclusive to eaten sin offerings. With regard to the blood of <b>both</b> the sin offerings <b>that are eaten and the</b> sin offerings that are wholly burned and not eaten and whose blood is presented on the <b>inner</b> altar, garments sprayed with blood from each of these offerings <b>require laundering. As it is stated</b> at the start of that passage: “This is <b>the law of the sin offering”</b> (Leviticus 6:18), it is understood: There is <b>one law for all the sin offerings.</b></div><div>2. That is the <i>halakha</i> with regard to sin offerings fit for sacrifice. With regard to <b>a disqualified sin offering, its blood does not</b> cause a garment to <b>require laundering whether</b> the offering <b>had a period of fitness</b> when its blood was fit for presentation <b>or whether it did not have a period of fitness. Which</b> offering <b>is</b> the disqualified sin offering <b>that had a period of fitness?</b> It is one <b>that was left overnight</b> and then became disqualified; <b>or</b> it is one <b>that became ritually impure; or</b> it is one <b>that emerged</b> from of the Temple courtyard. <b>Which</b> offering <b>is</b> the disqualified sin offering <b>that did not have a period of fitness?</b> It is one <b>that was slaughtered</b> with the intent to eat it or present its blood <b>beyond its</b> designated <b>time or outside its</b> designated <b>area; or</b> it is one whose blood was <b>collected</b> by people <b>disqualified</b> for Temple service <b>and</b> they <b>sprinkled its blood.</b></div><div>3. If the blood of a sin offering <b>sprayed from the neck</b> of the animal <b>onto a garment,</b> the garment <b>does not require laundering.</b> If the blood was collected in a vessel and sprinkled on the altar and sprayed <b>from the corner or from the base</b> of the altar onto the garment, the garment <b>does not require laundering,</b> as the blood was already sprinkled and its mitzva was fulfilled. If the blood <b>spilled</b> from the neck <b>onto the floor</b> before it was collected in a vessel, <b>and</b> the priest <b>collected</b> the blood and it sprayed on a garment, the garment <b>does not require laundering.</b> It is <b>only</b> with regard to <b>blood that was received in</b> a sacred <b>vessel and is fit for sprinkling</b> that the garment <b>requires laundering.</b> Apropos laundering the blood of a sin offering from garments onto which it sprayed, the mishna discusses what is considered a garment. If the blood of a sin offering <b>sprayed onto the hide</b> of an animal <b>before it was flayed</b> from the animal, the hide <b>does not require laundering,</b> because its status is not that of a garment, which is susceptible to ritual impurity. If the blood sprayed onto the hide <b>after it was flayed, it requires laundering;</b> this is <b>the statement of Rabbi Yehuda.</b> <b>Rabbi Elazar says: Even</b> if the blood sprayed onto the hide <b>after it was flayed, it does not require laundering</b> until it is crafted into a vessel or garment that is actually susceptible to ritual impurity. This is the principle with regard to laundering: A garment must be laundered <b>only</b> in the <b>place</b> where <b>the blood</b> was sprayed, <b>and</b> only if it is <b>an item that is fit to become ritually impure, and</b> only if it is an item <b>fit for laundering.</b></div><div>4. With regard to <b>the garment</b> mentioned explicitly in the Torah, <b>and the sackcloth, and the hide, all</b> of these <b>require laundering. And the laundering</b> must be performed <b>in a sacred place,</b> the Temple courtyard, <b>and the breaking of an earthenware vessel</b> in which a sin offering was cooked must be performed <b>in a sacred place, and scouring and rinsing of a copper vessel</b> in which a sin offering was cooked must be performed <b>in a sacred place.</b> With regard to <b>this</b> matter, <b>a stringency</b> applies <b>to a sin offering</b> more <b>than</b> it applies to <b>offerings of the most sacred order.</b></div><div>5. With regard to <b>a garment</b> upon which the blood of a sin offering was sprayed <b>that went outside the curtains,</b> i.e., the Temple courtyard, before being laundered, the garment <b>reenters</b> the courtyard <b>and</b> one <b>launders it in a sacred place.</b> If the garment <b>became ritually impure outside the curtains,</b> one <b>tears</b> the garment in order to render it ritually pure, <b>enters</b> the courtyard with it, <b>and launders it in a sacred place.</b> With regard to <b>an earthenware vessel</b> in which a sin offering was cooked <b>that went outside the curtains,</b> the vessel <b>reenters</b> the courtyard <b>and</b> one <b>breaks it in a sacred place.</b> If the vessel <b>became ritually impure outside the curtains,</b> one <b>punctures</b> the vessel to render it ritually pure, <b>and</b> one <b>enters</b> the courtyard with it <b>and breaks it in a sacred place.</b></div><div>6. With regard to <b>a copper vessel</b> in which a sin offering was cooked <b>that went outside the curtains,</b> the vessel <b>reenters</b> the courtyard, <b>and</b> one <b>scours it and rinses it in a sacred place.</b> If the vessel <b>became ritually impure outside the curtains, one breaks</b> the vessel by boring a large hole in it to render it ritually pure <b>and enters</b> the courtyard with it <b>and scours and rinses it in a sacred place.</b></div><div>7. <b>Whether</b> with regard to a copper vessel <b>in which</b> one <b>cooked</b> the meat of an offering <b>or whether</b> with regard to one <b>into which</b> one <b>poured</b> the <b>boiling</b> meat of an offering, <b>whether</b> the meat is from <b>offerings of the most sacred order or whether</b> it is from <b>offerings of lesser sanctity,</b> such vessels <b>require scouring and rinsing. Rabbi Shimon says:</b> Vessels in which <b>offerings of lesser sanctity</b> were cooked or poured <b>do not require scouring and rinsing.</b> <b>Rabbi Tarfon says:</b> If one <b>cooked</b> a sin offering in a copper vessel <b>from the beginning of the</b> pilgrimage <b>Festival,</b> one <b>may cook in it</b> for <b>the entire</b> pilgrimage <b>Festival;</b> he need not scour and rinse the vessel after every use. <b>And the Rabbis say:</b> One may not continue using it in this manner; rather, one must perform <b>scouring and rinsing before</b> the end of the <b>period</b> during which <b>partaking</b> of the particular cooked offering is permitted. <b>Scouring</b> is <b>like the scouring of</b> the inside of <b>a cup,</b> the cleaning done when wine sticks to the cup, <b>and rinsing</b> is <b>like the rinsing of</b> the outside of <b>a cup. Scouring</b> is performed <b>with hot</b> water, <b>and rinsing with cold</b> water. With regard to <b>the spit and the</b> metal <b>grill [<i>askela</i>],</b> one <b>purges them in hot water.</b></div><div>8. If one <b>cooked in</b> one vessel <b>sacrificial</b> meat <b>and non-sacred</b> meat, <b>or</b> the meat of <b>offerings of the most sacred order and</b> the meat of <b>offerings of lesser sanctity,</b> the status of the food depends upon the taste of the stringent substance. <b>If there is</b> enough <b>of</b> the more sacred meat <b>to impart flavor</b> to the less sacred or non-sacred meat, then <b>the lenient</b> components of the mixtures must <b>be eaten in accordance with</b> the restrictions of <b>the stringent</b> components <b>therein,</b> insofar as who may partake of them, as well as the time when and the place where they may be eaten. <b>And</b> the copper vessels in which the lenient components were cooked <b>do not require scouring and rinsing, and</b> the lenient components <b>do not disqualify</b> pieces of meat <b>through contact.</b> With regard to these principles, the lenient components do not assume the status of the stringent components. In the case of a fit <b>wafer that touched</b> an unfit <b>wafer or a piece</b> of sacrificial meat that touched an unfit <b>piece</b> of sacrificial meat, <b>neither all the wafers nor all the pieces</b> of meat <b>are forbidden. No</b> part is <b>forbidden other than</b> that which is <b>in the place where</b> the item <b>absorbed</b> taste from the unfit wafers or pieces.</div>",""
"Vayigash","חק לישראל - פרשת ויגש יום חמישי","10","","<h1><b>גמרא</b></h1>","",""
"Vayigash","חק לישראל - פרשת ויגש יום חמישי","11","Zevachim 115b:10-15","תַּנְיָא (שמות יט) וְגַם הַכֹּהֲנִים הַנִּגָּשִׁים אֶל ה' יִתְקַדָּשׁוּ. רִבִּי יְהוֹשֻׁעַ בֶּן קָרְחָה אוֹמֵר זוּ פְּרִישׁוּת בְּכוֹרוֹת. רִבִּי אוֹמֵר זוּ פְּרִישׁוּת נָדָב וַאֲבִיהוּא. בִּשְׁלָמָא לְמַאן דְּאָמַר זוּ פְּרִישׁוּת נָדָב וַאֲבִיהוּא הַיְינוּ דִּכְתִיב (ויקרא י') הוּא אֲשֶׁר דִּבֶּר ה' לֵאמֹר בִּקְרוֹבַי אֶקָּדֵשׁ. אֶלָּא לְמַאן דְּאָמַר זוּ פְּרִישׁוּת בְּכוֹרוֹת. הֵיכָא רְמִיזָא דִּכְתִיב (שמות כג) וְנוֹדַעְתִּי שָׁמָּה לִבְנֵי יִשְׂרָאֵל וְנִקְדַּשׁ בִּכְבוֹדִי אַל תִּקְרֵי בִּכְבוֹדִי אֶלָּא בִּמְכוּבָּדַי. דָּבָר זֶה רָמַז הַקָּדוֹשׁ בָּרוּךְ הוּא לְמשֶה וְלֹא יָדַע עַד שֶׁמֵּתוּ בְּנֵי אַהֲרֹן. כֵּיוָן שֶׁמֵּתוּ בְּנֵי אַהֲרֹן אָמַר לוֹ. אַהֲרֹן אָחִי לֹא מֵתוּ בָנֶיךָ אֶלָּא לְהַקְדִּישׁ שְׁמוֹ שֶׁל הַקָּדוֹשׁ בָּרוּךְ הוּא כֵּיוָן שֶׁיָּדַע אַהֲרֹן שֶׁבָּנָיו יְדוּעֵי מָקוֹם הֵן שָׁתַק וְקִבֵּל שָׂכָר שֶׁנֶּאֱמַר (ויקרא י) וַיִּדּוֹם אַהֲרֹן וְכֵן בְּדָוִד הוּא אוֹמֵר (תהלים לז) דּוֹם לַה' וְהִתְחוֹלֵל לוֹ אַף עַל פִּי שֶׁמַּפִּיל לָךְ חֲלָלִים חֲלָלִים אַתָּה שְׁתוֹק. וְכֵן בִּשְׁלֹמֹה הוּא אוֹמֵר (קהלת ג') עֵת לַחֲשׁוֹת וְעֵת לְדַבֵּר פְּעָמִים שֶׁשּׁוֹתֵק וּמְקַבֵּל שָׂכָר עַל הַשְּׁתִיקָה וּפְעָמִים שֶׁמְּדַבֵּר וּמְקַבֵּל שָׂכָר עַל הַדִּבּוּר וְהַיְינוּ דְאָמַר רִבִּי חִיָּיא בַּר אַבָּא אָמַר רִבִּי יוֹחָנָן מָאי דִּכְתִיב (תהלים סח) נוֹרָא אֱלֹהִים מִמִּקְדָּשֶׁיךָ אַל תִּקְרֵי מִמִּקְדָשֶׁיךָ אֶלָּא מִמְּקוּדָשֶׁיךָ בְּשָׁעָה שֶׁעוֹשֶׂה הַקָּדוֹשׁ בָּרוּךְ הוּא דִּין בִּקְדוֹשָׁיו מִתְיָרֵא וּמִתְעַלֶּה וּמִתְהַלָּל:","<div>Rav Ḥisda replied that with regard to the firstborn, it <b>is</b> a dispute between <b><i>tanna’im</i>, as it is taught</b> in a <i>baraita</i>: God said to Moses on Mount Sinai: <b>“And let the priests also that come near to the Lord sanctify themselves,</b> lest the Lord break forth upon them” (Exodus 19:22). In other words, they should separate themselves and not approach the mountain. This command was given one day after the burnt offerings and peace offerings were sacrificed in anticipation of the revelation at Sinai. With regard to this command, <b>Rabbi Yehoshua ben Korḥa says: This</b> command is a reference to <b>the separation of</b> the <b>firstborn,</b> as they functioned as priests. <b>Rabbi</b> Yehuda HaNasi <b>says: This</b> command is a reference to <b>the separation of Nadav and Avihu,</b> who were priests.</div><div>The Gemara asks: <b>Granted, according to the one who says</b> that the command for the priests to sanctify themselves is referring to <b>the separation of Nadav and Avihu, this is</b> the meaning of that <b>which is written</b> after their death on the eighth day of the inauguration of the Tabernacle: “Then Moses said to Aaron: <b>This is it that the Lord spoke, saying: Through them that are near to Me I will be sanctified…</b>and Aaron held his peace” (Leviticus 10:3). Nadav and Avihu had already been warned not to draw too close: “Lest the Lord break forth upon them.”</div><div><b>But according to the one who says</b> that the command for the priests to sanctify themselves is referring to <b>the separation of</b> the <b>firstborn, where is the allusion</b> to the fact that God would be sanctified through Nadav and Avihu? The Gemara replies: <b>As it is written: “And there I will meet with the children of Israel; and it shall be sanctified by My glory”</b> (Exodus 29:43). <b>Do not read</b> it as <b>“by My glory [<i>bikhvodi</i>]”; rather,</b> read it as: <b>By My honored ones [<i>bimekhubadai</i>].</b> God will be sanctified by those considered honored by God when He reveals Himself in the Tabernacle.</div><div><b>The Holy One, Blessed be He, said this statement to Moses, but</b> Moses <b>did not know</b> its meaning <b>until the sons of Aaron died. Once the sons of Aaron died,</b> Moses <b>said to him: Aaron, my brother, your sons died only to sanctify the name of the Holy One, Blessed be He. When Aaron knew that his sons were beloved by the Omnipresent, he was silent and received a reward, as it is stated: “And Aaron held his peace [<i>vayidom</i>].”</b></div><div><b>And likewise in</b> a verse written by <b>David</b> it <b>states: “Resign yourself [<i>dom</i>] to the Lord, and wait patiently [<i>vehitḥolel</i>] for Him”</b> (Psalms 37:7). <b>Although He strikes down many corpses [<i>ḥalalim</i>]</b> around <b>you, you be silent</b> and do not complain. <b>And likewise in</b> a verse written by <b>Solomon</b> it <b>states: “A time to keep silence, and a time to speak”</b> (Ecclesiastes 3:7). There are <b>times that</b> one <b>is silent and receives reward for the silence,</b> and at <b>times</b> one <b>speaks and receives reward for the speech.</b></div><div><b>And this is what Rabbi Ḥiyya bar Abba says</b> that <b>Rabbi Yoḥanan says: What</b> is the meaning of that <b>which is written: “Awesome is God out of your holy places”</b> (Psalms 68:36)? <b>Do not read</b> it as: <b>“From your holy places [<i>mimikdashekha</i>]”; rather,</b> read it as: <b>From your holy ones [<i>mimekudashekha</i>]. When the Holy One, Blessed be He, carries out judgment upon His holy ones, He is feared, and exalted, and praised</b> by all. In any event, there is no contradiction from the <i>baraita</i> which teaches that the first-born performed the sacrificial service before the Tabernacle was established, as this matter is the subject of a dispute between <i>tanna’im</i>.</div>",""
"Vayigash","חק לישראל - פרשת ויגש יום חמישי","12","","<h1><b>זוהר</b></h1>","",""
"Vayigash","חק לישראל - פרשת ויגש יום חמישי","13","Zohar, Vayigash 12:123-135","תָּא חֲזֵי מַה כְּתִיב וַיְּבָרֶךְ יַעֲקֹב אֶת פַּרְעֹה אָמַר רַבִּי יוֹסֵי פַּרְעֹה אַף עַל גַּב דְּאוֹקְמוּהָ בְּרָזָא אוֹחָרָא סָמַךְ דְּקָא סָמְכֵינָן בְּעָלְמָא אֲבָל תָּא חֲזֵי (שיר א) לְסוּסָתִי בְּרִכְבֵי פַרְעֹה דִּמִּיתִיךְ רַעְיָתִי, תָּא חֲזֵי אִית רְתִיכִין לִשְׂמָאלָא בְּרָזָא דְּסִטְרָא אָחֳרָא וְאִית רְתִיכִין לִימִינָא בְּרָזָא דִּלְעֵילָא דִּקְדֻשָּׁה וְאִלֵּין לָקֳבֵל אִלֵּין אִלֵּין דְּרַחֲמֵי וְאִלֵּין דְּדִינָא, וְכַד קב''ה עָבַד דִּינָא בְּמִצְרָאֵי כָּל דִּינָא דְּעָבִיד כְּהַהוּא גַּוְנָא דְּאִנּוּן רְתִיכִין מַמָּשׁ וּכְגַוְנָא דִּילֵיהּ דְּהַהוּא סִטְרָא מַמָּשׁ מַה הַהוּא סִטְרָא (מַמָּשׁ) קָטִיל וְאַפִּיק נִשְׁמָתִין אוֹף קב''ה עָבִיד בְּהַהוּא גַּוְנָא מַמָּשׁ דִּכְתִיב (שמות י''ג) וַיַּהֲרוֹג יְיָ כָל בְּכוֹר וְכֵן כֹּלָּא בְּמִצְרָיִם בְּהַהוּא גַּוְנָא מַמָּשׁ וּבְגִין כָּךְ דִּמִּיתִיךְ רַעְיָתִי כְּגַוְנָא דִּילָהּ מַמָּשׁ לְקַטָלָא דִּכְתִיב כִּי אֲנִי יְיָ אֲנִי הוּא וְלֹא אַחֵר, וּלְזִמְנָא דְּאָתֵי מַה כְּתִיב (ישעיה ס''ג) מִי זֶה בָּא מֵאֱדוֹם חֲמוּץ בְּגָדִים מִבָּצְרָה וְגוֹ', תָּא חֲזֵי מַה כְּתִיב וַיֵּשֶׁב יִשְׂרָאֵל בְּאֶרֶץ מִצְרָיִם בְּאֶרֶץ גּוֹשֶׁן וַיֵּאָחֲזוּ בָהּ וַיִּפְרוּ וַיִּרְבּוּ מְאֹד, וַיֵּאָחֲזוּ בָּהּ אַחֲסַנְתְּ עָלְמִין וַיֵּאָחֲזוּ בָּהּ דְּהָא לְהוֹן אִתְחֲזֵי כְּמָה דְּאוֹקְמוּהָ (ד''א ל''ג אָמַר רַבִּי יוֹסֵי) וַיִּפְרוּ וַיִּרְבּוּ מְאֹד, וַדַּאי דְּהָא צַעֲרָא לָא שָׁרָאת בְּהוּ וְקַיְּמוּ בְּתַפְנוּקֵי עָלְמָא וּבְגִין כָּךְ וַיִּפְרוּ וַיִּרְבּוּ מְאֹד, בילא''ו:","<div></div><div></div><div></div><div></div>",""
"Vayigash","חק לישראל - פרשת ויגש יום חמישי","14","","בֹּא וּרְאֵה, מַה כָּתוּב, וַיְּבָרֶךְ יַעֲקֹב אֶת פַּרְעֹה. אָמַר רַבִּי יוֹסֵי, פַּרְעֹה, אַף עַל פִּי שֶׁבֵּאֲרוּהוּ בְּסוֹד אַחֵר, סְמָךְ הוּא שֶׁאָנוּ סוֹמְכִים, אָמְנָם לְפִי הַפְּשָׁט הוּא קְלִפָּה רָעָה. אֲבָל בֹּא וּרְאֵה, לְסוּסָתִי בְּרִכְבֵי פַרְעֹה וְגוֹ'. בֹּא וּרְאֵה, יֵשׁ מֶרְכָּבוֹת לַשְּׂמֹאל בְּסוֹד הַסִּטְרָא אַחֲרָא, וְיֵשׁ מֶרְכָּבוֹת לַיָּמִין, בְּסוֹד שֶׁלְּמַעְלָה בַּקְּדֻשָּׁה, וְאֵלּוּ לְעֻמָּת אֵלּוּ, אֵלּוּ שֶׁל הַקְּדֻשָּׁה הֵן שֶׁל רַחֲמִים, וְאֵלּוּ שֶׁל הַסִּטְרָא אַחֲרָא, הֵן שֶׁל דִּין. וְכַאֲשֶׁר עָשָׂה הַקָּדוֹשׁ בָּרוּךְ הוּא דִּין בְּמִצְרַיִם, כָּל דִּין שֶׁעָשָׂה, הָיָה מַמָּשׁ בְּאוֹתוֹ הַדֶּרֶךְ שֶׁל אֵלּוּ הַמֶּרְכָּבוֹת שֶׁל הַסִּטְרָא אַחֲרָא, וּבְאוֹתוֹ אוֹפֶן שֶׁל אוֹתוֹ הַצַד מַמָּשׁ, מַה צָד הַהוּא הוֹרֵג וּמוֹצִיא נְשָׁמוֹת, אַף הַקָּדוֹשׁ בָּרוּךְ הוּא עָשָׂה בְּאוֹתוֹ אוֹפֶן מַמָּשׁ, שֶׁכָּתוּב, (שמות י''ג) וַיַּהֲרֹג ה' כָל בְּכוֹר, וְכֵן הַכֹּל מַה שֶּׁעָשָׂה בְּמִצְרַיִם, הָיָה בְּאוֹתוֹ אוֹפֶן מַמָּשׁ, וּמִשּׁוּם זֶה כָּתוּב, דִּמִּיתִיךְ רַעְיָתִי, כַּדֶּרֶךְ שֶׁלָּהּ מַמָּשׁ, לַהֲרֹג, שֶׁכָּתוּב, (שמות ט''ו) כִּי אֲנִי ה', אֲנִי הוּא וְלֹא אַחֵר. וּלְעָתִיד לָבֹא מַה כָּתוּב, (ישעיה ס''ג) מִי זֶה בָּא מֵאֱדוֹם חֲמוּץ בְּגָדִים מִבָּצְרָה וְגוֹ'. בֹּא וּרְאֵה, מַה כָּתוּב, וַיֵּשֶׁב יִשְׂרָאֵל בְּאֶרֶץ מִצְרַיִם בְּאֶרֶץ גֹּשֶן וְגוֹ'. וַיֵּאָחֲזוּ בָהּ, פֵּרוּשׁוֹ אֲחֻזַּת עוֹלָם. וַיֵּאָחֲזוּ בָּהּ, כִּי לָהֶם רָאוּי לְהֶאַחֵז בָּהּ וְלֹא לַמִּצְרִים, כְּמוֹ שֶׁבֵּאֲרוּהוּ. וַיִּפְרוּ וַיִּרְבּוּ מְאֹד, כִּי וַדַּאי, שֶׁלֹּא הָיָה לָהֶם צַעַר וְנִמְצְאוּ בְּתַפְנוּקֵי מְלָכִים, כָּל עוֹד שֶׁהַשְּׁבָטִים הָיוּ בַּחַיִּים, וּמִשּׁוּם זֶה וַיִּפְרוּ וַיִּרְבּוּ מְאֹד. בָּרוּךְ יְיָ לְעוֹלָם אָמֵן וְאָמֵן.","",""
"Vayigash","חק לישראל - פרשת ויגש יום חמישי","15","","<h1><b>הלכה פסוקה</b></h1>","",""
"Vayigash","חק לישראל - פרשת ויגש יום חמישי","16","Mishneh Torah, Repentance 2:3-5","<div><b>א. </b>כָּל הַמִּתְוַדֶּה בִּדְבָרִים וְלֹא גָמַר בְּלִבּוֹ לַעֲזוֹב הֲרֵי הוּא דוֹמֶה לְטוֹבֵל וְשֶׁרֶץ בְּיָדוֹ שֶׁאֵין הַטְּבִילָה מוֹעֶלֶת לוֹ עַד שֶׁיַּשְׁלִיךְ הַשֶּׁרֶץ וְכֵן הוּא אוֹמֵר (משלי כח) וּמוֹדֶה וְעוֹזֵב יְרוּחָם. וְצָרִיךְ לִפְרוֹט אֶת הַחֵטְא שֶׁנֶּאֱמַר (שמות לב) אָנָּא חָטָא הָעָם הַזֶּה חַטָּאָה גְדוֹלָה וַיַּעֲשׂוּ לָהֶם אֱלֹהֵי זָהָב:</div><div><b>ב. </b>מִדַּרְכֵי הַתְּשׁוּבָה לִהְיוֹת הַשָּׁב צוֹעֵק תָּמִיד לִפְנֵי ה' בִּבְכִי ובְתַחֲנוּנִים וְעוֹשֶׂה צְדָקָה כְּפִי כֹּחוֹ וּמִתְרַחֵק הַרְבֵּה מִן הַדָּבָר שֶׁחָטָא בּוֹ וּמְשַׁנֶּה שְׁמוֹ כְּלוֹמַר אֲנִי אַחֵר וְאֵינִי אוֹתוֹ הָאִישׁ שֶׁעָשָׂה אוֹתָן הַמַּעֲשִׂים. וּמְשַׁנֶּה מַעֲשָׂיו כּוּלָן לְטוֹבָה וּלְדֶרֶךְ יְשָׁרָה וְגוֹלֶה מִמְּקוֹמוֹ שֶׁגָּלוּת מְכַפֶּרֶת עָוֹן מִפְּנֵי שֶׁגּוֹרֶמֶת לוֹ לְהִכָּנַע וְלִהְיוֹת עָנָיו ושְׁפַל רוּחַ:</div><div><b>ג. </b>וּשְׁבַח גָּדוֹל לְשָׁב שֶׁיִּתְוַדֶּה בָּרַבִּים וְיוֹדִיעַ פְּשָׁעָיו לָהֶם וּמְגַלֶּה עֲבֵירוֹת שֶׁבֵּינוֹ לְבֵין חֲבֵירוֹ לַאֲחֵרִים וְאוֹמֵר לָהֶם אָמְנָם חָטָאתִי לִפְלוֹנִי וְעָשִׂיתִי לוֹ כָּךְ וְכָךְ וַהֲרֵינִי הַיּוֹם שָׁב וּמִתְנַחֵם וְכָל הַמִּתְגָּאֶה וְאֵינוֹ מוֹדִיעַ אֶלָּא מְכַסֶּה פְּשָׁעָיו אֵין תְּשׁוּבָתוֹ גְּמוּרָה שֶׁנֶּאֱמַר (משלי כח) מְכַסֶּה פְּשָׁעָיו לֹא יַצְלִיחַ:</div>","<div>He who confesses by speech but has not his heart's consent to abandon his erstwhile conduct, behold him, he is like one taking an immersion of purification and in his grasp is an impure creeping thing, when he knows the immersion to be of no value till he cast away the impure creeping thing. Even so it is advised to do, saying: ""But whoso confesseth and forsaketh them shall shall obtain mercy"" (Pro. 28. 13). In confessing to God, it is obligatory to name the sin, even as it is said: ""Oh, this people have sinned a great sin, and have made them a god of gold"" (Ex. 32.31).<sup class=""footnote-marker"">3</sup><i class=""footnote"">Ta’anit, 16a; Yoma, 86b. C.</i></div><div>Among the ways of repentance are, for the penitent to continue to cry out in tearful supplication before the Name, to bestow alms according to his means, and to distance himself exceedingly from the thing wherein he sinned, to have his identity changed, as if saying: ""I am now another person, and not that person who perpetrated those misdeeds"", to completely change his conduct for the good and straight path, and to exile himself from his place of residence, for exile atones iniquity, because it leads him to submissiveness and to be meek and humble-spirited.<sup class=""footnote-marker"">4</sup><i class=""footnote"">Rosh-ha-Shanah, 16b. C.</i></div><div>The penitent who confesses publicly is praiseworthy, and it is commendable for him to let the public know his iniquities, and to reveal the sins between himself and his neighbor to others, saying to them: ""Truly, I have sinned against that man, and I have wronged him thus and such, but, behold me this day, I repent and am remorseful"". But he, who is arrogant and reveals not but covers up his sins, is not a wholehearted penitent, of whom it is said: ""He that covereth his sins shall not prosper"" (Prov. 28.13). But that is saying solely concerning sins between man and man, but sins between man and God, the penitent need not make public, on the contrary it would be impudent of him to reveal them. He, however, should repent before God, blessed is he! and before Him he should detail his sins; and then make public confession upon them by simply saying: ""I have sinned"". Such procedure is, indeed, for his own good, even as it is said: ""Blessed is he whose transgression is forgiven, whose sin is covered (Ps. 32.1).<sup class=""footnote-marker"">6</sup><i class=""footnote"">Rosh ha-Shanah, 18a. C.</i></div>",""
"Vayigash","חק לישראל - פרשת ויגש יום חמישי","17","","<h1><b>מוסר</b></h1>","",""
"Vayigash","חק לישראל - פרשת ויגש יום חמישי","18","","<div><strong><span style=""color: #999999;"">ספר חרדים דף ע""א ע""א</span></strong></div><div>לֵב חוֹשֵׁב בְּעִנְיָינֵי גוּפוֹ בְּעֵת תְּפִלָּה אוֹ חֲזָרַת שְׁלִיחַ צִבּוּר גָּדוֹל עֲוֹנוֹ מִנְּשׂוֹא וְעָלָיו נֶאֱמַר (שמואל א' ב') וּבוֹזַי יֵקָלּוּ כִּדְאִיתָא בְזוֹהַר שֶׁאֵין לָךְ בּוֹזֶה שְׁמוֹ גָדוֹל מִזֶּה שֶׁהֲרֵי לִפְנֵי מֶלֶךְ וַאֲפִילוּ לִפְנֵי אֶחָד מִשָּׂרָיו בְּרַעַשׁ וָרַעַד אָדָם עוֹמֵד וְיָרֵא פֶּן יִלָּכֵד בִּדְבָרָיו כִּי חֲמַת מֶלֶךְ מַלְאֲכֵי מָוֶת וְכָל שֶׁכֵּן חֲמַת מֶלֶךְ מַלְכֵי הַמְּלָכִים הַקָּדוֹשׁ בָּרוּךְ הוּא שֶׁאֲפִילוּ משֶׁה רַבֵּינוּ עָלָיו הַשָּׁלוֹם הָיָה יָרֵא שֶׁנֶּאֱמַר (דברים ט') כִּי יָגֹרְתִּי מִפְּנֵי הָאַף וְהַחֵמָה וְעוֹד עֲוֹנוֹ גָדוֹל שֶׁהֲרֵי הֵעִיד עֵדוּת שֶׁקֶר בְּעַצְמוֹ שֶׁאָמַר בִּקְרִיאַת שְׁמַע וּלְעָבְדוֹ בְּכָל לְבַבְכֶם שֶׁהִיא הָעֲבוֹדָה שֶׁבְּלֵב זוּ הַתְּפִלָּה וַהֲרֵי לְבָבוֹ פּוֹנֶה מֵעִם ה' לְתַעְתּוּעֵי מַחֲשָׁבוֹת יֹאמַר ה' עָלָיו (ירמי' ב') אוֹתִי עָזְבוּ מְקוֹר מַיִם חַיִּים לַחֲצוֹב לָהֶם בֹּארוֹת בֹּארוֹת נִשְׁבָּרִים וְגוֹ' וּכְתִיב (שם י''ב) קָרוֹב אַתָּה בְּפִיהֶם וְרָחוֹק מִכִּלְיוֹתֵיהֶם וּכְתִיב (מלאכי א') בְּפִיו וּבִשְׂפָתָיו כִּבְּדוּנִי וְלִבּוֹ רָחַק מִמֶּנִּי וּכְתִיב (ישעי' כ''ט) וְאִם אָב אָנִי אַיֵּה כְבוֹדִי וְאִם אֲדוֹנִים אָנִי אַיֵּה מוֹרָאִי שֶׁקָּרָאנוּ בַּתְּפִלָה אָב הָרַחֲמָן שְׁמַע קוֹלֵנוּ וּבְרֹאשׁ הַתְּפִלָּה ה' שְׂפָתַי תִּפְתָּח לְעָבְדוֹ בִּרְחִימוּ כְּאָב וּבִדְחִילוּ כְּאָדוֹן:</div>","",""
"Vayigash","חק לישראל - פרשת ויגש ליל שישי","1","","<h1><b>תורה</b></h1>","",""
"Vayigash","חק לישראל - פרשת ויגש ליל שישי","2","","<small>צרוף יִהִוִהִ</small>","",""
"Vayigash","חק לישראל - פרשת ויגש ליל שישי","3","Genesis 45:10-46:7","<div>מה (<small>י</small>) וְיָשַׁבְתָּ֣ בְאֶֽרֶץ־גֹּ֗שֶׁן וְהָיִ֤יתָ קָרוֹב֙ אֵלַ֔י אַתָּ֕ה וּבָנֶ֖יךָ וּבְנֵ֣י בָנֶ֑יךָ וְצֹאנְךָ֥ וּבְקָרְךָ֖ וְכׇל־אֲשֶׁר־לָֽךְ׃</div><div><small>וְתֵתֵיב בְּאַרְעָא דְגשֶׁן וּתְהֵי קָרִיב לִי אַתְּ וּבְנָךְ וּבְנֵי בְנָךְ וְעָנָךְ וְתוֹרָךְ וְכָל דִּי לָךְ:</small></div><div>(<small>יא</small>) וְכִלְכַּלְתִּ֤י אֹֽתְךָ֙ שָׁ֔ם כִּי־ע֛וֹד חָמֵ֥שׁ שָׁנִ֖ים רָעָ֑ב פֶּן־תִּוָּרֵ֛שׁ אַתָּ֥ה וּבֵֽיתְךָ֖ וְכׇל־אֲשֶׁר־לָֽךְ׃</div><div><small>וְאֵזוּן יָתָךְ תַּמָּן אֲרֵי עוֹד חֲמֵשׁ שְׁנִין כַּפְנָא דִּלְמָא תִתְמַסְכַּן אַתְּ <b>וֶאֱנַשׁ</b> בֵּיתָךְ וְכָל דִּי לָךְ:</small></div><div>(<small>יב</small>) וְהִנֵּ֤ה עֵֽינֵיכֶם֙ רֹא֔וֹת וְעֵינֵ֖י אָחִ֣י בִנְיָמִ֑ין כִּי־פִ֖י הַֽמְדַבֵּ֥ר אֲלֵיכֶֽם׃</div><div><small>וְהָא עֵינֵיכוֹן חֲזָן וְעֵינֵי אָחִי בִנְיָמִין אֲרֵי <b>בְלִישָׁנְכוֹן</b> אֲנָא מְמַלֵּל עִמְּכוֹן:</small></div><div>(<small>יג</small>) וְהִגַּדְתֶּ֣ם לְאָבִ֗י אֶת־כׇּל־כְּבוֹדִי֙ בְּמִצְרַ֔יִם וְאֵ֖ת כׇּל־אֲשֶׁ֣ר רְאִיתֶ֑ם וּמִֽהַרְתֶּ֛ם וְהוֹרַדְתֶּ֥ם אֶת־אָבִ֖י הֵֽנָּה׃</div><div><small>וּתְחַוּוּן לְאַבָּא יָת כָּל יְקָרִי בְּמִצְרַיִם וְיָת כָּל דִּי חֲזֵיתוּן וְתוֹחוּן וְתַחֲתוּן יָת אַבָּא הָכָא:</small></div><div>(<small>יד</small>) וַיִּפֹּ֛ל עַל־צַוְּארֵ֥י בִנְיָמִֽן־אָחִ֖יו וַיֵּ֑בְךְּ וּבִ֨נְיָמִ֔ן בָּכָ֖ה עַל־צַוָּארָֽיו׃</div><div><small>וּנְפַל עַל צַוְּארֵי בִנְיָמִן אֲחוּהִי וּבְכָא וּבִנְיָמִן בְּכָא עַל צַוְּארֵיהּ:</small></div><div>(<small>טו</small>) וַיְנַשֵּׁ֥ק לְכׇל־אֶחָ֖יו וַיֵּ֣בְךְּ עֲלֵהֶ֑ם וְאַ֣חֲרֵי כֵ֔ן דִּבְּר֥וּ אֶחָ֖יו אִתּֽוֹ׃</div><div><small>וּנְשַׁק לְכָל אֲחוֹהִי וּבְכָא עֲלֵיהוֹן וּבָתַר כֵּן מַלִּילוּ אֲחוֹהִי עִמֵּיהּ:</small></div><div>(<small>טז</small>) וְהַקֹּ֣ל נִשְׁמַ֗ע בֵּ֤ית פַּרְעֹה֙ לֵאמֹ֔ר בָּ֖אוּ אֲחֵ֣י יוֹסֵ֑ף וַיִּיטַב֙ בְּעֵינֵ֣י פַרְעֹ֔ה וּבְעֵינֵ֖י עֲבָדָֽיו׃</div><div><small>וְקָלָא אִשְׁתְּמַע לְבֵית פַּרְעֹה לְמֵימַר עַלּוּ אֲחֵי יוֹסֵף וּשְׁפַר בְּעֵינֵי פַרְעֹה וּבְעֵינֵי עַבְדּוֹהִי:</small></div><div>(<small>יז</small>) וַיֹּ֤אמֶר פַּרְעֹה֙ אֶל־יוֹסֵ֔ף אֱמֹ֥ר אֶל־אַחֶ֖יךָ זֹ֣את עֲשׂ֑וּ טַֽעֲנוּ֙ אֶת־בְּעִ֣ירְכֶ֔ם וּלְכוּ־בֹ֖אוּ אַ֥רְצָה כְּנָֽעַן׃</div><div><small>וַאֲמַר פַּרְעֹה לְיוֹסֵף אֱמַר לְאַחָיךְ דָּא עִיבִידוּ טְעוּנוּ יָת בְּעִירְכוֹן וֶאֱזִילוּ <b>אוֹבִילוּ</b> לְאַרְעָא דִכְנָעַן:</small></div><div>(<small>יח</small>) וּקְח֧וּ אֶת־אֲבִיכֶ֛ם וְאֶת־בָּתֵּיכֶ֖ם וּבֹ֣אוּ אֵלָ֑י וְאֶתְּנָ֣ה לָכֶ֗ם אֶת־טוּב֙ אֶ֣רֶץ מִצְרַ֔יִם וְאִכְל֖וּ אֶת־חֵ֥לֶב הָאָֽרֶץ׃</div><div><small>וּדְבָרוּ יָת אֲבוּכוֹן וְיָת <b>אֱנַשׁ</b> בָּתֵּיכוֹן וְעוּלוּ לְוָתִי וְאֶתֵּן לְכוֹן יָת טוּב אַרְעָא דְמִצְרַיִם וְתֵיכְלוּן יָת טוּבָא דְאַרְעָא:</small></div><div>(<small>יט</small>) וְאַתָּ֥ה צֻוֵּ֖יתָה זֹ֣את עֲשׂ֑וּ קְחוּ־לָכֶם֩ מֵאֶ֨רֶץ מִצְרַ֜יִם עֲגָל֗וֹת לְטַפְּכֶם֙ וְלִנְשֵׁיכֶ֔ם וּנְשָׂאתֶ֥ם אֶת־אֲבִיכֶ֖ם וּבָאתֶֽם׃</div><div><small>וְאַתְּ מְפַקָּדָא דָּא עִיבִידוּ סִיבוּ לְכוֹן מֵאַרְעָא דְמִצְרַיִם עֶגְלָן לְטַפְלֵיכוֹן וְלִנְשֵׁיכוֹן וְתִטְּלוּן יָת אֲבוּכוֹן וְתֵיתוּן:</small></div><div>(<small>כ</small>) וְעֵ֣ינְכֶ֔ם אַל־תָּחֹ֖ס עַל־כְּלֵיכֶ֑ם כִּי־ט֛וּב כׇּל־אֶ֥רֶץ מִצְרַ֖יִם לָכֶ֥ם הֽוּא׃</div><div><small>וְעֵינְכוֹן לָא תְחוּס עַל מָנֵיכוֹן אֲרֵי טַב כָּל אַרְעָא דְמִצְרַיִם דִּלְכוֹן הוּא:</small></div><div>(<small>כא</small>) וַיַּֽעֲשׂוּ־כֵן֙ בְּנֵ֣י יִשְׂרָאֵ֔ל וַיִּתֵּ֨ן לָהֶ֥ם יוֹסֵ֛ף עֲגָל֖וֹת עַל־פִּ֣י פַרְעֹ֑ה וַיִּתֵּ֥ן לָהֶ֛ם צֵדָ֖ה לַדָּֽרֶךְ׃</div><div><small>וַעֲבָדוּ כֵן בְּנֵי יִשְׂרָאֵל וִיהַב לְהוֹן יוֹסֵף עֶגְלָן עַל מֵימַר פַּרְעֹה וִיהַב לְהוֹן זְוָדִין לְאָרְחָא:</small></div><div>(<small>כב</small>) לְכֻלָּ֥ם נָתַ֛ן לָאִ֖ישׁ חֲלִפ֣וֹת שְׂמָלֹ֑ת וּלְבִנְיָמִ֤ן נָתַן֙ שְׁלֹ֣שׁ מֵא֣וֹת כֶּ֔סֶף וְחָמֵ֖שׁ חֲלִפֹ֥ת שְׂמָלֹֽת׃</div><div><small>לְכָלְּהוֹן יְהַב לִגְבַר אִצְטְלַוָּן דִּלְבוּשָׁא וּלְבִנְיָמִן יְהַב תְּלָת מְאָה <b>סִלְעִין דִּ</b>כְסַף וַחֲמֵשׁ אִצְטְלַוָּן דִּלְבוּשִׁין:</small></div><div>(<small>כג</small>) וּלְאָבִ֞יו שָׁלַ֤ח כְּזֹאת֙ עֲשָׂרָ֣ה חֲמֹרִ֔ים נֹשְׂאִ֖ים מִטּ֣וּב מִצְרָ֑יִם וְעֶ֣שֶׂר אֲתֹנֹ֡ת נֹֽ֠שְׂאֹ֠ת בָּ֣ר וָלֶ֧חֶם וּמָז֛וֹן לְאָבִ֖יו לַדָּֽרֶךְ׃</div><div><small>וְלַאֲבוּהִי שְׁלַח כְּדָא עַסְרָא חֲמָרִין טְעִינִין מִטּוּבָא דְמִצְרָיִם וַעֲסַר אַתְנָן טְעִינָן <b>עִיבוּר</b> וּלְחֵם וּזְוָדִין לַאֲבוּהִי לְאָרְחָא:</small></div><div>(<small>כד</small>) וַיְשַׁלַּ֥ח אֶת־אֶחָ֖יו וַיֵּלֵ֑כוּ וַיֹּ֣אמֶר אֲלֵהֶ֔ם אַֽל־תִּרְגְּז֖וּ בַּדָּֽרֶךְ׃</div><div><small>וְשַׁלַּח יָת אֲחוֹהִי וַאֲזָלוּ וַאֲמַר לְהוֹן לָא <b>תִתְנַצּוּן</b> בְּאָרְחָא:</small></div><div>(<small>כה</small>) וַֽיַּעֲל֖וּ מִמִּצְרָ֑יִם וַיָּבֹ֙אוּ֙ אֶ֣רֶץ כְּנַ֔עַן אֶֽל־יַעֲקֹ֖ב אֲבִיהֶֽם׃</div><div><small>וּסְלִיקוּ מִמִּצְרָיִם וַאֲתוֹ לְאַרְעָא דִכְנַעַן לְוַת יַעֲקֹב אֲבוּהוֹן:</small></div><div>(<small>כו</small>) וַיַּגִּ֨דוּ ל֜וֹ לֵאמֹ֗ר ע֚וֹד יוֹסֵ֣ף חַ֔י וְכִֽי־ה֥וּא מֹשֵׁ֖ל בְּכׇל־אֶ֣רֶץ מִצְרָ֑יִם וַיָּ֣פׇג לִבּ֔וֹ כִּ֥י לֹא־הֶאֱמִ֖ין לָהֶֽם׃</div><div><small>וְחַוִּיאוּ לֵיהּ לְמֵימַר עוֹד כְּעַן יוֹסֵף קַיָּם וַאֲרֵי הוּא שַׁלִּיט בְּכָל אַרְעָא דְמִצְרָיִם <b>וַהֲווֹ מִלַּיָּא פָּיְגָן עַל לִבֵּיהּ</b> אֲרֵי לָא הֵימִין לְהוֹן:</small></div><div>(<small>כז</small>) וַיְדַבְּר֣וּ אֵלָ֗יו אֵ֣ת כׇּל־דִּבְרֵ֤י יוֹסֵף֙ אֲשֶׁ֣ר דִּבֶּ֣ר אֲלֵהֶ֔ם וַיַּרְא֙ אֶת־הָ֣עֲגָל֔וֹת אֲשֶׁר־שָׁלַ֥ח יוֹסֵ֖ף לָשֵׂ֣את אֹת֑וֹ וַתְּחִ֕י ר֖וּחַ יַעֲקֹ֥ב אֲבִיהֶֽם׃</div><div><small>וּמַלִּילוּ עִמֵּיהּ יָת כָּל פִּתְגָּמֵי יוֹסֵף דִּי מַלִּיל עִמְּהוֹן וַחֲזָא יָת עֲגַלָּתָא דִּשְׁלַח יוֹסֵף לְמִטַּל יָתֵיהּ וּשְׁרַת רוּחַ <b>נְבוּאָה לְוַת</b> יַעֲקֹב אֲבוּהוֹן:</small></div><div>(<small>כח</small>) וַיֹּ֙אמֶר֙ יִשְׂרָאֵ֔ל רַ֛ב עוֹד־יוֹסֵ֥ף בְּנִ֖י חָ֑י אֵֽלְכָ֥ה וְאֶרְאֶ֖נּוּ בְּטֶ֥רֶם אָמֽוּת׃</div><div><small>וַאֲמַר יִשְׂרָאֵל <b>סַגִּי לִי חֶדְוָא</b> עַד כְּעַן יוֹסֵף בְּרִי קַיָּם אֱזֵיל וְאֶחֱזִנֵּיהּ עַד לָא אֵמוּת:</small></div><div>מו (<small>א</small>) וַיִּסַּ֤ע יִשְׂרָאֵל֙ וְכׇל־אֲשֶׁר־ל֔וֹ וַיָּבֹ֖א בְּאֵ֣רָה שָּׁ֑בַע וַיִּזְבַּ֣ח זְבָחִ֔ים לֵאלֹהֵ֖י אָבִ֥יו יִצְחָֽק׃</div><div><small>וּנְטַל יִשְׂרָאֵל וְכָל דִּי לֵיהּ וַאֲתָא לִבְאֵר שָׁבַע וּדְבַח דִּבְחִין לֵאלָהֵהּ אֲבוּהִי יִצְחָק:</small></div><div>(<small>ב</small>) וַיֹּ֨אמֶר אֱלֹהִ֤ים <small>׀</small> לְיִשְׂרָאֵל֙ בְּמַרְאֹ֣ת הַלַּ֔יְלָה וַיֹּ֖אמֶר יַעֲקֹ֣ב <small>׀</small> יַעֲקֹ֑ב וַיֹּ֖אמֶר הִנֵּֽנִי׃</div><div><small>וַאֲמַר יְיָ לְיִשְׂרָאֵל בְּחֶזְוֵי דְלֵילְיָא וַאֲמַר יַעֲקֹב יַעֲקֹב וַאֲמַר הָא אֲנָא:</small></div><div>(<small>ג</small>) וַיֹּ֕אמֶר אָנֹכִ֥י הָאֵ֖ל אֱלֹהֵ֣י אָבִ֑יךָ אַל־תִּירָא֙ מֵרְדָ֣ה מִצְרַ֔יְמָה כִּֽי־לְג֥וֹי גָּד֖וֹל אֲשִֽׂימְךָ֥ שָֽׁם׃</div><div><small>וַאֲמַר אֲנָא אֵל אֱלָהָא דְאָבוּךְ לָא תִדְחַל מִלְּמֵיחַת לְמִצְרַיִם אֲרֵי לְעַם סַגִּי אֲשַׁוִּנָּךְ תַּמָּן:</small></div><div>(<small>ד</small>) אָנֹכִ֗י אֵרֵ֤ד עִמְּךָ֙ מִצְרַ֔יְמָה וְאָנֹכִ֖י אַֽעַלְךָ֣ גַם־עָלֹ֑ה וְיוֹסֵ֕ף יָשִׁ֥ית יָד֖וֹ עַל־עֵינֶֽיךָ׃</div><div><small>אֲנָא אֵחוֹת עִמָּךְ לְמִצְרַיִם וַאֲנָא אַסֵּקִנָּךְ אַף אַסָּקָא וְיוֹסֵף יְשַׁוֵּי יְדוֹהִי עַל עֵינָיךְ:</small></div><div>(<small>ה</small>) וַיָּ֥קׇם יַעֲקֹ֖ב מִבְּאֵ֣ר שָׁ֑בַע וַיִּשְׂא֨וּ בְנֵֽי־יִשְׂרָאֵ֜ל אֶת־יַעֲקֹ֣ב אֲבִיהֶ֗ם וְאֶת־טַפָּם֙ וְאֶת־נְשֵׁיהֶ֔ם בָּעֲגָל֕וֹת אֲשֶׁר־שָׁלַ֥ח פַּרְעֹ֖ה לָשֵׂ֥את אֹתֽוֹ׃</div><div><small>וְקָם יַעֲקֹב מִבְּאֵרָא דְשָׁבַע וּנְטָלוּ בְנֵי יִשְׂרָאֵל יָת יַעֲקֹב אֲבוּהוֹן וְיָת טַפְלְהוֹן וְיָת נְשֵׁיהוֹן בַּעֲגַלְתָּא דִּי שְׁלַח פַּרְעֹה לְמִטַּל יָתֵיהּ:</small></div><div>(<small>ו</small>) וַיִּקְח֣וּ אֶת־מִקְנֵיהֶ֗ם וְאֶת־רְכוּשָׁם֙ אֲשֶׁ֤ר רָֽכְשׁוּ֙ בְּאֶ֣רֶץ כְּנַ֔עַן וַיָּבֹ֖אוּ מִצְרָ֑יְמָה יַעֲקֹ֖ב וְכׇל־זַרְע֥וֹ אִתּֽוֹ׃</div><div><small>וּדְבָרוּ יָת גֵּיתֵיהוֹן וְיָת קִנְיָנְהוֹן דִּי קְנוֹ בְּאַרְעָא דִכְנַעַן וַאֲתוֹ לְמִצְרָיִם יַעֲקֹב וְכָל בְּנוֹהִי עִמֵּיהּ:</small></div><div>(<small>ז</small>) בָּנָ֞יו וּבְנֵ֤י בָנָיו֙ אִתּ֔וֹ בְּנֹתָ֛יו וּבְנ֥וֹת בָּנָ֖יו וְכׇל־זַרְע֑וֹ הֵבִ֥יא אִתּ֖וֹ מִצְרָֽיְמָה׃ <span class=""mam-spi-samekh"">{ס}</span>        </div><div><small>בְּנוֹהִי וּבְנֵי בְנוֹהִי עִמֵּיהּ בְּנָתֵיהּ וּבְנַת בְּנוֹהִי וְכָל זַרְעֵיהּ אָעֵיל עִמֵּיהּ לְמִצְרָיִם:</small></div>","<div>45 (10) and thou shalt dwell in the land of Goshen, and thou shalt be near me, thou, and thy children, and thy children’s children, and thy flocks, and thy herds, and all that thou hast:</div><div>(11) and there will I nourish thee; for there are still five years of famine; lest thou, and thy household, and all that thou hast, come to poverty.</div><div>(12) And, behold, your eyes see, and the eyes of my brother Binyamin, that it is my mouth that speaks to you.</div><div>(13) And you shall tell my father of all my glory in Miżrayim, and of all that you have seen: and you shall hasten and bring down my father here.</div><div>(14) And he fell on his brother Binyamin’s neck, and wept; and Binyamin wept on his neck.</div><div>(15) And he kissed all his brethren, and wept on them: and after that his brethren talked with him.</div><div>(16) And the report was heard in Par῾o’s house, saying, Yosef’s brethren are come: and it pleased Par῾o well, and his servants.</div><div>(17) And Par῾o said to Yosef, Say to thy brethren, Do this: load your beasts, and go, get you to the land of Kena῾an;</div><div>(18) and take your father and your households, and come to me: and I will give you the good of the land of Miżrayim, and you shall eat the fat of the land.</div><div>(19) Now thou art commanded, do this; take wagons out of the land of Miżrayim for your little ones, and for your wives, and bring your father, and come.</div><div>(20) Also give no thought to your goods; for the good of all the land of Miżrayim is yours.</div><div>(21) And the children of Yisra᾽el did so: and Yosef gave them wagons, according to the commandment of Par῾o, and gave them provision for the way.</div><div>(22) To all of them he gave each man changes of clothing; but to Binyamin he gave three hundred pieces of silver, and five changes of clothing.</div><div>(23) And to his father he sent after this manner; ten asses laden with the good things of Miżrayim and ten she asses laden with corn and bread and food for his father by the way.</div><div>(24) So he sent his brethren away, and they departed: and he said to them, See that you do not fall out by the way.</div><div>(25) And they went up out of Miżrayim, and came to the land of Kena῾an to Ya῾aqov their father,</div><div>(26) and told him, saying, Yosef is still alive, and he is governor over all the land of Miżrayim. And his heart fainted, for he believed them not.</div><div>(27) And they told him all the words of Yosef, which he had said to them: and when he saw the wagons which Yosef had sent to carry him, the spirit of Ya῾aqov their father revived:</div><div>(28) and Yisra᾽el said, It is enough; Yosef my son is still alive: I will go and see him before I die.</div><div>46 (1) And Yisra᾽el took his journey with all that he had, and came to Be᾽er-sheva, and offered sacrifices to the God of his father Yiżĥaq.</div><div>(2) And God spoke to Yisra᾽el in the visions of the night, and said, Ya῾aqov, Ya῾aqov. And he said, Here I am.</div><div>(3) And He said, I am God, the God of thy father: fear not to go down to Miżrayim; for I will there make of thee a great nation:</div><div>(4) I will go down with thee into Miżrayim; and I will also surely bring thee up again: and Yosef shall put his hand on thy eyes.</div><div>(5) And Ya῾aqov rose up from Be᾽er-sheva, and the sons of Yisra᾽el carried Ya῾aqov their father, and their little ones, and their wives, in the wagons which Par῾o had sent to carry him.</div><div>(6) And they took their cattle, and their goods, which they had acquired in the land of Kena῾an; and came to Miżrayim, Ya῾aqov, and all his seed with him:</div><div>(7) his sons, and his sons’ sons with him, his daughters, and his sons’ daughters, and all his seed brought he with him to Miżrayim.</div>",""
"Vayigash","חק לישראל - פרשת ויגש יום שישי","1","","<h1><b>תורה</b></h1>","",""
"Vayigash","חק לישראל - פרשת ויגש יום שישי","2","","<small>כדי להשלים כל הסדרה שנים מקרא ואחד תרגום הצגנו תשלום כל הסדרה ותרגום והפטרה:</small>","",""
"Vayigash","חק לישראל - פרשת ויגש יום שישי","3","Genesis 46:8-27","<div>מו (<small>ח</small>) וְאֵ֨לֶּה שְׁמ֧וֹת בְּנֵֽי־יִשְׂרָאֵ֛ל הַבָּאִ֥ים מִצְרַ֖יְמָה יַעֲקֹ֣ב וּבָנָ֑יו בְּכֹ֥ר יַעֲקֹ֖ב רְאוּבֵֽן׃</div><div><small>וְאִלֵּין שְׁמָהַת בְּנֵי יִשְׂרָאֵל דְּעַלּוּ לְמִצְרַיִם יַעֲקֹב וּבְנוֹהִי בּוּכְרָא דְיַעֲקֹב רְאוּבֵן:</small></div><div>(<small>ט</small>) וּבְנֵ֖י רְאוּבֵ֑ן חֲנ֥וֹךְ וּפַלּ֖וּא וְחֶצְרֹ֥ן וְכַרְמִֽי׃</div><div><small>וּבְנֵי רְאוּבֵן חֲנוֹךְ וּפַלּוּא וְחֶצְרֹן וְכַרְמִי:</small></div><div>(<small>י</small>) וּבְנֵ֣י שִׁמְע֗וֹן יְמוּאֵ֧ל וְיָמִ֛ין וְאֹ֖הַד וְיָכִ֣ין וְצֹ֑חַר וְשָׁא֖וּל בֶּן־הַֽכְּנַעֲנִֽית׃</div><div><small>וּבְנֵי שִׁמְעוֹן יְמוּאֵל וְיָמִין וְאֹהַד וְיָכִין וְצֹחַר וְשָׁאוּל בַּר כְּנַעֲנֵיתָא:</small></div><div>(<small>יא</small>) וּבְנֵ֖י לֵוִ֑י גֵּרְשׁ֕וֹן קְהָ֖ת וּמְרָרִֽי׃</div><div><small>וּבְנֵי לֵוִי גֵּרְשׁוֹן קְהָת וּמְרָרִי:</small></div><div>(<small>יב</small>) וּבְנֵ֣י יְהוּדָ֗ה עֵ֧ר וְאוֹנָ֛ן וְשֵׁלָ֖ה וָפֶ֣רֶץ וָזָ֑רַח וַיָּ֨מׇת עֵ֤ר וְאוֹנָן֙ בְּאֶ֣רֶץ כְּנַ֔עַן וַיִּהְי֥וּ בְנֵי־פֶ֖רֶץ חֶצְרֹ֥ן וְחָמֽוּל׃</div><div><small>וּבְנֵי יְהוּדָה עֵר וְאוֹנָן וְשֵׁלָה וָפֶרֶץ וָזָרַח וּמִית עֵר וְאוֹנָן בְּאַרְעָא דִכְנַעַן וַהֲווֹ בְנֵי פֶרֶץ חֶצְרֹן וְחָמוּל:</small></div><div>(<small>יג</small>) וּבְנֵ֖י יִשָּׂשכָ֑ר תּוֹלָ֥ע וּפֻוָ֖ה וְי֥וֹב וְשִׁמְרֹֽן׃</div><div><small>וּבְנֵי יִשָּׂשׂכָר תּוֹלָע וּפֻוָּה וְיוֹב וְשִׁמְרוֹן:</small></div><div>(<small>יד</small>) וּבְנֵ֖י זְבֻל֑וּן סֶ֥רֶד וְאֵל֖וֹן וְיַחְלְאֵֽל׃</div><div><small>וּבְנֵי זְבֻלוּן סֶרֶד וְאֵלוֹן וְיַחְלְאֵל:</small></div><div>(<small>טו</small>) אֵ֣לֶּה <b>׀</b> בְּנֵ֣י לֵאָ֗ה אֲשֶׁ֨ר יָֽלְדָ֤ה לְיַעֲקֹב֙ בְּפַדַּ֣ן אֲרָ֔ם וְאֵ֖ת דִּינָ֣ה בִתּ֑וֹ כׇּל־נֶ֧פֶשׁ בָּנָ֛יו וּבְנוֹתָ֖יו שְׁלֹשִׁ֥ים וְשָׁלֹֽשׁ׃</div><div><small>אִלֵּין בְּנֵי לֵאָה דִּיְלִידַת לְיַעֲקֹב בְּפַדַּן אֲרָם וְיָת דִּינָה בְרַתֵּהּ כָּל נֶפֶשׁ בְּנוֹהִי וּבְנָתֵיהּ תְּלָתִין וּתְלָת:</small></div><div>(<small>טז</small>) וּבְנֵ֣י גָ֔ד צִפְי֥וֹן וְחַגִּ֖י שׁוּנִ֣י וְאֶצְבֹּ֑ן עֵרִ֥י וַֽאֲרוֹדִ֖י וְאַרְאֵלִֽי׃</div><div><small>וּבְנֵי גָד צִפְיוֹן וְחַגִּי שׁוּנִי וְאֶצְבּוֹן עֵרִי וַאֲרוֹדִי וְאַרְאֵלִי:</small></div><div>(<small>יז</small>) וּבְנֵ֣י אָשֵׁ֗ר יִמְנָ֧ה וְיִשְׁוָ֛ה וְיִשְׁוִ֥י וּבְרִיעָ֖ה וְשֶׂ֣רַח אֲחֹתָ֑ם וּבְנֵ֣י בְרִיעָ֔ה חֶ֖בֶר וּמַלְכִּיאֵֽל׃</div><div><small>וּבְנֵי אָשֵׁר יִמְנָה וְיִשְׁוָה וְיִשְׁוִי וּבְרִיעָה וְשֶׂרַח אֲחַתְהוֹן וּבְנֵי בְרִיעָה חֶבֶר וּמַלְכִּיאֵל:</small></div><div>(<small>יח</small>) אֵ֚לֶּה בְּנֵ֣י זִלְפָּ֔ה אֲשֶׁר־נָתַ֥ן לָבָ֖ן לְלֵאָ֣ה בִתּ֑וֹ וַתֵּ֤לֶד אֶת־אֵ֙לֶּה֙ לְיַעֲקֹ֔ב שֵׁ֥שׁ עֶשְׂרֵ֖ה נָֽפֶשׁ׃</div><div><small>אִלֵּין בְּנֵי זִלְפָּה דִּיהַב לָבָן לְלֵאָה בְרַתֵּיהּ וִילִידַת יָת אִלֵּין לְיַעֲקֹב שִׁית עֶשְׂרֵי נַפְשָׁא:</small></div><div>(<small>יט</small>) בְּנֵ֤י רָחֵל֙ אֵ֣שֶׁת יַֽעֲקֹ֔ב יוֹסֵ֖ף וּבִנְיָמִֽן׃</div><div><small>בְּנֵי רָחֵל אִתַּת יַעֲקֹב יוֹסֵף וּבִנְיָמִן:</small></div><div>(<small>כ</small>) וַיִּוָּלֵ֣ד לְיוֹסֵף֮ בְּאֶ֣רֶץ מִצְרַ֒יִם֒ אֲשֶׁ֤ר יָֽלְדָה־לּוֹ֙ אָֽסְנַ֔ת בַּת־פּ֥וֹטִי פֶ֖רַע<sup class=""footnote-marker"">*</sup><i class=""footnote"">(בספרי תימן פּֽוֹטִיפֶ֖רַע בתיבה אחת)</i> כֹּהֵ֣ן אֹ֑ן אֶת־מְנַשֶּׁ֖ה וְאֶת־אֶפְרָֽיִם׃</div><div><small>וְאִתְיְלִידוּ לְיוֹסֵף בְּאַרְעָא דְמִצְרַיִם דִּילִידַת לֵהּ אָסְנַת בַּת פּוֹטִי פֶרַע רַבָּא דְאוֹן יָת מְנַשֶּׁה וְיָת אֶפְרָיִם:</small></div><div>(<small>כא</small>) וּבְנֵ֣י בִנְיָמִ֗ן בֶּ֤לַע וָבֶ֙כֶר֙ וְאַשְׁבֵּ֔ל גֵּרָ֥א וְנַעֲמָ֖ן אֵחִ֣י וָרֹ֑אשׁ מֻפִּ֥ים וְחֻפִּ֖ים וָאָֽרְדְּ׃</div><div><small>וּבְנֵי בִנְיָמִן בֶּלַע וָבֶכֶר וְאַשְׁבֵּל גֵּרָא וְנַעֲמָן אֵחִי וָרֹאשׁ מֻפִּים וְחֻפִּים וָאָרְדְּ:</small></div><div>(<small>כב</small>) אֵ֚לֶּה בְּנֵ֣י רָחֵ֔ל אֲשֶׁ֥ר יֻלַּ֖ד לְיַעֲקֹ֑ב כׇּל־נֶ֖פֶשׁ אַרְבָּעָ֥ה עָשָֽׂר׃</div><div><small>אִלֵּין בְּנֵי רָחֵל דְּאִתְיְלִידוּ לְיַעֲקֹב כָּל נַפְשָׁא אַרְבְּעָה עֲשָׂר:</small></div><div>(<small>כג</small>) וּבְנֵי־דָ֖ן חֻשִֽׁים׃</div><div><small>וּבְנֵי דָן חֻשִׁים:</small></div><div>(<small>כד</small>) וּבְנֵ֖י נַפְתָּלִ֑י יַחְצְאֵ֥ל וְגוּנִ֖י וְיֵ֥צֶר וְשִׁלֵּֽם׃</div><div><small>וּבְנֵי נַפְתָּלִי יַחְצְאֵל וְגוּנִי וְיֵצֶר וְשִׁלֵּם:</small></div><div>(<small>כה</small>) אֵ֚לֶּה בְּנֵ֣י בִלְהָ֔ה אֲשֶׁר־נָתַ֥ן לָבָ֖ן לְרָחֵ֣ל בִּתּ֑וֹ וַתֵּ֧לֶד אֶת־אֵ֛לֶּה לְיַעֲקֹ֖ב כׇּל־נֶ֥פֶשׁ שִׁבְעָֽה׃</div><div><small>אִלֵּין בְּנֵי בִלְהָה דִּיהַב לָבָן לְרָחֵל בְּרַתֵּיהּ וִילִידַת יָת אִלֵּין לְיַעֲקֹב כָּל נַפְשָׁא שִׁבְעָא:</small></div><div>(<small>כו</small>) כׇּל־הַ֠נֶּ֠פֶשׁ הַבָּאָ֨ה לְיַעֲקֹ֤ב מִצְרַ֙יְמָה֙ יֹצְאֵ֣י יְרֵכ֔וֹ מִלְּבַ֖ד נְשֵׁ֣י בְנֵי־יַעֲקֹ֑ב כׇּל־נֶ֖פֶשׁ שִׁשִּׁ֥ים וָשֵֽׁשׁ׃</div><div><small>כָּל נַפְשָׁא דְּעַלָּא לְיַעֲקֹב לְמִצְרַיִם נָפְקֵי יַרְכֵּיהּ בַּר מִנְּשֵׁי בְנֵי יַעֲקֹב כָּל נַפְשָׁתָא שִׁתִּין וְשִׁית:</small></div><div>(<small>כז</small>) וּבְנֵ֥י יוֹסֵ֛ף אֲשֶׁר־יֻלַּד־ל֥וֹ בְמִצְרַ֖יִם נֶ֣פֶשׁ שְׁנָ֑יִם כׇּל־הַנֶּ֧פֶשׁ לְבֵֽית־יַעֲקֹ֛ב הַבָּ֥אָה מִצְרַ֖יְמָה שִׁבְעִֽים׃ <span class=""mam-spi-samekh"">{ס}</span>        </div><div><small>וּבְנֵי יוֹסֵף דִּי אִתְיְלִידוּ לֵיהּ בְּמִצְרַיִם נַפְשָׁתָא תְרֵין כָּל נַפְשָׁתָא לְבֵית יַעֲקֹב דְּעַלּוּ לְמִצְרַיִם שִׁבְעִין:</small></div>","<div>46 (8) And these are the names of the children of Yisra᾽el, who came into Miżrayim, Ya῾aqov and his sons: Re᾽uven, Ya῾aqov’s firstborn.</div><div>(9) And the sons of Re᾽uven; Ḥanokh, and Pallu, and Ḥeżron, and Karmi.</div><div>(10) And the sons of Shim῾on; Yemu᾽el, and Yamin, and Ohad, and Yakhin, and Żoĥar, and Sha᾽ul the son of the Kena῾anite woman.</div><div>(11) And the sons of Levi; Gershon, Qehat, and Merari.</div><div>(12) And the sons of Yehuda; ῾Er, and Onan, and Shela, and Pereż, and Zeraĥ: but ῾Er and Onan died in the land of Kena῾an. And the sons of Pereż were Ḥeżron and Ḥamul.</div><div>(13) And the sons of Yissakhar; Tola, and Puvva, and Yov, and Shimron.</div><div>(14) And the sons of Zevulun; Sered, and Elon, and Yaĥle᾽el.</div><div>(15) These are the sons of Le᾽a, whom she bore to Ya῾aqov in Paddan-aram, with his daughter Dina: all the souls of his sons and his daughters were thirty three.</div><div>(16) And the sons of Gad; Żifyon, and Ḥaggi, Shuni, and Eżbon, ῾Eri, and Arodi, and Ar᾽eli.</div><div>(17) And the sons of Asher; Yimna, and Yishva, and Yishvi, and Beri῾a, and Seraĥ their sister: and the sons of Beri῾a were Ḥever and Malki᾽el.</div><div>(18) These are the sons of Zilpa, whom Lavan gave to Le᾽a his daughter, and these she bore to Ya῾aqov, sixteen souls.</div><div>(19) The sons of Raĥel, Ya῾aqov’s wife; Yosef and Binyamin.</div><div>(20) And to Yosef in the land of Miżrayim were born Menashshe and Efrayim, whom Asenat, daughter of Poti-fera; the priest of On bore to him.</div><div>(21) And the sons of Binyamin were Bela, and Bekher, and Ashbel, Gera, and Na῾aman, Eĥi, and Rosh, Muppim, and Ḥuppim, and Ard.</div><div>(22) These are the sons of Raĥel, who were born to Ya῾aqov: all the souls were fourteen.</div><div>(23) And the sons of Dan; Ḥushim.</div><div>(24) And the sons of Naftali; Yaĥże᾽el, and Guni, and Yeżer, and Shillem.</div><div>(25) These are the sons of Bilha, whom Lavan gave to Raĥel his daughter, and she bore these to Ya῾aqov: all the souls were seven.</div><div>(26) All the souls that came with Ya῾aqov into Miżrayim, who came out of his loins, besides Ya῾aqov’s sons’ wives, all the souls were sixty six.</div><div>(27) And the sons of Yosef, who were born him in Miżrayim, were two souls: all the souls of the house of Ya῾aqov who came into Miżrayim were seventy.</div>",""
"Vayigash","חק לישראל - פרשת ויגש יום שישי","4","Genesis 46:28-47:10","<div>מו (<small>כח</small>) וְאֶת־יְהוּדָ֞ה שָׁלַ֤ח לְפָנָיו֙ אֶל־יוֹסֵ֔ף לְהוֹרֹ֥ת לְפָנָ֖יו גֹּ֑שְׁנָה וַיָּבֹ֖אוּ אַ֥רְצָה גֹּֽשֶׁן׃</div><div><small>וְיָת יְהוּדָה שְׁלַח קֳדָמוֹהִי לְוַת יוֹסֵף <b>לְפַנָּאָה קֳדָמוֹהִי</b> לְגשֶׁן וַאֲתוֹ לְאַרְעָא דְגשֶׁן:</small></div><div>(<small>כט</small>) וַיֶּאְסֹ֤ר יוֹסֵף֙ מֶרְכַּבְתּ֔וֹ וַיַּ֛עַל לִקְרַֽאת־יִשְׂרָאֵ֥ל אָבִ֖יו גֹּ֑שְׁנָה וַיֵּרָ֣א אֵלָ֗יו וַיִּפֹּל֙ עַל־צַוָּארָ֔יו וַיֵּ֥בְךְּ עַל־צַוָּארָ֖יו עֽוֹד׃</div><div><small>וְטַקִּיס יוֹסֵף רְתִכּוֹהִי וּסְלֵיק לְקַדָּמוּת יִשְׂרָאֵל אֲבוּהִי לְגשֶׁן וְאִתְגְּלִי לֵיהּ וּנְפַל עַל צַוְּרֵיהּ וּבְכָא עַל צַוְּרֵיהּ עוֹד:</small></div><div>(<small>ל</small>) וַיֹּ֧אמֶר יִשְׂרָאֵ֛ל אֶל־יוֹסֵ֖ף אָמ֣וּתָה הַפָּ֑עַם אַחֲרֵי֙ רְאוֹתִ֣י אֶת־פָּנֶ֔יךָ כִּ֥י עוֹדְךָ֖ חָֽי׃</div><div><small>וַאֲמַר יִשְׂרָאֵל לְיוֹסֵף <b>אִלּוּ אֲנָא מָיִת זִמְנָא הָדָא מְנַחֵם אֲנָא</b> בָּתַר דַּחֲזֵיתִי יָת אַפָּיךְ אֲרֵי עַד כְּעַן אַתְּ קַיָּם:</small></div><div>(<small>לא</small>) וַיֹּ֨אמֶר יוֹסֵ֤ף אֶל־אֶחָיו֙ וְאֶל־בֵּ֣ית אָבִ֔יו אֶעֱלֶ֖ה וְאַגִּ֣ידָה לְפַרְעֹ֑ה וְאֹֽמְרָ֣ה אֵלָ֔יו אַחַ֧י וּבֵית־אָבִ֛י אֲשֶׁ֥ר בְּאֶֽרֶץ־כְּנַ֖עַן בָּ֥אוּ אֵלָֽי׃</div><div><small>וַאֲמַר יוֹסֵף לַאֲחוֹהִי וּלְבֵית אֲבוּהִי אֶסַּק וְאֵחַוֵּי לְפַרְעֹה וְאֵימַר לֵיהּ אַחַי וּבֵית אַבָּא דִּי בְאַרְעָא דִכְנַעַן עַלּוּ לְוָתִי:</small></div><div>(<small>לב</small>) וְהָאֲנָשִׁים֙ רֹ֣עֵי צֹ֔אן כִּֽי־אַנְשֵׁ֥י מִקְנֶ֖ה הָי֑וּ וְצֹאנָ֧ם וּבְקָרָ֛ם וְכׇל־אֲשֶׁ֥ר לָהֶ֖ם הֵבִֽיאוּ׃</div><div><small>וְגֻבְרַיָּא רָעֵי עָנָא אֲרֵי גֻבְרֵי מָרֵי גֵיתֵי הֲווֹ וְעָנְהוֹן וְתוֹרְהוֹן וְכָל דִּי לְהוֹן אַיְתִיאוּ:</small></div><div>(<small>לג</small>) וְהָיָ֕ה כִּֽי־יִקְרָ֥א לָכֶ֖ם פַּרְעֹ֑ה וְאָמַ֖ר מַה־מַּעֲשֵׂיכֶֽם׃</div><div><small>וִיהֵי אֲרֵי יִקְרֵי לְכוֹן פַּרְעֹה וְיֵימַר מָה עוֹבָדֵיכוֹן:</small></div><div>(<small>לד</small>) וַאֲמַרְתֶּ֗ם אַנְשֵׁ֨י מִקְנֶ֜ה הָי֤וּ עֲבָדֶ֙יךָ֙ מִנְּעוּרֵ֣ינוּ וְעַד־עַ֔תָּה גַּם־אֲנַ֖חְנוּ גַּם־אֲבֹתֵ֑ינוּ בַּעֲב֗וּר תֵּשְׁבוּ֙ בְּאֶ֣רֶץ גֹּ֔שֶׁן כִּֽי־תוֹעֲבַ֥ת מִצְרַ֖יִם כׇּל־רֹ֥עֵה צֹֽאן׃</div><div><small>וְתֵימְרוּן גֻּבְרֵי מָרֵי גֵיתֵי הֲווֹ עַבְדָּיךְ מֵעוּלֵמָנָא וְעַד כְּעַן אַף אֲנַחְנָא אַף אֲבְהָתָנָא בְּדִיל דִּי תֵיתְבוּן בְּאַרְעָא דְגשֶׁן <b>אֲרֵי מְרַחֲקִין מִצְרָאֵי כָּל רָעֵי עָנָא</b>:</small></div><div>מז (<small>א</small>) וַיָּבֹ֣א יוֹסֵף֮ וַיַּגֵּ֣ד לְפַרְעֹה֒ וַיֹּ֗אמֶר אָבִ֨י וְאַחַ֜י וְצֹאנָ֤ם וּבְקָרָם֙ וְכׇל־אֲשֶׁ֣ר לָהֶ֔ם בָּ֖אוּ מֵאֶ֣רֶץ כְּנָ֑עַן וְהִנָּ֖ם בְּאֶ֥רֶץ גֹּֽשֶׁן׃</div><div><small>וַאֲתָא יוֹסֵף וְחַוִּי לְפַרְעֹה וַאֲמַר אַבָּא וְאַחַי וְעָנְהוֹן וְתוֹרְהוֹן וְכָל דִּי לְהוֹן אֲתוֹ מֵאַרְעָא דִכְנָעַן וְהָא אִנּוּן בְּאַרְעָא דְגשֶׁן:</small></div><div>(<small>ב</small>) וּמִקְצֵ֣ה אֶחָ֔יו לָקַ֖ח חֲמִשָּׁ֣ה אֲנָשִׁ֑ים וַיַּצִּגֵ֖ם לִפְנֵ֥י פַרְעֹֽה׃</div><div><small>וּמִקְצַת מִן אֲחוֹהִי דְּבַר חַמְשָׁא גֻבְרִין וַאֲקֵימִנּוּן קֳדָם פַּרְעֹה:</small></div><div>(<small>ג</small>) וַיֹּ֧אמֶר פַּרְעֹ֛ה אֶל־אֶחָ֖יו מַה־מַּעֲשֵׂיכֶ֑ם וַיֹּאמְר֣וּ אֶל־פַּרְעֹ֗ה רֹעֵ֥ה צֹאן֙ עֲבָדֶ֔יךָ גַּם־אֲנַ֖חְנוּ גַּם־אֲבוֹתֵֽינוּ׃</div><div><small>וַאֲמַר פַּרְעֹה לַאֲחוֹהִי מָה עוֹבָדֵיכוֹן וַאֲמָרוּ לְפַרְעֹה רָעֵי עָנָא עַבְדָּיךְ אַף אֲנַחְנָא אַף אֲבְהָתָנָא:</small></div><div>(<small>ד</small>) וַיֹּאמְר֣וּ אֶל־פַּרְעֹ֗ה לָג֣וּר בָּאָ֘רֶץ֮ בָּ֒אנוּ֒ כִּי־אֵ֣ין מִרְעֶ֗ה לַצֹּאן֙ אֲשֶׁ֣ר לַעֲבָדֶ֔יךָ כִּֽי־כָבֵ֥ד הָרָעָ֖ב בְּאֶ֣רֶץ כְּנָ֑עַן וְעַתָּ֛ה יֵֽשְׁבוּ־נָ֥א עֲבָדֶ֖יךָ בְּאֶ֥רֶץ גֹּֽשֶׁן׃</div><div><small>וַאֲמָרוּ לְוַת פַּרְעֹה לְאִתּוֹתָבָא בְאַרְעָא אֲתֵינָא אֲרֵי לֵית רַעֲיָא לְעָנָא דִּי לְעַבְדָּיךְ אֲרֵי תַקִּיף כַּפְנָא בְּאַרְעָא דִכְנָעַן וּכְעַן יֵתְבוּן <b>כְּעַן</b> עַבְדָּיךְ בְּאַרְעָא דְגשֶׁן:</small></div><div>(<small>ה</small>) וַיֹּ֣אמֶר פַּרְעֹ֔ה אֶל־יוֹסֵ֖ף לֵאמֹ֑ר אָבִ֥יךָ וְאַחֶ֖יךָ בָּ֥אוּ אֵלֶֽיךָ׃</div><div><small>וַאֲמַר פַּרְעֹה לְיוֹסֵף לְמֵימָר אֲבוּךְ וְאַחָיךְ אֲתוֹ לְוָתָךְ:</small></div><div>(<small>ו</small>) אֶ֤רֶץ מִצְרַ֙יִם֙ לְפָנֶ֣יךָ הִ֔וא בְּמֵיטַ֣ב הָאָ֔רֶץ הוֹשֵׁ֥ב אֶת־אָבִ֖יךָ וְאֶת־אַחֶ֑יךָ יֵשְׁבוּ֙ בְּאֶ֣רֶץ גֹּ֔שֶׁן וְאִם־יָדַ֗עְתָּ וְיֶשׁ־בָּם֙ אַנְשֵׁי־חַ֔יִל וְשַׂמְתָּ֛ם שָׂרֵ֥י מִקְנֶ֖ה עַל־אֲשֶׁר־לִֽי׃</div><div><small>אַרְעָא דְמִצְרַיִם קֳדָמָךְ הִיא בִּדְשַׁפִּיר בְּאַרְעָא אוֹתֵיב יָת אֲבוּךְ וְיָת אַחָיךְ יֵתְבוּן בְּאַרְעָא דְגשֶׁן וְאִם יָדַעְתְּ וְאִית בְּהוֹן גֻּבְרִין דְּחֵילָא וּתְמַנִּנּוּן רַבָּנֵי גֵיתֵי עַל דִּי לִי:</small></div><div>(<small>ז</small>) וַיָּבֵ֤א יוֹסֵף֙ אֶת־יַֽעֲקֹ֣ב אָבִ֔יו וַיַּֽעֲמִדֵ֖הוּ לִפְנֵ֣י פַרְעֹ֑ה וַיְבָ֥רֶךְ יַעֲקֹ֖ב אֶת־פַּרְעֹֽה׃</div><div><small>וְאַיְתִי יוֹסֵף יָת יַעֲקֹב אֲבוּהִי וַאֲקִימִנֵּיהּ קֳדָם פַּרְעֹה וּבָרִיךְ יַעֲקֹב יָת פַּרְעֹה:</small></div><div>(<small>ח</small>) וַיֹּ֥אמֶר פַּרְעֹ֖ה אֶֽל־יַעֲקֹ֑ב כַּמָּ֕ה יְמֵ֖י שְׁנֵ֥י חַיֶּֽיךָ׃</div><div><small>וַאֲמַר פַּרְעֹה לְיַעֲקֹב כַּמָּה יוֹמֵי שְׁנֵי חַיָּךְ:</small></div><div>(<small>ט</small>) וַיֹּ֤אמֶר יַעֲקֹב֙ אֶל־פַּרְעֹ֔ה יְמֵי֙ שְׁנֵ֣י מְגוּרַ֔י שְׁלֹשִׁ֥ים וּמְאַ֖ת שָׁנָ֑ה מְעַ֣ט וְרָעִ֗ים הָיוּ֙ יְמֵי֙ שְׁנֵ֣י חַיַּ֔י וְלֹ֣א הִשִּׂ֗יגוּ אֶת־יְמֵי֙ שְׁנֵי֙ חַיֵּ֣י אֲבֹתַ֔י בִּימֵ֖י מְגוּרֵיהֶֽם׃</div><div><small>וַאֲמַר יַעֲקֹב לְפַרְעֹה יוֹמֵי שְׁנֵי תוֹתָבוּתַי מְאָה וּתְלָתִין שְׁנִין זְעֵירִין וּבִישִׁין הֲווֹ יוֹמֵי שְׁנֵי חַיַּי וְלָא אַדְבִּיקוּ יָת יוֹמֵי שְׁנֵי חַיֵּי אֲבָהָתַי בְּיוֹמֵי תּוֹתָבוּתְהוֹן:</small></div><div>(<small>י</small>) וַיְבָ֥רֶךְ יַעֲקֹ֖ב אֶת־פַּרְעֹ֑ה וַיֵּצֵ֖א מִלִּפְנֵ֥י פַרְעֹֽה׃</div><div><small>וּבָרִיךְ יַעֲקֹב יָת פַּרְעֹה וּנְפַק מִן קֳדָם פַּרְעֹה:</small></div>","<div>46 (28) And he sent Yehuda before him to Yosef, to show the way before him to Goshen; and they came into the land of Goshen.</div><div>(29) And Yosef made ready his chariot, and went up to meet Yisra᾽el his father, to Goshen, and presented himself to him; and he fell on his neck, and wept on his neck a good while.</div><div>(30) And Yisra᾽el said to Yosef, Now let me die, since I have seen thy face, because thou art still alive.</div><div>(31) And Yosef said to his brethren, and to his father’s house, I will go up, and tell Par῾o, and say to him, My brethren, and my father’s house, who were in the land of Kena῾an, are come to me;</div><div>(32) and the men are shepherds, for they have ever been owners of cattle; and they have brought their flocks, and their herds, and all that they have.</div><div>(33) And it shall come to pass, when Par῾o shall call you, and shall say, What is your occupation?</div><div>(34) that you shall say, Thy servants’ trade has been about cattle from our youth even until now, both we, and also our fathers: that you may dwell in the land of Goshen; for every shepherd is an abomination to Miżrayim.</div><div>47 (1) Then Yosef came and told Par῾o, and said, My father and my brethren, and their flocks, and their herds, and all that they have, are come out of the land of Kena῾an; and, behold, they are in the land of Goshen.</div><div>(2) And he took some of his brothers, five men, and presented them to Par῾o.</div><div>(3) And Par῾o said to his brothers, What is your occupation? And they said to Par῾o, Thy servants are shepherds, both we, and also our fathers.</div><div>(4) They said moreover to Par῾o, To sojourn in the land are we come; for thy servants have no pasture for their flocks; for the famine is severe in the land of Kena῾an: now therefore, we pray thee, let thy servants dwell in the land of Goshen.</div><div>(5) And Par῾o spoke to Yosef, saying, Thy father and thy brethren are come to thee:</div><div>(6) the land of Miżrayim is before thee; in the best of the land make thy father and brethren to dwell; in the land of Goshen let them dwell: and if thou knowst any able men among them, then make them rulers over my cattle.</div><div>(7) And Yosef brought in Ya῾aqov his father, and set him before Par῾o: and Ya῾aqov blessed Par῾o.</div><div>(8) And Par῾o said to Ya῾aqov, How old art thou?</div><div>(9) And Ya῾aqov said to Par῾o, The days of the years of my sojournings are a hundred and thirty years: few and evil have the days of the years of my life been, and they have not attained to the days of the years of the life of my fathers in the days of their sojournings.</div><div>(10) And Ya῾aqov blessed Par῾o, and went out from before Par῾o.</div>",""
"Vayigash","חק לישראל - פרשת ויגש יום שישי","5","Genesis 47:11-27","<div>מז (<small>יא</small>) וַיּוֹשֵׁ֣ב יוֹסֵף֮ אֶת־אָבִ֣יו וְאֶת־אֶחָיו֒ וַיִּתֵּ֨ן לָהֶ֤ם אֲחֻזָּה֙ בְּאֶ֣רֶץ מִצְרַ֔יִם בְּמֵיטַ֥ב הָאָ֖רֶץ בְּאֶ֣רֶץ רַעְמְסֵ֑ס כַּאֲשֶׁ֖ר צִוָּ֥ה פַרְעֹֽה׃</div><div><small>וְאוֹתֵיב יוֹסֵף יָת אֲבוּהִי וְיָת אֲחוֹהִי וִיהַב לְהוֹן אַחֲסָנָא בְּאַרְעָא דְמִצְרַיִם בִּדְשַׁפִּיר בְּאַרְעָא בְּאַרְעָא דְרַעְמְּסֵס כְּמָא דִי פַקִּיד פַּרְעֹה:</small></div><div>(<small>יב</small>) וַיְכַלְכֵּ֤ל יוֹסֵף֙ אֶת־אָבִ֣יו וְאֶת־אֶחָ֔יו וְאֵ֖ת כׇּל־בֵּ֣ית אָבִ֑יו לֶ֖חֶם לְפִ֥י הַטָּֽף׃</div><div><small>וְזָן יוֹסֵף יָת אֲבוּהִי וְיָת אֲחוֹהִי וְיָת כָּל בֵּית אֲבוּהִי לַחְמָא לְפוּם טַפְלָא:</small></div><div>(<small>יג</small>) וְלֶ֤חֶם אֵין֙ בְּכׇל־הָאָ֔רֶץ כִּֽי־כָבֵ֥ד הָרָעָ֖ב מְאֹ֑ד וַתֵּ֜לַהּ אֶ֤רֶץ מִצְרַ֙יִם֙ וְאֶ֣רֶץ כְּנַ֔עַן מִפְּנֵ֖י הָרָעָֽב׃</div><div><small>וְלַחְמָא לֵית בְּכָל אַרְעָא אֲרֵי תַקִּיף כַּפְנָא לַחֲדָא וְאִשְׁתַּלְהֵי <b>עַמָּא</b> דְאַרְעָא דְמִצְרַיִם וְעַמָּא דְאַרְעָא דִכְנַעַן מִן קֳדָם כַּפְנָא:</small></div><div>(<small>יד</small>) וַיְלַקֵּ֣ט יוֹסֵ֗ף אֶת־כׇּל־הַכֶּ֙סֶף֙ הַנִּמְצָ֤א בְאֶֽרֶץ־מִצְרַ֙יִם֙ וּבְאֶ֣רֶץ כְּנַ֔עַן בַּשֶּׁ֖בֶר אֲשֶׁר־הֵ֣ם שֹׁבְרִ֑ים וַיָּבֵ֥א יוֹסֵ֛ף אֶת־הַכֶּ֖סֶף בֵּ֥יתָה פַרְעֹֽה׃</div><div><small>וְלַקִּיט יוֹסֵף יָת כָּל כַּסְפָּא דְּאִשְׁתְּכַח בְּאַרְעָא דְמִצְרַיִם וּבְאַרְעָא דִכְנַעַן בְּעִיבוּרָא דִּי אִנּוּן זָבְנִין וְאַיְתֵי יוֹסֵף יָת כַּסְפָּא לְבֵית פַּרְעֹה:</small></div><div>(<small>טו</small>) וַיִּתֹּ֣ם הַכֶּ֗סֶף מֵאֶ֣רֶץ מִצְרַ֘יִם֮ וּמֵאֶ֣רֶץ כְּנַ֒עַן֒ וַיָּבֹ֩אוּ֩ כׇל־מִצְרַ֨יִם אֶל־יוֹסֵ֤ף לֵאמֹר֙ הָֽבָה־לָּ֣נוּ לֶ֔חֶם וְלָ֥מָּה נָמ֖וּת נֶגְדֶּ֑ךָ כִּ֥י אָפֵ֖ס כָּֽסֶף׃</div><div><small>וּשְׁלִים כַּסְפָּא מֵאַרְעָא דְמִצְרַיִם וּמֵאַרְעָא דִכְנַעַן וַאֲתוֹ כָל מִצְרָאֵי לְוַת יוֹסֵף לְמֵימַר הַב לָנָא לַחְמָא וּלְמָה נְמוּת לְקִבְלָךְ אֲרֵי שְׁלִים כַּסְפָּא:</small></div><div>(<small>טז</small>) וַיֹּ֤אמֶר יוֹסֵף֙ הָב֣וּ מִקְנֵיכֶ֔ם וְאֶתְּנָ֥ה לָכֶ֖ם בְּמִקְנֵיכֶ֑ם אִם־אָפֵ֖ס כָּֽסֶף׃</div><div><small>וַאֲמַר יוֹסֵף הָבוּ גֵיתֵיכוֹן וְאֶתֵּן לְכוֹן בְּגֵיתֵיכוֹן אִם שְׁלִים כַּסְפָּא:</small></div><div>(<small>יז</small>) וַיָּבִ֣יאוּ אֶת־מִקְנֵיהֶם֮ אֶל־יוֹסֵף֒ וַיִּתֵּ֣ן לָהֶם֩ יוֹסֵ֨ף לֶ֜חֶם בַּסּוּסִ֗ים וּבְמִקְנֵ֥ה הַצֹּ֛אן וּבְמִקְנֵ֥ה הַבָּקָ֖ר וּבַחֲמֹרִ֑ים וַיְנַהֲלֵ֤ם בַּלֶּ֙חֶם֙ בְּכׇל־מִקְנֵהֶ֔ם בַּשָּׁנָ֖ה הַהִֽוא׃</div><div><small>וְאַיְתִיּוּ יָת גֵּיתֵיהוֹן לְוַת יוֹסֵף וִיהַב לְהוֹן יוֹסֵף לַחְמָא בְּסוּסָוָתָא וּבְגֵיתֵי עָנָא וּבְגֵיתֵי תוֹרִין וּבַחֲמָרִין <b>וְזָנִנּוּן</b> בְּלַחְמָא בְּכָל גֵּיתֵיהוֹן בְּשַׁתָּא הַהִיא:</small></div><div>(<small>יח</small>) וַתִּתֹּם֮ הַשָּׁנָ֣ה הַהִוא֒ וַיָּבֹ֨אוּ אֵלָ֜יו בַּשָּׁנָ֣ה הַשֵּׁנִ֗ית וַיֹּ֤אמְרוּ לוֹ֙ לֹֽא־נְכַחֵ֣ד מֵֽאֲדֹנִ֔י כִּ֚י אִם־תַּ֣ם הַכֶּ֔סֶף וּמִקְנֵ֥ה הַבְּהֵמָ֖ה אֶל־אֲדֹנִ֑י לֹ֤א נִשְׁאַר֙ לִפְנֵ֣י אֲדֹנִ֔י בִּלְתִּ֥י אִם־גְּוִיָּתֵ֖נוּ וְאַדְמָתֵֽנוּ׃</div><div><small>וּשְׁלִימַת שַׁתָּא הַהִיא וַאֲתוֹ לְוָתֵיהּ בְּשַׁתָּא תִנְיֵתָא וַאֲמָרוּ לֵיהּ לָא נְכַסֵּי מִן רִבּוֹנִי אֶלָּהֵין שְׁלִים כַּסְפָּא וְגֵיתֵי בְעִירָא לְוַת רִבּוֹנִי לָא אִשְׁתָּאַר קֳדָם רִבּוֹנִי אֶלָּהֵין גְּוִיָּתָנָא וְאַרְעָנָא:</small></div><div>(<small>יט</small>) לָ֧מָּה נָמ֣וּת לְעֵינֶ֗יךָ גַּם־אֲנַ֙חְנוּ֙ גַּ֣ם אַדְמָתֵ֔נוּ קְנֵֽה־אֹתָ֥נוּ וְאֶת־אַדְמָתֵ֖נוּ בַּלָּ֑חֶם וְנִֽהְיֶ֞ה אֲנַ֤חְנוּ וְאַדְמָתֵ֙נוּ֙ עֲבָדִ֣ים לְפַרְעֹ֔ה וְתֶן־זֶ֗רַע וְנִֽחְיֶה֙ וְלֹ֣א נָמ֔וּת וְהָאֲדָמָ֖ה לֹ֥א תֵשָֽׁם׃</div><div><small>לְמָה נְמוּת לְעֵינָיךְ אַף אֲנַחְנָא אַף אַרְעָתָנָא קְנֵי יָתָנָא וְיָת אַרְעָתָנָא בְּלַחְמָא וּנְהֵי אֲנַחְנָא וְאַרְעָתָנָא עַבְדִּין לְפַרְעֹה וְהַב בַּר זַרְעָא וְנֵיחֵי וְלָא נְמוּת וְאַרְעָא <b>לָא תְבוּר</b>:</small></div><div>(<small>כ</small>) וַיִּ֨קֶן יוֹסֵ֜ף אֶת־כׇּל־אַדְמַ֤ת מִצְרַ֙יִם֙ לְפַרְעֹ֔ה כִּֽי־מָכְר֤וּ מִצְרַ֙יִם֙ אִ֣ישׁ שָׂדֵ֔הוּ כִּֽי־חָזַ֥ק עֲלֵהֶ֖ם הָרָעָ֑ב וַתְּהִ֥י הָאָ֖רֶץ לְפַרְעֹֽה׃</div><div><small>וּקְנָא יוֹסֵף יָת כָּל אַרְעָא דְמִצְרַיִם לְפַרְעֹה אֲרֵי זַבִּינוּ מִצְרַיִם גְּבַר חַקְלֵיהּ אֲרֵי תְקֵיף עֲלֵיהוֹן כַּפְנָא וַהֲוַת אַרְעָא לְפַרְעֹה:</small></div><div>(<small>כא</small>) וְאֶ֨ת־הָעָ֔ם הֶעֱבִ֥יר אֹת֖וֹ לֶעָרִ֑ים מִקְצֵ֥ה גְבוּל־מִצְרַ֖יִם וְעַד־קָצֵֽהוּ׃</div><div><small>וְיָת עַמָּא אַעְבַּר יָתֵיהּ <b>מִקְּרֵי לִקְרֵי</b> מִסְּיָפֵי תְּחוּם מִצְרַיִם וְעַד סוֹפֵיהּ:</small></div><div>(<small>כב</small>) רַ֛ק אַדְמַ֥ת הַכֹּהֲנִ֖ים לֹ֣א קָנָ֑ה כִּי֩ חֹ֨ק לַכֹּהֲנִ֜ים מֵאֵ֣ת פַּרְעֹ֗ה וְאָֽכְל֤וּ אֶת־חֻקָּם֙ אֲשֶׁ֨ר נָתַ֤ן לָהֶם֙ פַּרְעֹ֔ה עַל־כֵּ֕ן לֹ֥א מָכְר֖וּ אֶת־אַדְמָתָֽם׃</div><div><small>לְחוֹד אַרְעָא דְכֻמָּרַיָּא לָא זַבִּין אֲרֵי חֳלָקָא לְכֻמָּרַיָּא מִלְּוַת פַּרְעֹה וְאָכְלִין יָת חֳלָקְהוֹן דִּיהַב לְהוֹן פַּרְעֹה עַל כֵּן לָא זַבִּינוּ יָת אַרְעֲהוֹן:</small></div><div>(<small>כג</small>) וַיֹּ֤אמֶר יוֹסֵף֙ אֶל־הָעָ֔ם הֵן֩ קָנִ֨יתִי אֶתְכֶ֥ם הַיּ֛וֹם וְאֶת־אַדְמַתְכֶ֖ם לְפַרְעֹ֑ה הֵֽא־לָכֶ֣ם זֶ֔רַע וּזְרַעְתֶּ֖ם אֶת־הָאֲדָמָֽה׃</div><div><small>וַאֲמַר יוֹסֵף לְעַמָּא הָא זְבֵנִית יָתְכוֹן יוֹמָא דֵין וְיָת אַרְעֲכוֹן לְפַרְעֹה הֵא לְכוֹן בַּר זַרְעָא וְתִזְרְעוּן יָת אַרְעָא:</small></div><div>(<small>כד</small>) וְהָיָה֙ בַּתְּבוּאֹ֔ת וּנְתַתֶּ֥ם חֲמִישִׁ֖ית לְפַרְעֹ֑ה וְאַרְבַּ֣ע הַיָּדֹ֡ת יִהְיֶ֣ה לָכֶם֩ לְזֶ֨רַע הַשָּׂדֶ֧ה וּֽלְאׇכְלְכֶ֛ם וְלַאֲשֶׁ֥ר בְּבָתֵּיכֶ֖ם וְלֶאֱכֹ֥ל לְטַפְּכֶֽם׃</div><div><small>וִיהֵי <b>בְּאָעוֹלֵי עֲלַלְתָּא</b> וְתִתְּנוּן חַד מִן חַמְשָׁא לְפַרְעֹה וְאַרְבַּע חֳלָקִין יְהֵא לְכוֹן לְבַר זְרַע חַקְלָא וּלְמֵיכַלְכוֹן וְלֶאֱנַשׁ בְּבָתֵּיכוֹן וּלְמֵיכַל לְטַפְלְכוֹן:</small></div><div>(<small>כה</small>) וַיֹּאמְר֖וּ הֶחֱיִתָ֑נוּ נִמְצָא־חֵן֙ בְּעֵינֵ֣י אֲדֹנִ֔י וְהָיִ֥ינוּ עֲבָדִ֖ים לְפַרְעֹֽה׃</div><div><small>וַאֲמָרוּ קַיִּמְתָּנָא נַשְׁכַּח רַחֲמִין בְּעֵינֵי רִבּוֹנִי וּנְהֵי עַבְדִּין לְפַרְעֹה:</small></div><div>(<small>כו</small>) וַיָּ֣שֶׂם אֹתָ֣הּ יוֹסֵ֡ף לְחֹק֩ עַד־הַיּ֨וֹם הַזֶּ֜ה עַל־אַדְמַ֥ת מִצְרַ֛יִם לְפַרְעֹ֖ה לַחֹ֑מֶשׁ רַ֞ק אַדְמַ֤ת הַכֹּֽהֲנִים֙ לְבַדָּ֔ם לֹ֥א הָיְתָ֖ה לְפַרְעֹֽה׃</div><div><small>וְשַׁוִּי יָתַהּ יוֹסֵף לִגְזֵרָא עַד יוֹמָא הָדֵין עַל אַרְעָא דְמִצְרַיִם דִּיהוֹן <b>יָהֲבִין חַד מִן חַמְשָׁא</b> לְפַרְעֹה לְחוֹד אַרְעָא דְכֻמָּרַיָּא בִּלְחוֹדֵהוֹן לָא הֲוַת לְפַרְעֹה:</small></div><div>(<small>כז</small>) וַיֵּ֧שֶׁב יִשְׂרָאֵ֛ל בְּאֶ֥רֶץ מִצְרַ֖יִם בְּאֶ֣רֶץ גֹּ֑שֶׁן וַיֵּאָחֲז֣וּ בָ֔הּ וַיִּפְר֥וּ וַיִּרְבּ֖וּ מְאֹֽד׃</div><div><small>וִיתֵיב יִשְׂרָאֵל בְּאַרְעָא דְמִצְרַיִם בְּאַרְעָא דְגשֶׁן וְאַחֲסִינוּ בַהּ וּנְפִישׁוּ וּסְגִיאוּ לַחֲדָא:</small></div>","<div>47 (11) And Yosef provided abodes for his father and his brethren, and gave them a possession in the land of Miżrayim, in the best of the land, in the land of Ra῾meses, as Par῾o had commanded.</div><div>(12) And Yosef nourished his father, and his brethren, and all his father’s household, with bread, according to their little ones.</div><div>(13) And there was no bread in all the land; for the famine was very severe, so that the land of Miżrayim and all the land of Kena῾an languished by reason of the famine.</div><div>(14) And Yosef gathered up all the money that was found in the land of Miżrayim, and in the land of Kena῾an, for the corn which they bought: and Yosef brought the money to Par῾o’s house.</div><div>(15) And when money failed in the land of Miżrayim, and in the land of Kena῾an, all Miżrayim came to Yosef, and said, Give us bread: for why should we die in thy presence? for the money fails.</div><div>(16) And Yosef said, Give your cattle; and I will give you for your cattle, if money fail.</div><div>(17) And they brought their cattle to Yosef; and Yosef gave them bread in exchange for horses, and for the flocks, and for the herds, and for the asses: and he fed them with bread in exchange for all their cattle for that year.</div><div>(18) When that year was ended, they came to him in the second year, and said to him, We will not hide from my lord, how that our money is spent; my lord also has our herds of cattle; there is nothing left in the sight of my lord, but our bodies, and our lands:</div><div>(19) why shall we die before thy eyes, both we and our land? buy us and our land for bread, and we and our land will be servants to Par῾o: and give us grain, that we may live, and not die, that the land be not desolate.</div><div>(20) And Yosef bought all the land of Miżrayim for Par῾o; for Miżrayim sold every man his field, because the famine prevailed over them: so the land became Par῾o’s.</div><div>(21) And as for the people, he removed them to the cities from one end of the borders of Miżrayim, to the other end.</div><div>(22) Only the land of the priests he bought not; for the priests had a portion assigned them by Par῾o, and did eat their portion which Par῾o gave them: therefore they sold not their lands.</div><div>(23) Then Yosef said to the people, Behold, I have bought you this day and your land for Par῾o: lo, here is grain for you, and you shall sow the land.</div><div>(24) And it shall come to pass at harvest times, that you shall give the fifth part to Par῾o, and four parts shall be your own, for seed of the field, and for your food, and for them of your households, and for food for your little ones.</div><div>(25) And they said, Thou hast saved our lives: let us find favour in the sight of my lord, and we will be Par῾o’s servants.</div><div>(26) And Yosef made it a law over the land of Miżrayim to this day, that Par῾o should have the fifth part; except the land of the priests only, which became not Par῾o’s.</div><div>(27) And Yisra᾽el dwelt in the land of Miżrayim in the country of Goshen; and they took possession of it, and grew, and multiplied exceedingly.</div>",""
"Vayigash","חק לישראל - פרשת ויגש יום שישי","6","","<h1><b>הפטרה</b></h1>","",""
"Vayigash","חק לישראל - פרשת ויגש יום שישי","7","Ezekiel 37:15-28","<div>לז (<small>טו</small>) וַיְהִ֥י דְבַר־יְהֹוָ֖ה אֵלַ֥י לֵאמֹֽר׃ (<small>טז</small>) וְאַתָּ֣ה בֶן־אָדָ֗ם קַח־לְךָ֙ עֵ֣ץ אֶחָ֔ד וּכְתֹ֤ב עָלָיו֙ לִֽיהוּדָ֔ה וְלִבְנֵ֥י יִשְׂרָאֵ֖ל <span class=""mam-kq-trivial"">חֲבֵרָ֑ו </span>וּלְקַח֙ עֵ֣ץ אֶחָ֔ד וּכְת֣וֹב עָלָ֗יו לְיוֹסֵף֙ עֵ֣ץ אֶפְרַ֔יִם וְכׇל־בֵּ֥ית יִשְׂרָאֵ֖ל <span class=""mam-kq-trivial"">חֲבֵרָֽו׃</span> (<small>יז</small>) וְקָרַ֨ב אֹתָ֜ם אֶחָ֧ד אֶל־אֶחָ֛ד לְךָ֖ לְעֵ֣ץ אֶחָ֑ד וְהָי֥וּ לַאֲחָדִ֖ים בְּיָדֶֽךָ׃ (<small>יח</small>) וְכַֽאֲשֶׁר֙ יֹאמְר֣וּ אֵלֶ֔יךָ בְּנֵ֥י עַמְּךָ֖ לֵאמֹ֑ר הֲלֽוֹא־תַגִּ֥יד לָ֖נוּ מָה־אֵ֥לֶּה לָּֽךְ׃ (<small>יט</small>) דַּבֵּ֣ר אֲלֵהֶ֗ם כֹּה־אָמַר֮ אֲדֹנָ֣י יֱהֹוִה֒ הִנֵּה֩ אֲנִ֨י לֹקֵ֜חַ אֶת־עֵ֤ץ יוֹסֵף֙ אֲשֶׁ֣ר בְּיַד־אֶפְרַ֔יִם וְשִׁבְטֵ֥י יִשְׂרָאֵ֖ל <span class=""mam-kq-trivial"">חֲבֵרָ֑ו </span>וְנָתַתִּי֩ אוֹתָ֨ם עָלָ֜יו אֶת־עֵ֣ץ יְהוּדָ֗ה וַֽעֲשִׂיתִם֙ לְעֵ֣ץ אֶחָ֔ד וְהָי֥וּ אֶחָ֖ד בְּיָדִֽי׃ (<small>כ</small>) וְהָי֨וּ הָעֵצִ֜ים אֲֽשֶׁר־תִּכְתֹּ֧ב עֲלֵיהֶ֛ם בְּיָדְךָ֖ לְעֵינֵיהֶֽם׃ (<small>כא</small>) וְדַבֵּ֣ר אֲלֵיהֶ֗ם כֹּה־אָמַר֮ אֲדֹנָ֣י יֱהֹוִה֒ הִנֵּ֨ה אֲנִ֤י לֹקֵ֙חַ֙ אֶת־בְּנֵ֣י יִשְׂרָאֵ֔ל מִבֵּ֥ין הַגּוֹיִ֖ם אֲשֶׁ֣ר הָֽלְכוּ־שָׁ֑ם וְקִבַּצְתִּ֤י אֹתָם֙ מִסָּבִ֔יב וְהֵבֵאתִ֥י אוֹתָ֖ם אֶל־אַדְמָתָֽם׃ (<small>כב</small>) וְעָשִׂ֣יתִי אֹ֠תָ֠ם לְג֨וֹי אֶחָ֤ד בָּאָ֙רֶץ֙ בְּהָרֵ֣י יִשְׂרָאֵ֔ל וּמֶ֧לֶךְ אֶחָ֛ד יִהְיֶ֥ה לְכֻלָּ֖ם לְמֶ֑לֶךְ וְלֹ֤א <span class=""mam-kq""><span class=""mam-kq-k"">(יהיה)</span> <span class=""mam-kq-q"">[יִֽהְיוּ־]</span></span>עוֹד֙ לִשְׁנֵ֣י גוֹיִ֔ם וְלֹ֨א יֵחָ֥צוּ ע֛וֹד לִשְׁתֵּ֥י מַמְלָכ֖וֹת עֽוֹד׃ (<small>כג</small>) וְלֹ֧א יִֽטַּמְּא֣וּ ע֗וֹד בְּגִלּֽוּלֵיהֶם֙ וּבְשִׁקּ֣וּצֵיהֶ֔ם וּבְכֹ֖ל פִּשְׁעֵיהֶ֑ם וְהוֹשַׁעְתִּ֣י אֹתָ֗ם מִכֹּ֤ל מוֹשְׁבֹֽתֵיהֶם֙ אֲשֶׁ֣ר חָטְא֣וּ בָהֶ֔ם וְטִהַרְתִּ֤י אוֹתָם֙ וְהָיוּ־לִ֣י לְעָ֔ם וַאֲנִ֕י אֶהְיֶ֥ה לָהֶ֖ם לֵאלֹהִֽים׃ (<small>כד</small>) וְעַבְדִּ֤י דָוִד֙ מֶ֣לֶךְ עֲלֵיהֶ֔ם וְרוֹעֶ֥ה אֶחָ֖ד יִהְיֶ֣ה לְכֻלָּ֑ם וּבְמִשְׁפָּטַ֣י יֵלֵ֔כוּ וְחֻקּוֹתַ֥י יִשְׁמְר֖וּ וְעָשׂ֥וּ אוֹתָֽם׃ (<small>כה</small>) וְיָשְׁב֣וּ עַל־הָאָ֗רֶץ אֲשֶׁ֤ר נָתַ֙תִּי֙ לְעַבְדִּ֣י לְיַֽעֲקֹ֔ב אֲשֶׁ֥ר יָֽשְׁבוּ־בָ֖הּ אֲבֽוֹתֵיכֶ֑ם וְיָשְׁב֣וּ עָלֶ֡יהָ הֵ֠מָּה וּבְנֵיהֶ֞ם וּבְנֵ֤י בְנֵיהֶם֙ עַד־עוֹלָ֔ם וְדָוִ֣ד עַבְדִּ֔י נָשִׂ֥יא לָהֶ֖ם לְעוֹלָֽם׃ (<small>כו</small>) וְכָרַתִּ֤י לָהֶם֙ בְּרִ֣ית שָׁל֔וֹם בְּרִ֥ית עוֹלָ֖ם יִהְיֶ֣ה אוֹתָ֑ם וּנְתַתִּים֙ וְהִרְבֵּיתִ֣י אוֹתָ֔ם וְנָתַתִּ֧י אֶת־מִקְדָּשִׁ֛י בְּתוֹכָ֖ם לְעוֹלָֽם׃ (<small>כז</small>) וְהָיָ֤ה מִשְׁכָּנִי֙ עֲלֵיהֶ֔ם וְהָיִ֥יתִי לָהֶ֖ם לֵאלֹהִ֑ים וְהֵ֖מָּה יִהְיוּ־לִ֥י לְעָֽם׃ (<small>כח</small>) וְיָֽדְעוּ֙ הַגּוֹיִ֔ם כִּ֚י אֲנִ֣י יְהֹוָ֔ה מְקַדֵּ֖שׁ אֶת־יִשְׂרָאֵ֑ל בִּהְי֧וֹת מִקְדָּשִׁ֛י בְּתוֹכָ֖ם לְעוֹלָֽם׃ <span class=""mam-spi-pe"">{פ}</span> </div>","<div>37 (15) And the word of the Lord came to me saying, (16) And thou, son of man, take thee one stick, and write upon it. For Yehuda, and for the children of Yisra᾽el his companions: then take another stick and write upon it. For Yosef, the stick of Efrayim, and for all the house of Yisra᾽el his companions: (17) and join them one to the other to make one stick; and they shall become one in thy hand. (18) And when the children of thy people shall speak to thee, saying, Wilt thou not tell us what thou meanest by these? (19) say to them, Thus says the Lord God; Behold I will take the stick of Yosef, which is in the hand of Efrayim, and the tribes of Yisra᾽el his companions, and will put them and it together with the stick of Yehuda to form one stick, and they shall be one in my hand. (20) And the sticks on which thou writest shall be in thy hand before their eyes. (21) And say to them, Thus says the Lord God; Behold, I will take the children of Yisra᾽el from among the nations, into which they are gone, and will gather them on every side, and bring them into their own land: (22) and I will make them one nation in the land upon the mountains of Yisra᾽el; and one king shall be king over them all: and they shall no more be two nations, nor shall they be divided into two kingdoms any more at all: (23) nor shall they defile themselves any more with their idols, nor with their detestable things, nor with any of their transgressions: but I will save them in all their dwellingplaces, where they have sinned, and will cleanse them: so shall they be my people, and I will be their God. (24) And David my servant shall be king over them; and they all shall have one shepherd: they shall also follow my judgments, and observe my statutes, and do them. (25) And they shall dwell in the land that I have given to Ya῾aqov my servant, in which your fathers have dwelt; and they shall dwell there, they, and their children, and their children’s children for ever: and my servant David shall be their prince for ever. (26) Moreover I will make a covenant of peace with them; it shall be an everlasting covenant with them, which I will give them; and I will multiply them, and will set my sanctuary in the midst of them for evermore. (27) And my tabernacle shall be with them: and I will be their God, and they shall be my people. (28) Then the nations shall know that I the Lord do sanctify Yisra᾽el, when my sanctuary shall be in the midst of them for evermore.</div>",""
"Vayigash","חק לישראל - פרשת ויגש יום שישי","8","","<small>אחר קריאת פרשת השבוע שנים מקרא ואחד תרגום והפטרה, ומזמור ה' מלך גאות לבש או מזמור שיר ליום השבת וה' מלך, יצל''ח דברו משנה והלכה מסדר טהרות שהוא נגד היסוד בחינת היום.</small>","",""
"Vayigash","חק לישראל - פרשת ויגש יום שישי","9","","<h1><b>משנה</b></h1>","",""
"Vayigash","חק לישראל - פרשת ויגש יום שישי","10","Mishnah Parah 1","<div>א. רַבִּי אֱלִיעֶזֶר אוֹמֵר, עֶגְלָה, בַּת שְׁנָתָהּ. וּפָרָה, בַּת שְׁתַּיִם. וַחֲכָמִים אוֹמְרִים, עֶגְלָה, בַּת שְׁתַּיִם. וּפָרָה, בַּת שָׁלשׁ אוֹ בַת אַרְבַּע. רַבִּי מֵאִיר אוֹמֵר, אַף בַּת חָמֵשׁ. כְּשֵׁרָה הַזְּקֵנָה, אֶלָּא שֶׁאֵין מַמְתִּינִין לָהּ, שֶׁמָּא תַשְׁחִיר, שֶׁלֹּא תִפָּסֵל. אָמַר רַבִּי יְהוֹשֻׁעַ, לֹא שָׁמַעְתִּי אֶלָּא שְׁלָשִׁית. אָמְרוּ לוֹ, מַה הַלָּשׁוֹן שְׁלָשִׁית. אָמַר לָהֶם, כָּךְ שָׁמַעְתִּי סְתָם. אָמַר בֶּן עַזַּאי, אֲנִי אֲפָרֵשׁ. אִם אוֹמֵר אַתָּה, שְׁלִישִׁית, לַאֲחֵרוֹת בְּמִנְיָן. וּכְשֶׁאַתָּה אוֹמֵר, שְׁלָשִׁית, בַּת שָׁלשׁ שָׁנִים. כַּיּוֹצֵא בוֹ אָמְרוּ, כֶּרֶם רְבָעִי. אָמְרוּ לוֹ, מַה הַלָּשׁוֹן רְבָעִי. אָמַר לָהֶם, כָּךְ שָׁמַעְתִּי סְתָם. אָמַר בֶּן עַזַּאי, אֲנִי אֲפָרֵשׁ. אִם אוֹמֵר אַתָּה, רְבִיעִי, לַאֲחֵרִים בְּמִנְיָן. וּכְשֶׁאַתָּה אוֹמֵר, רְבָעִי, בֶּן אַרְבַּע שָׁנִים. כַּיּוֹצֵא בוֹ אָמְרוּ, הָאוֹכֵל בְּבַיִת הַמְנֻגָּע פְּרָס, מִשָּׁלשׁ לְקָב. אָמְרוּ לוֹ, אֱמֹר מִשְּׁמֹנֶה עֶשְׂרֵה לִסְאָה. אָמַר לָהֶם, כָּךְ שָׁמַעְתִּי סְתָם. אָמַר בֶּן עַזַּאי, אֲנִי אֲפָרֵשׁ. אִם אוֹמֵר אַתָּה מִשָּׁלשׁ לְקָב, אֵין בּוֹ חַלָּה. וּכְשֶׁאַתָּה אוֹמֵר, מִשְּׁמֹנֶה עֶשְׂרֵה לִסְאָה, מִעֲטַתּוּ חַלָּתוֹ: 
</div><div>ב. רַבִּי יוֹסֵי הַגְּלִילִי אוֹמֵר, פָּרִים, בְּנֵי שְׁתַּיִם, שֶׁנֶּאֱמַר (במדבר ח), וּפַר שֵׁנִי בֶן בָּקָר תִּקַּח לְחַטָּאת. וַחֲכָמִים אוֹמְרִים, אַף בְּנֵי שָׁלשׁ. רַבִּי מֵאִיר אוֹמֵר, אַף בְּנֵי אַרְבַּע וּבְנֵי חָמֵשׁ כְּשֵׁרִים, אֶלָּא שֶׁאֵין מְבִיאִים זְקֵנִים, מִפְּנֵי הַכָּבוֹד: 
</div><div>ג. כְּבָשִׂים, בְּנֵי שָׁנָה. וְאֵילִים, בְּנֵי שְׁתַּיִם. וְכֻלָּם מִיּוֹם לְיוֹם. בֶּן שְׁלשָׁה עָשָׂר חֹדֶשׁ אֵינוֹ כָשֵׁר לֹא לְאַיִל וְלֹא לְכֶבֶשׂ. רַבִּי טַרְפוֹן קוֹרֵהוּ פַּלְגָּס. בֶּן עַזַּאי קוֹרֵהוּ נוֹקֵד. רַבִּי יִשְׁמָעֵאל קוֹרֵהוּ פַּרְכָדִיגְמָא. הִקְרִיבוֹ, מֵבִיא עָלָיו נִסְכֵּי אַיִל, וְלֹא עָלָה לוֹ מִזִּבְחוֹ. בֶּן שְׁלשָׁה עָשָׂר חֹדֶשׁ וְיוֹם אֶחָד, הֲרֵי זֶה אָיִל: 
</div><div>ד. חַטֹּאת הַצִּבּוּר וְעוֹלוֹתֵיהֶן, חַטַּאת הַיָּחִיד וַאֲשַׁם נָזִיר וַאֲשַׁם מְצֹרָע, כְּשֵׁרִין מִיּוֹם שְׁלשִׁים וָהָלְאָה, וְאַף בְּיוֹם שְׁלשִׁים. וְאִם הִקְרִיבוּם בְּיוֹם שְׁמִינִי, כְּשֵׁרִים. נְדָרִים וּנְדָבוֹת, הַבְּכוֹר וְהַמַּעֲשֵׂר וְהַפֶּסַח, כְּשֵׁרִים מִיּוֹם הַשְּׁמִינִי וָהָלְאָה, וְאַף בַּיּוֹם הַשְּׁמִינִי: 
</div>","<div>1. Rabbi Eliezer says: the heifer is no more than one year old and the cow no more than two years old. But the sages ruled: the heifer may be even two years old and the red cow even three or four years old. Rabbi Meir says: even five years old, though she is old. But they did not wait with it so long since it might in the meantime grow some black hairs and [thus] become invalid. Rabbi Joshua said: I only heard of [a cow] that was three years old [shelashit]. They said to him: What does ""shelashit"" mean? He replied: thus have I heard it without any explanation. Ben Azzai said: I will explain: if you say ""shelishit"" the meaning is ‘the third’ in number to others, but when you say ""shelashit"" the meaning is one that is three years old. Similarly they said a vineyard that is ""revai."" They said to him: what does ""revai"" mean? He replied: thus have I heard it without any explanation. Ben Azzai said: I will explain: if you say ""revii"" the meaning is the fourth in number to others, but when you say ""revai"" the meaning is one that is four years old. Similarly it was ruled: if a man ate in an afflicted house half a loaf, three of which can be made from a kav, he becomes unclean. They said to him: say rather ""eighteen of which are made of a se'ah."" He replied: thus have I heard it without any explanation. Ben Azzai said: I will explain: when you say, three of which are made of a kav it would not contain hallah, but if you say, eighteen of which are made of a se'ah, it has been reduced by its hallah.</div><div>2. Rabbi Yose the Galilean said: bulls must be no more than two years old, for it is said, ""And the second bull you shall take for a sin-offering"" (Numbers 8:8). But the sages say: they may be even three years old. Rabbi Meir says: even those that are four or five years old are valid, but old animals are not brought out of respect.</div><div>3. Lambs no more than one year old, And rams no more than two years old. And all these years are reckoned from day to day. One that is thirteen months old is not valid, neither as a ram nor as a lamb. Rabbi Tarfon called it palges. Ben Azzai called it noked. Rabbi Ishmael called it parakhrigma. If a man offered it he must bring for it the libation of a ram, but it is not counted as his offering. One that is thirteen months old behold it is a ram.</div><div>4. The sin-offerings of the congregation and their burnt-offerings, the sin-offering of an individual, the guilt-offering of a nazirite and the guilt-offering of a metzora are valid from the thirtieth day onwards, and also on the thirtieth day. If they were offered on the eighth day they are valid. Vow-offerings and freewill-offerings, firstlings and the tithe of cattle and the pesach are valid from the eighth day onwards, and also on the eighth day.</div>",""
"Vayigash","חק לישראל - פרשת ויגש יום שישי","11","","<h1><b>גמרא</b></h1>","",""
"Vayigash","חק לישראל - פרשת ויגש יום שישי","12","Niddah 14b:4-8","מִשְׁתַּבַּח לֵיהּ רִבִּי לְרִבִּי יִשְׁמָעֵאל בְּרִבִּי יוֹסֵי בְּרִבִּי חָמָא בַּר בִּיסָא דְאָדָם גָּדוֹל הוּא אָמַר לוֹ לִכְשֶׁיָּבוֹא לְיָדְךָ הֲבִיאֵהוּ לְיָדִי כִּי אָתָא אָמַר לֵיהּ בְּעֵי מִינָאִי מִילְתָא בָּעָא מִינֵיהּ בָּדְקָה בְּעֵד שֶׁאֵינוֹ בָדוּק לָהּ וְהִנִּיחָתוֹ בְקוּפְסָא וּלְמָחָר מָצְאָה עָלָיו דָּם מַהוּ אָמַר לוֹ כְּדִבְרֵי אַבָּא אִימָא לָךְ אוֹ כְּדִבְרֵי רִבִּי אִימָא לָךְ אָמַר לוֹ כְּדִבְרֵי רִבִּי אֵימָא לִי. אָמַר רִבִּי יִשְׁמָעֵאל זֶהוּ שֶׁאוֹמְרִין עָלָיו דְּאָדָם גָּדוֹל הוּא הֵיאַךְ מַנִּיחִין דִּבְרֵי הָרַב וְשׁוֹמְעִים דִּבְרֵי הַתַּלְמִיד. וְרִבִּי חָמָא בַר בִּיסָא סָבַר רִבִּי רֵישׁ מְתִיבְתָּא הוּא וּשְׁכִיחֵי רַבָּנָן קָמֵיהּ וּמְחַדְדֵי שְׁמַעְתְּתֵיהּ:","<div>§ The Gemara relates: <b>Rabbi</b> Yehuda HaNasi would <b>praise Rabbi Ḥama bar Bisa to Rabbi Yishmael, son of Rabbi Yosei,</b> by saying <b>that he is a great man.</b> Rabbi Yishmael <b>said to</b> Rabbi Yehuda HaNasi: <b>When he comes to you, bring him to me.</b></div><div><b>When</b> Rabbi Ḥama <b>came</b> before him, Rabbi Yishmael <b>said to him: Ask me</b> about a halakhic <b>matter.</b> Rabbi Ḥama <b>asked him:</b> If a woman <b>examined</b> herself <b>with a cloth that was not examined by her</b> before its use, <b>and she placed it in a box, and on the following day she found blood on</b> this cloth, <b>what is</b> the <i>halakha</i>?</div><div>Rabbi Yishmael <b>said to him: Shall I say to you</b> an answer <b>in accordance with the statement of father,</b> Rabbi Yosei, <b>or shall I say to you</b> an answer <b>in accordance with the statement of Rabbi</b> Yehuda HaNasi? Which would you prefer? Rabbi Ḥama <b>said to him: Say to me</b> an answer <b>in accordance with the statement of Rabbi</b> Yehuda HaNasi.</div><div><b>Rabbi Yishmael said:</b> Is <b>this</b> the one <b>that</b> Rabbi Yehuda HaNasi <b>says about him that he is a great man? How can he neglect the statement of the teacher,</b> Rabbi Yosei, <b>and listen to the statement of the student,</b> Rabbi Yehuda HaNasi?</div><div>The Gemara explains: <b>And Rabbi Ḥama bar Bisa</b> did so because he <b>maintains</b> that the opinion of <b>Rabbi</b> Yehuda HaNasi is preferable, as <b>he is the head of the yeshiva, and the Sages are frequently in his presence, and</b> due to the constant disputes <b>his statements are sharper</b> than those of Rabbi Yosei, despite the fact that Rabbi Yosei was his teacher.</div>",""
"Vayigash","חק לישראל - פרשת ויגש יום שישי","13","","<h1><b>זוהר</b></h1>","",""
"Vayigash","חק לישראל - פרשת ויגש יום שישי","14","Zohar, Yitro 27","זָכוֹר אֶת יוֹם הַשַּׁבָּת לְקַדְּשׁוֹ, רַבִּי יִצְחָק אָמַר כְּתִיב (שם) וַיְּבָרֶךְ אֱלֹקִים אֶת יוֹם הַשְּׁבִיעִי וּכְתִיב בַּמָּן (שמות טז) שֵׁשֶׁת יָמִים תִּלְקְטֻהוּ וּבַיּוֹם הַשְּׁבִיעִי שַׁבָּת לֹא יִהְיֶה בוֹ, כֵּיוָן דְּלָא מִשְׁתַּכַּח בֵּיהּ מְזוֹנֵי מַה בִּרְכָתָא אִשְׁתַּכַּח בֵּיהּ, אֶלָּא הָכִי תָּאנָא כָּל בִּרְכָאן דִּלְעֵילָא וְתַתָּא בְּיוֹמָא שְׁבִיעָאָה תַּלְיָן, וְתָאנָא אַמַּאי לָא אִשְׁתַּכַּח מָנָא בְּיוֹמָא שְׁבִיעָאָה מִשּׁוּם דְּהַהוּא יוֹמָא מִתְבָּרְכָאן מִנֵּיהּ כָּל שִׁתָּא יוֹמִין עִלָּאִין וְכָל חַד וְחַד יָהִיב מְזוֹנֵיהּ לְתַתָּא כָּל חַד בְּיוֹמוֹי מֵהַהִיא בְּרָכָה דְּמִתְבָּרְכָאן בְּיוֹמָא שְׁבִיעָה, וּבְגִנֵּי כָּךְ מָאן דְּאִיהוּ בְּדַרְגָא דִּמְהֵימָנוּתָא בָּעֵי לְסַדְּרָא פְּתוֹרָא וּלְאַתְקָּנָא סְעוּדָתָא בְּלֵילְיָא דְּשַׁבַּתָּא בְּגִין דְּיִתְבָּרֵךְ פְּתוֹרֵיהּ כָּל אִנּוּן שִׁתָּא יוֹמִין דְּהָא בְּהַהוּא זִמְנָא אִזְדַּמָּן בְּרָכָה לְאִתְבָּרְכָא כָּל שִׁתָּא יוֹמִין דְּשַׁבַּתָּא וּבִרְכָתָא לָא אִשְׁתַּכַּח בִּפְתוֹרָא רֵיקָנַיָּא, וְעָל כָּךְ בָּעֵי לְסַדְּרָא פְּתוֹרֵיהּ בְּלֵילְיָא דְּשַׁבַּתָּא בְּנַהֲמֵי וּבִמְזוֹנֵי, רַבִּי יִצְחָק אָמַר אֲפִלּוּ בְּיוֹמָא דְּשַׁבַּתָּא נַמֵּי:","",""
"Vayigash","חק לישראל - פרשת ויגש יום שישי","15","","זָכוֹר אֶת יוֹם הַשַּׁבָּת לְקַדְּשׁוֹ. רַבִּי יִצְחָק אָמַר כָּתוּב וַיְּבָרֵךְ אֱלֹהִים אֶת יוֹם הַשְּׁבִיעִי וְכָתוּב בַּמָּן שֵשֶּׁת יָמִים תִּלְקְטוּהוּ וּבַיּוֹם הַשְּׁבִיעִי שַׁבָּת לֹא יִהְיֶה בוֹ. כֵּוָּן שֶׁלֹּא נִמְצָא בוֹ מְזוֹנוֹת מַה הַבְּרָכָה שֶׁיֵּשׁ בּוֹ. אֶלָּא כַּךְ לָמַדְנוּ כָּל הַבְּרָכוֹת שֶׁלְּמַעְלָה וּלְמַטָה, תְּלוּיִם בַּיוֹם הַשְּׁבִיעִי. וְלָמַדְנוּ מַדּוּעַ לֹא הָיָה מָן בַּיּוֹם הַשְּׁבִיעִי, מִשׁוּם שֶׁמִּיּוֹם הַשְּׁבִיעִי מִתְבָּרְכִים כָּל הַשִּׁשָּׁה יָמִים הָעֶלְיוֹנִים, וְכָל אֶחָד וְאֶחָד נוֹתֵן מְזוֹנוֹ לְמַטָה, כָּל אֶחָד בְּיוֹמוֹ, מֵאוֹתוֹ הַבְּרָכָה שֶׁנִּתְבָּרֵךְ בַּיּוֹם הַשְּׁבִיעִי. וְלָכֵן מִי שֶׁהוּא בְּדַרְגַת הָאֶמוּנָה צָרִיךְ לְסַדֵּר מְזוֹנוֹ וּלְתַקֵּן סְעוּדָה בְּלֵיל שַׁבָּת בִּשְׁבִיל שֶׁיִּתְבָּרֵךְ מְזוֹנוֹ כָּל אוֹתָם שִׁשָּׁה יָמִים כִּי הֲרֵי בְּאוֹתוֹ הַזְּמַן נִמְצֵאת הַבְּרָכָה לְהִתְבָּרֵךְ מִמֶּנּו כָּל הַשִּׁשָׁה יָמִים. כִּי הַשַּׁבָּת וְהַבְּרָכָה לֹא נִמְצָאִים בְּשֻׁלְחָן רֵיק. וְלָכֵן צָרִיךְ לְסַדֵּר שֻׁלְחָנוֹ בְּלֵיל שַׁבָּת בְּלֶחֶם וּמָזוֹן. רַבִּי יִצְחָק אָמַר אֲפִלּוּ בְּיוֹם הַשַּׁבָּת גַּם כֵּן.","",""
"Vayigash","חק לישראל - פרשת ויגש יום שישי","16","","<h1><b>הלכה פסוקה</b></h1>","",""
"Vayigash","חק לישראל - פרשת ויגש יום שישי","17","Mishneh Torah, Sabbath 5:7-8","<div><b>א. </b>נוֹתְנִין גַּרְגִּיר שֶׁל מֶלַח וּגְרִיס שֶׁל פּוּל עַל פִּי הַנֵּר בְּעֶרֶב שַׁבָּת שֶׁיִּהְיֶה דוֹלֵק בְּלֵיל שַׁבָּת וְכָל הַפְּתִילוֹת שֶׁאֵין מַדְלִיקִין בָּהֵן בְּשַׁבָּת עוֹשִׂין מֵהֶן מְדוּרָה בֵּין לְהִתְחַמֵּם כְּנֶגְדָּהּ בֵּין לְהִשְׁתַּמֵּשּׁ לְאוֹרָהּ בֵּין עַל גַּבֵּי מְנוֹרָה בֵּין עַל גַּבֵּי קַרְקַע. וְלֹא אָמְרוּ אֶלָּא לַעֲשׂוֹתָן פְתִילָה לְנֵר בִּלְבָד</div><div><b>ב. </b>שֶׁמֶן שֶׁמַּדְלִיקִין בּוֹ לְשַׁבָּת צָרִיךְ שֶׁיְּהֵא נִמְשַׁךְ אַחַר הַפְּתִילָה אֲבָל שְׁמָנִין שֶׁאֵין נִמְשָׁכִין אַחַר הַפְּתִילָה כְּגוֹן זֶפֶת וְשַׁעֲוָה וְשֶׁמֶן קִיק וְאַלְיָה וְחֵלֶב אֵין מַדְלִיקִין בָּהֵן וּמִפְּנֵי מַה אֵין מַדְלִיקִין בִּפְתִילוֹת שֶׁאֵין הָאוֹר נִתְּלֵת בָּהֵן וְלֹא בִשְׁמָנִים שֶׁאֵין נִמְשָׁכִין אַחַר הַפְּתִילָה גְּזֵירָה שֶׁמָּא יִהְיֶה אוֹר הַנֵּר אָפֵל וְיַטֶּה אוֹתָם בְּשָׁעָה שֶׁיִּשְׁתַּמֵּשׁ לְאוֹרָהּ:</div>","<div>We may put a grain of salt or a bean particle on top of the lamp on the eve of Shabbat, so that it kindles [properly] on Shabbat night. And we may make a bonfire from all of the wicks that we do not light with on Shabbat – whether it is to warm up by it or whether it is to use its light; whether it is in a sconce or whether it is on the ground. And they only forbade to make them into a wick for a lamp alone.</div><div>Oil with which we light on Shabbat must be [easily] drawn by the wick. But we do not light with oils that are not drawn by the wick, such as tar, wax, castor oil, lamb’s tail and tallow. And because of what do we not light with wicks that the fire does not catch, and oils that are not drawn by the wick? [It is] a decree lest the fire of the lamp be dingy and he [then] incline it at the time that he uses its light.</div>",""
"Vayigash","חק לישראל - פרשת ויגש יום שישי","18","","<h1><b>מוסר</b></h1>","",""
"Vayigash","חק לישראל - פרשת ויגש יום שישי","19","","<div><strong><span style=""color: #999999;"">ספר חרדים דף ס""ח ע""ב</span></strong></div><div>כְּתִיב (תהלים כ') וּבְשֵׁם אֱלֹהֵינוּ נִדְגּוֹל שֶׁצָרִיךְ שֶׁיִּשָּׂא דֶגֶל ה' בִּימִינוֹ וְשֵׁם הַשֵּׁם חָקוּק עָלָיו כִּי מִלְחֶמֶת הַיֵּצֶר הִיא מִלְחֶמֶת ה' וְהָרְשָׁעִים וּכְסִילִים מֵרִים קָלוֹן דֶּגֶל הַטֻּמְאָה הַחִיצוֹנִית וְאָז גּוֹרֵם לִשְׁלוֹט הַבָּאִים לְסִטְרָא דִילֵיהּ שֶׁהֵם הַגּוֹיִם. וְהַצַדִּיקִים הַקְּדוֹשִׁים מְרִימִין דִּגְלוֹ יִתְבָּרַךְ בְּאוֹתוֹתָיו וְאָז (שם) אֵלֶּה בָרֶכֶב וְאֵלֶּה בַסּוּסִים וַאֲנַחְנוּ בְּשֵׁם ה' אֱלֹהֵינוּ נַזְכִּיר הֵמָּה כָּרְעוּ וְנָפָלוּ וַאֲנַחְנוּ קַמְנוּ וַנִּתְעוֹדָד ה' הוֹשִׁיעָה הַמֶּלֶךְ הַנִּלְחַם אֶת מִלְחֲמוֹתֵינוּ הוּא יַעֲנֵנוּ. כָּתַב הָרַב רַבֵּינוּ עוֹבַדְיָה בְּרֵישׁ מַסֶּכֶת פֵּאָה דְמָצֵי אִינִישׁ לְאַפְרוּשֵׁי חֲמִישִׁית הָרֶיוַח לִצְדָקָה וְכוּ' וְסִימָנָךְ (בראשית מ''ז) וּנְתַתֶּם חֲמִישִׁית לְפַרְעֹה לְפִרָעוֹן חוֹבוֹת הַבּוֹרֵא יִתְבָּרַךְ. אִם יַרְגִּיל אָדָם לָדוּן לְכַף זְכוּת וּלְדַבֵּר תָּמִיד טוֹב וְלֹא רָע כְּלַל יִהְיֶה כְּלִי וְצִנּוֹר אֶל הַקְּדוּשָׁה וְאִם לְהֶפֶךְ בַּר מִינָן וְכֵן הָעַיִן בִּרְאוֹתוֹ חֲבֵירוֹ בְּטוֹב עַיִן הוּא יְבָרֵךְ וְיַשְׁפִּיעַ טוֹב לַחֲבֵירוֹ וְגַם יְבוֹרָךְ וּלְהַפֵּךְ לְהֶפֶךְ בַּר מִינָן דִּכְתִיב (משלי כ''ב) טוֹב עַיִן הוּא יְבוֹרָךְ וּקְרִי יְבָרֵךְ וּכְתִיב (רות ב') עֵינַיִךְ בַּשָּׂדֶה וְגוֹ' כִּדְאִיתָא בְּזֹהַר:</div>","",""